:020000040804EE
:100000000000082499020608E502060841F30408E6
:1000100047F304084DF3040853F3040800000000FC
:1000200000000000000000000000000095780408B7
:10003000E5020608000000002F7904083F79040853
:10004000E5020608E5020608E5020608E5020608DC
:10005000E5020608E5020608E5020608E5020608CC
:10006000E5020608E5020608E5020608E5020608BC
:10007000E5020608E5020608E5020608E5020608AC
:10008000E5020608E5020608E5020608E112060890
:10009000F1120608ED120608FD120608E502060830
:1000A000E5020608E5020608E5020608E50206087C
:1000B000E5020608E5020608E5020608E50206086C
:1000C000E5020608E5020608E5020608E50206085C
:1000D000E5020608E5020608E5020608E50206084C
:1000E000E5020608E502060800000000E502060831
:1000F000E5020608E5020608E5020608E50206082C
:10010000E5020608A1FF0508E5020608E502060863
:10011000E5020608E5020608E5020608E50206080B
:10012000E5020608E5020608E5020608E5020608FB
:10013000E5020608A3A90408E5020608E502060888
:10014000E5020608E50206080000000000000000C5
:10015000E5020608E5020608E5020608E5020608CB
:10016000E5020608E5020608E5020608E5020608BB
:10017000E5020608E5020608E502060800000000A0
:10018000E5020608E5020608E5020608E50206089B
:10019000E5020608E5020608E5020608E50206088B
:1001A000E5020608E5020608E5020608E50206087B
:1001B000E5020608E5020608E5020608E50206086B
:1001C000E5020608E5020608E5020608E50206085B
:1001D000E5020608E5020608E5020608E50206084B
:1001E000E5020608E5020608E5020608E50206083B
:1001F000E5020608E5020608E5020608E50206082B
:10020000E5020608E5020608E5020608E50206081A
:10021000E5020608E5020608E5020608E50206080A
:10022000E5020608E5020608E5020608E5020608FA
:100230000D42040895020608E5020608E5020608D4
:10024000E5020608E5020608E5020608E5020608DA
:10025000E5020608E5020608E5020608E5020608CA
:10026000E5020608E5020608E5020608E5020608BA
:10027000E5020608E5020608E5020608E5020608AA
:10028000E5020608E5020608E5020608000000008F
:10029000E5020608E502060810B5054C237833B9D7
:1002A000044B13B10448AFF300800123237010BD49
:1002B0000019002400000000605C070808B5034B2B
:1002C0001BB103490348AFF3008008BD00000000E4
:1002D00004190024605C0708154B002B08BF134B62
:1002E0009D46A3F5803A00218B460F461348144AD9
:1002F000121A27F035FF0F4B002B00D098470E4BFA
:10030000002B00D098470020002104000D000D486C
:10031000002802D00C4810F009F827F0D5F820008A
:10032000290009F0A5FD10F01DFA00BF000008002B
:100330000000082400000000CD9D040800190024DE
:10034000C01601242D030508000000004B1E02EB1F
:1003500000120F3110B513F8010F12F8014B8B4248
:1003600084EA00041C70F6D110BDC3095A0013447E
:1003700003EBC30383EA4000C0B2704770B5054683
:10038000FFF7F3FF0646FFF7F0FF0446FFF7EDFF28
:1003900001F00102C1F3400312FB05F213FB06F367
:1003A00050404340C1F3800010FB04F05840C0B2FD
:1003B00070BD00002DE9F04F8BB0154602F1FF39FA
:1003C0001446069302F10F0301910393CDE9040152
:1003D000631B069A9A4240F2AC80019A019B02F19B
:1003E0000F004A46013B13F8016F12F8011F8342C8
:1003F00081EA06011170F6D1049A21460020019489
:100400000127FFF7A3FF04F110030793CA461AF868
:10041000013F504AD35C8AF80030039B9A45F6D1DD
:100420006279264663786270627A6271627B637376
:100430006272A27AA378A270A27BA372A379A2713E
:10044000E27BA373E378E270E27AE273E279E3712C
:10045000E272B178043616F8043C16F8032C16F84C
:1004600001BC83EA0200029281EA0B02089382EA4D
:1004700000080992FFF779FF089B5840029B88EA21
:10048000000006F8040C83EA0100FFF76EFF029BF0
:10049000099A584088EA000006F8030C1046FFF756
:1004A00064FF4840089B88EA000006F8020C83EAD3
:1004B0000B00FFF75AFF8BEA0000079B88EA000851
:1004C00006F8018CB342C4D13846049A2146FFF79E
:1004D0003DFF7B1CDFB20A2F98D14B4613F8012F4A
:1004E0001C499A458A5C1A70F8D162792146637872
:1004F0000A20627009F11009627A6271627B63738B
:100500006272A27AA378A270A27BA372A379A2716D
:10051000E27BA373E378E270E27AE273E279E3715B
:10052000E2723446049AFFF711FF039B10330393E2
:100530004EE7069B103B1D44059B9D4207D005F1ED
:10054000100255F8041B954243F8041BF9D10BB077
:10055000BDE8F08F8EFF06082DE9F04F8DB01746ED
:10056000541E1646059302F10F03019302F1100386
:10057000CDE903010093F31B059A9A4240F21281E0
:10058000631C08AD04F1110C1868083353F8041CFF
:100590002A46634503C21546F6D1039A31460A201E
:1005A000FFF7D4FE09230293A27AA37BA273A27958
:1005B000A272A278A370A271E27AE378E270E27B81
:1005C000E372E379E271227BE373237A2272227C65
:1005D0002273227923712346227413F8012F734961
:1005E0008A5C1A70019A9A42F7D1039A31460298AE
:1005F00035460693FFF7AAFE069B95F800B00E213C
:1006000095F801A0043558460793FFF7B7FE0B2174
:1006100006905046FFF7B2FE069A15F8029C0D218F
:10062000424015F8018C4846D2B20692FFF7A6FE6A
:10063000069A092142404046D2B20692FFF79EFE3A
:10064000069A0921504005F8040C5846FFF796FE1B
:100650000E2106905046FFF791FE069A0B2142406C
:100660004846D2B20692FFF789FE069A0D21424013
:100670004046D2B20692FFF781FE069A0D21504005
:1006800005F8030C5846FFF779FE092106905046FD
:10069000FFF774FE069A0E2142404846D2B20692F7
:1006A000FFF76CFE069A0B2142404046D2B20692FA
:1006B000FFF764FE069A0B21504005F8020C5846DD
:1006C000FFF75CFE83460D215046FFF757FE8BEA8D
:1006D000000B092148465FFA8BFBFFF74FFE0E2106
:1006E0008BEA000B4046FFF749FE009B5FFA8BFB4D
:1006F0008BEA000005F8010CAB42079B7FF47DAF4D
:10070000029A013A12F0FF0202927FF44DAFA17AF1
:10071000A27BA173A179A172A178A270A171E17AE3
:10072000E278E170E17BE272E279E171217BE273D0
:10073000227A2172217C217321792271224621742F
:1007400012F8011F19489342415C1170F8D1039AC5
:1007500000203146FFF7FAFD049A049B02F10F00D6
:100760002246013B13F8015F12F8011F984281EA0B
:1007700005011170F6D108AD049A0DF1300C2B462D
:10078000083203CB634542F8080C42F8041C1D46AE
:10079000F5D1019B1034103610330193009B1033B8
:1007A0000093E8E60DB0BDE8F08F00BF8E000708AB
:1007B000F7B50B4600F1B00401F1100253F8045BE9
:1007C000934244F8045BF9D103460C7804310433B6
:1007D00003F8044C11F8034C03F8034C11F8024CD5
:1007E00003F8024C11F8014C914203F8014CECD192
:1007F00004230C30234A0DEB0304234D064600214D
:1008000016F8017B0F5501310429F9D1990717D149
:100810009DF804609DF80770965D9DF805108DF8B1
:1008200007609E089DF806C0515CAE5D12F80CC0D2
:10083000D75D71408DF805C08DF806708DF80410F5
:1008400010F80C1C01339DF8046004302C2B81EA55
:1008500006019DF80560017010F80F1C81EA060181
:100860009DF80660417010F80E1C81EA06019DF8A3
:100870000760817010F80D1C81EA0601C170BDD1BE
:1008800003B0F0BD8EFF060883FF060813F00F0FBC
:1008900001D1FFF78FBD704713F00F0F01D1FFF7A4
:1008A0005BBE704710B5054C23782BB90449054849
:1008B000FFF77EFF0123237010BD00BFE419002461
:1008C0008E0107082419002430B52DED088B83B064
:1008D0000AEE900A09EE101A874888490BEE103A82
:1008E00008EE902A9DED0EAADDED0F9A06F06CFA47
:1008F0008349814806F068FA82497F4806F064FA25
:10090000814B1B78002B00F0DB809FED808A022555
:100910007F490524784806F03FFA6AEE887A009508
:100920007548B7EEE77A53EC172B06F0D1FB7949FF
:10093000714806F031FAB7EEEA7A00946E4853EC4B
:10094000172B06F0C5FB74496B4806F03DFADFED46
:10095000737AB4EEE79AF1EE10FA40F1AF80F5EE5B
:10096000C08AF1EE10FA40F3A9806D49624806F0A2
:1009700013FA69EE087A00955F48B7EEE77A53EC10
:10098000172B06F0A5FB67495B4806F005FA68EEF1
:10099000887A00955848B7EEE77A53EC172B06F0A3
:1009A00097FB5C49544806F0F7F9B7EEC97A009412
:1009B000514853EC172B06F08BFB5A494E4806F072
:1009C000EBF9B7EEE87A00944B4853EC172B06F09E
:1009D0007FFB51494848022406F0F6F9524946483F
:1009E000052506F0D9F9B7EECB7A032342480093E8
:1009F00053EC172B06F06CFB4C493F4806F0E4F92A
:100A00004B493D4806F0C8F96AEE087A00943A4826
:100A1000B7EEE77A53EC172B06F05AFB45493648F8
:100A200006F0BAF9B7EECA7A0095334853EC172BA3
:100A300006F04EFB4049304806F0C6F93F492E48C3
:100A400006F0AAF929EE888A00942B48B7EEC87AF6
:100A500053EC172B06F03CFB3949274806F09CF96C
:100A6000B7EEE97A0095244853EC172B06F030FBDB
:100A70003449214806F0A8F933491F4806F08CF99B
:100A800000941D481AA3D3E9002306F021FB2F4947
:100A9000194806F081F9009400222D4B164806F003
:100AA00017FB2C49144806F08FF91649124803B079
:100AB000BDEC088BBDE8304006F086B9264989E7D1
:100AC00026490D4806F080F923490B4806F07CF9C9
:100AD0002349094806F078F92249074806F074F9D5
:100AE0002149054806F070F92049DBE7AFF30080A3
:100AF0009A9999999999B93F4C3C002430FD060880
:100B00005CFD060831FD06088C2F002400007A44A5
:100B100086FD060898FD06089EFD0608003C1C465A
:100B2000A2FD0608B2FD0608C9FD0608DBFD0608A1
:100B3000DEFD0608EEFD0608F4FD0608F8FD0608D1
:100B40000DFE060813FE060817FE060824FE06081A
:100B5000000008402BFE0608B6FD06082EFE06081B
:100B600043FE060858FE06086BFE060883FE0608CC
:100B700010B58CB0044605A80EF022FD01A810F0B7
:100B800053F8029A059B2046214913440B60214BE0
:100B900008991960204B21491A6028F0EDFA18B124
:100BA0001F4B1B78002B31D01E491F4806F0F4F86C
:100BB00021461D4806F0F0F81C491B4806F0ECF8E9
:100BC0000A220599184806F054F91949164806F002
:100BD000E3F80A220899144806F04BF9154912481F
:100BE00006F0DAF8059B08990A220F48C91A06F0A0
:100BF00040F911490C4806F0CFF802990A220A4838
:100C000006F037F90D49084806F0DEF80CB010BDC3
:100C10009C2F0024982F0024902F00248CF5060888
:100C2000E526002491F506084C3C00249AF50608B8
:100C3000A3F50608A5F50608B4F506086239070805
:100C4000F0B52DED068B97B0BD4CB7EE009B07A815
:100C50000EF0B6FC03A80FF0E7FF049A079BB94912
:100C60001344B948236006F0AFF8B849B64806F017
:100C7000ABF8B749B44806F0A7F8B649B24806F051
:100C80008BF8B549B04806F09FF8B449AE4806F075
:100C900083F80A2221680224AB4806F0EAF8B0493A
:100CA000A94806F091F8AF49A74806F08DF80EA8BC
:100CB0000FF098FFDDE9100124F0B4F908EE100AF6
:100CC000DDE90E0124F0AEF907EE900AA64988EEA0
:100CD000277A9D489FED98ABB7EEC77A39EE477BF0
:100CE00027EE0A7BB7EEC78B06F056F800949648BD
:100CF000B7EEC87A53EC172B06F0EAF99B499248F5
:100D000006F062F89A49904806F046F8994B8E48EA
:100D1000D3ED007A0094B7EEE77A53EC172B06F088
:100D2000D7F99549884806F04FF89449864806F067
:100D300033F8934B8448D3ED007A0094B7EEE77A0A
:100D400053EC172B06F0C4F98B497F4806F03CF8AA
:100D50008C497D4806F020F88B4B0A227A481968A6
:100D600006F087F88949784806F02EF888497648D1
:100D700006F012F8874B0A227348196806F079F8D2
:100D80008249714806F020F883496F4806F004F85C
:100D9000824B0A226C48196806F06BF87B496A4856
:100DA00006F012F87E49684805F0F6FF7D4B0A22EE
:100DB0006548196806F05DF87449634806F004F860
:100DC000794B7A49D3ED006A794BF8EE666A5E4852
:100DD000D3ED007AF8EE677A86EEA77AB7EEC77A97
:100DE00039EE479B05F0D8FF0123574829EE0A9BAF
:100DF0000093B7EEC99BB7EEC97A53EC172B06F0F8
:100E000067F95A49504805F0DFFF6A4B1B78002B01
:100E100000F04A81684D69494B4805F0BDFF9FEDE0
:100E2000688AD5ED007A484867EE887A0094654F65
:100E3000B7EEE77A53EC172B06F04AF962494248BD
:100E400005F0AAFFD5ED007A05253F48B7EEE77A11
:100E5000009553EC172B06F03BF95C493A4805F036
:100E6000B3FF97ED007ADFED5A7AB4EEE77AF1EE50
:100E700010FA40F11781574ED6ED007AF5EEC07AA0
:100E8000F1EE10FA40F30E8153492F4805F084FF2C
:100E9000D7ED007A2C4867EE887A0094B7EEE77AAF
:100EA00053EC172B06F014F94C49274805F074FF52
:100EB000D6ED007A244867EE887A0094B7EEE77A98
:100EC00053EC172B06F004F93F491F4805F064FF67
:100ED000D7ED007A1C48B7EEE77A009553EC172B54
:100EE00006F0F6F83D49184805F056FFD6ED007AB1
:100EF0001548B7EEE77A009553EC172B06F0E8F8A3
:100F00003249374D0224104805F05EFF35490E483E
:100F100005F042FFD5ED007A0B4867EE887A009421
:100F2000314EB7EEE77A53EC172B06F0D1F82F4984
:100F3000054805F031FF5BE000000000000059406B
:100F40009C2F002430FD06084C3C002443F9060881
:100F500031FD06086DF9060879F906088AF90608D0
:100F60006239070896F90608B7F90608C3F90608B2
:100F7000C5F90608EC190024DAF90608DFF90608B5
:100F8000E8190024F4F90608EC2600240CFA0608F7
:100F900015FA0608E02600242DFA0608E8260024A3
:100FA00042FA0608DC2600241422002457FA060818
:100FB000202600248C2F0024F019002486FD06082A
:100FC00000007A440C00002498FD06089EFD0608E7
:100FD000003C1C461C220024A2FD0608B2FD0608A7
:100FE000F4190024DEFD060840260024EEFD060864
:100FF000D5ED007A05253848B7EEE77A009553EC31
:10100000172B06F065F83549334805F0DDFE344905
:10101000314805F0C1FED6ED007A2F4827EE888AC8
:101020000094B7EEC87A53EC172B06F051F82D490F
:10103000294805F0B1FED6ED007A2748B7EEE77AE9
:10104000009553EC172B06F043F82749224805F08A
:10105000BBFE2649204805F09FFE00941E481CA3B5
:10106000D3E9002306F034F821491B4805F094FE2B
:10107000009400221F4B184806F02AF81E49164813
:1010800005F0A2FE1D49144805F09EFE1C491248B9
:1010900005F09AFE1B49104805F096FE17B0BDEC0E
:1010A000068BF0BD18492CE718490B4805F08CFE5B
:1010B0001549094805F088FE1549074805F084FEE2
:1010C0001449054805F080FE1349D8E7AFF30080C6
:1010D0009A9999999999B93F4C3C0024F4FD0608D6
:1010E000F8FD06080DFE060813FE060817FE0608A2
:1010F00024FE0608000008402BFE06086BFA0608CE
:1011000086FA060831FD0608B6FD06082EFE06081A
:1011100058FE06086BFE060883FE060838B5012156
:1011200005460024192006F041FB0121182006F095
:101130003DFBAC420FDA0021172006F037FBC82038
:1011400006F020FA01211720013406F02FFBC820F9
:1011500006F018FAEDE738BD38B501210546002440
:10116000172006F023FB0121192006F01FFBAC42DB
:101170000FDA0021182006F019FBC82006F002FA49
:1011800001211820013406F011FBC82006F0FAF9FD
:10119000EDE738BD144B1B7870B506460D46144676
:1011A0002DED028BD3B1114803F0EEFD9FED108AB7
:1011B00007EE900A0D48C7EE887AC6ED007A03F074
:1011C000CBFD2860094803F0F0FD07EE900AC7EE5A
:1011D000887AC4ED007ABDEC028B70BD054B0360CC
:1011E0000B601360F7E700BF8C2F0024602F0024F2
:1011F00000007A440000C07F0F4B10B51B7886B00A
:101200000E4C0394049405947BB105AA04A903A889
:10121000FFF7C0FF059B039A00931146049B1046FD
:101220000194FFF751FB06B010BD019423460094D2
:10123000224621462046F4E78C2F00240000C07F80
:101240002DE9F843044600EB0108DFF844900E4D09
:101250000E4E444512D0237827460F2B03D849461B
:10126000284605F099FD397810222846013405F00A
:101270000DFE3146284605F08FFDEAE70248BDE83D
:10128000F84305F091BD00BF4C3C0024F6F8060879
:10129000E652070838B5451E00F10F044FF4807080
:1012A00005F034FC05F8010FA542F7D138BD70B543
:1012B00002F10F040E461546014624F00F04304695
:1012C00026F050FE631B354413F0FF0304BF1034B7
:1012D0001023AA1B944202D905F8013BF9E72046E6
:1012E00070BD00003B4B2DE9F04F9146A1B01A783C
:1012F0008B460290039312B13748FFF739FCB9F5DA
:10130000806F08D900253549354805F05DFD284630
:1013100021B0BDE8F08F334B1B780BB9FFF7C2FA51
:10132000002508AEDFF8C4A006F020F92F46009093
:1013300004AC01372046FFF7ADFFA4465A4663468A
:10134000083203CBB34242F8080C42F8041C9C4616
:10135000F5D10BF1100894E80F0086E80F004A461B
:101360000299404626F0FEFD06F000F942464B4643
:10137000314601905046FFF789FA0DF1300806F02A
:10138000F5F8019BC01A054494E80F0088E80F00A7
:10139000402200210DEB020026F0E2FE40234146F0
:1013A00050460DEB0302FFF705F806F0DFF8009B4F
:1013B000C01A63280BD9022FBADD039B1B78B5FB3B
:1013C000F7F5002BA3D00848FFF7D2FB9FE7142FB7
:1013D000AED1F2E7E526002400FF06081AFF060852
:1013E0004C3C0024E419002449FF06082419002479
:1013F000344B2DE9F04F90469BB01A7881468A46CF
:10140000019312B13048FFF7B3FBB8F5806F08D9EC
:1014100000242E492E4805F0D7FC20461BB0BDE81D
:10142000F08F2C4B1B780BB9FFF73CFA002409F125
:10143000100B06F09BF80090254602AA01354B469A
:1014400017461868083353F8041C16465B4503C654
:101450003246F6D142465946504626F083FD06F004
:1014600085F806464346524639461B48FFF714FAAC
:1014700006F07CF8801B06AE044497E80F0086E86F
:101480000F00402200210AA826F06AFE40230AAA83
:1014900031461148FFF760F806F068F8009BC01A63
:1014A00063280BD9022DC8DD019B1B78B4FBF5F432
:1014B000002BB2D00948FFF75BFBAEE7142DBCD17F
:1014C000F2E700BFE52600249DFE0608B7FE0608E9
:1014D0004C3C0024E419002424190024E6FE0608EC
:1014E0002DE9F04F2DED0E8BADF23C5D02468946A5
:1014F0006E4915901EA827F019F96D491EA825F010
:10150000C9F90546A8B96B496B4805F045FC1EA909
:10151000694805F059FC6949694805F055FC012006
:10152000FFF7FCFD00200DF23C5DBDEC0E8BBDE82D
:10153000F08F0222002125F0E5FB284625F08EFDE4
:101540000022804628461146DFED5E8A25F0DAFB50
:10155000B8F5806F08F1FF365B4934BF43464FF45E
:101560008063554800271E440F939FED58AAF0EE64
:10157000689AB0EE68BA3C46F0EE68AA9FED548ACD
:10158000F0EE4ABAB6FBF3F606FB09F3169305F044
:101590001BFC5049484805F017FC4F49464805F0E8
:1015A00013FC4E49444805F0F7FB0A2249464248DD
:1015B00005F053FC4A49404805F006FC49493E48BD
:1015C00005F0EAFB15993C4805F0E6FB46493A4828
:1015D00005F0E2FB0A224146374805F059FC434931
:1015E000354805F0D9FB0A223146334805F050FC56
:1015F0003F49314805F0E8FB3E492F4805F0E4FB40
:10160000FFF750F905F0A0FF00211890192006F00F
:10161000CDF80A2310977343CDE912771793B94594
:1016200040F3848100224FF0000B2846114625F03C
:1016300069FBCDF844B0119B984540F240815E456E
:1016400000F03D81A8EB030A0F9B01212A489A452F
:1016500028BF9A462B46524625F0FEF9504555D0F4
:101660000F902649144805F0AFFB2549124805F0B4
:1016700093FB0A225146104805F00AFC21490E4806
:1016800005F08AFB0F9B0A220B48194605F000FC67
:10169000284624F0DDFE0121192006F087F81A49BA
:1016A000074805F091FB04203AE700BFD1F1060896
:1016B000D8F10608DBF106084C3C0024EBF10608E3
:1016C000A43800240000000030FD0608003C1C4641
:1016D00000007A44F9F1060831FD060824F20608F4
:1016E0004FF206085EF206080CF8060866F20608D5
:1016F0006FF2060878F20608602B002492F20608C2
:10170000B4F20608BEF20608CBF20608119A0BF1F5
:10171000010B149001340244119205F027FF149B31
:10172000824675491A4675481993FFF7DBFD05F0A7
:101730001DFF129BA0EB0A0A4FF4806200214EA805
:101740005344129326F00CFD05F010FF199B4EA98F
:1017500014901A466848FFF74BFE05F007FF149BEC
:101760001CA9C31A1BA81493DDE9133213441DAA44
:101770001393FFF70FFD9DED1B7AB4EE477AF1EE60
:1017800010FA23D6DDED1C6ADDED1D7AF4EE666AF3
:10179000F1EE10FA1AD6F4EE677AF1EE10FA15D6D9
:1017A000B4EE4A7A109B7AEE87AA3BEE26BA013352
:1017B000F1EE10FAB4EE687A109379EEA79A48BF6A
:1017C000B0EE47AAF1EE10FA77FE288A9DED1D6A69
:1017D00027EE085A9DED1C4AB7EEC77A26EE083A66
:1017E000474BB7EEC55AB7EEC44A1B78B7EEC33ABB
:1017F000B7EEC66A8DED0A3B8DED0C6B8DED084B97
:101800008DED067B8DED045B002B4CD0149B80216D
:10181000CDF800B02EA83B4ACDE901A33B4626F007
:101820003DFF2EA9384805F0CFFA2EA9374805F01C
:10183000CBFAB4FBF6F306FB134343B10A22B4FB25
:10184000F2F302FB134333BB2D4B1B781BBB304918
:101850002D4805F0A1FA179B179AB4FBF3F302FB8E
:10186000134313B1169BA34215D12A49264805F00C
:1018700093FA0A222146244805F0FBFA2649224819
:1018800005F08AFA16990A221F4805F001FB234940
:101890001D4805F099FA6FEA0B01182001F00101CB
:1018A00005F084FFC7E6149B8021CDF800B02EA878
:1018B000144ACDE901A33B4626F0F0FEB5E7104BF4
:1018C00001371B78002B3FF4AAAE15490E4805F0EE
:1018D00063FA0A2239460C4805F0BFFA11490A4852
:1018E00005F05AFA49460A22074805F0B6FA0E49A9
:1018F000054805F069FA92E6F0260024602B0024E2
:10190000E4260024D6F206084C3C0024A438002427
:10191000DDF4060897F50608A3F50608CF3B07088F
:1019200020F306082BF3060830F30608284624F0B7
:101930008FFD0121192005F039FF0121182005F044
:1019400035FF05F001FE07EE904A9DED127AF8EEA4
:10195000677A189BB8EE477AC71A109B87EE27EA7A
:101960009DED137AB8EE477A9FEDBD6B87EE278A1F
:10197000DDED0F7AB8EEE77B27EE067BB7EECEDA29
:1019800087EE0D6BB7EEC8CAFCEEC66B16EE905A2A
:1019900087EE0C6BFCEEC67B17EE904A002B00F036
:1019A000878207EE903AF8EEE77A9FEDAF6BC9EECB
:1019B000A79ACAEEA7AA8BEE27BA07EE907AB8EEDE
:1019C000675B85EE067BB7EEE96A27EE067BB7EE2E
:1019D000C79BA949A94805F0F7F9A949A74805F007
:1019E000F3F9A849A54805F0EFF9A749A34805F080
:1019F000D3F91599A14805F0CFF9A4499F4805F0FE
:101A0000CBF90A2241469D4805F042FAA0499B487D
:101A100005F0DAF99F49994805F0BEF90A224946CE
:101A2000964805F01AFA9C49944805F0B5F90A223F
:101A30003146924805F02CFA984990484EAE05F090
:101A4000C3F997498D4805F0A7F90A2212998B48E6
:101A500005F00FFA9349894805F0B6F9924987488D
:101A600005F09AF90A221399844805F002FA8D4983
:101A7000824805F0A9F98D49804805F08DF90A22C0
:101A800039467E4805F0F5F989497C4805F09CF90E
:101A900030460FF0A7F8874FD6E9020123F0C2FACB
:101AA0000EEE900AD6E9000123F0BCFA07EE900A88
:101AB000814902268EEEA77A7048B7EEC76AB7EE64
:101AC000007B37EE467B9FED6A6B27EE067BB7EE19
:101AD000C77B87ED007A05F05FF9D7ED007A67489C
:101AE000B7EEE77A009653EC172B05F0F1FA73493D
:101AF000624805F069F97249604805F065F9714975
:101B00005E4805F049F900965C4853EC1D2B05F042
:101B1000DFFA6449594805F057F96B49574805F011
:101B20003BF90096554853EC1C2B05F0D1FA5D4962
:101B3000524805F049F96549504805F045F96449AE
:101B40004E4805F029F90A2229464C4805F091F93A
:101B500060494A4805F038F95F49484805F01CF9E2
:101B60000A222146454805F084F95A49434805F0C0
:101B70002BF95A4B0F9A83ED00EA594B3E4983EDFE
:101B8000008A584B3D481D60574B1C60574B1D60E9
:101B9000574B1C60574B1A60574B1A60574BC3ED9D
:101BA00000AA574B83ED00AA564BC3ED008A564B53
:101BB00083ED00BA554BC3ED009A554B83ED009A67
:101BC00005F002F953492D4805F0FEF82D492B4840
:101BD00005F0FAF8504B1B78002B00F06E81109B3B
:101BE000002B00F06A819FED4D8A05244C49234863
:101BF00005F0D2F86AEE887A00962048B7EEE77AC8
:101C000053EC172B05F064FA46491C4805F0C4F85C
:101C1000B7EEEA7A0094194853EC172B05F058FAFE
:101C20004149164805F0D0F8B4EEEBAAF1EE10FAEF
:101C300040F14181F5EEC08AF1EE10FA40F33B81AC
:101C40003A490E4805F0A8F86AEE087A00960B4863
:101C5000B7EEE77A53EC172B05F03AFA68E000BFCD
:101C60000000000080842E410000000000408F40F2
:101C7000000000000000594030FD06084C3C0024E4
:101C80003BF3060831FD06085EF206080CF806086C
:101C900065F306086DF3060884F30608CD1B0708F4
:101CA00095F30608DAF90608ADF30608C5F3060849
:101CB000D7F30608D8260024B7F90608C3F90608A2
:101CC000DBF30608F8F3060807F4060816F406081E
:101CD000F4F906080CFA060815FA0608EC190024AF
:101CE000E8190024EC260024E0260024E82600243D
:101CF000DC2600241422002420260024F0190024CD
:101D00000C0000241C220024F8190024F4190024DB
:101D1000402600245CFD06088C2F002400007A4435
:101D200086FD060898FD06089EFD0608A2FD060829
:101D30006F49704805F030F868EE887A00966D4873
:101D4000B7EEE77A53EC172B05F0C2F96A496948F8
:101D500005F022F8B7EECA7A0094664853EC172BC8
:101D600005F0B6F96249634805F016F8B7EEE87A6F
:101D70000094604853EC172B05F0AAF95F495D48C1
:101D8000022405F021F85E495A48052505F004F8BB
:101D9000B7EECB7A03235748009353EC172B05F08B
:101DA00097F95849534805F00FF85749514804F03E
:101DB000F3FF69EE887A00944E48B7EEE77A53EC69
:101DC000172B05F085F951494A4804F0E5FFB7EEB5
:101DD000E97A0095474853EC172B05F079F94C49FF
:101DE000444804F0F1FF4B49424804F0D5FF29EE86
:101DF000088A00943F48B7EEC87A53EC172B05F0D9
:101E000067F945493B4804F0C7FFB7EEC97A00952A
:101E1000384853EC172B05F05BF94049354804F07E
:101E2000D3FF3F49334804F0B7FF009431482EA355
:101E3000D3E9002305F04CF93A492E4804F0ACFFF1
:101E400000940022384B2B4805F042F937492948C5
:101E500004F0BAFF3649274804F0B6FFFEF7F0FE5B
:101E60003449244804F0B0FF3349224804F0ACFF61
:101E70002F49204804F0A8FF30491E4804F08CFF89
:101E80000A2241461B4805F003F82D49194804F081
:101E900083FF0A224946174804F0DFFF2949154805
:101EA00004F092FF0320FFF757F90120FFF73BBB37
:101EB0009FED259A8DE5254961E725490D4804F0F8
:101EC00083FF22490B4804F07FFF2249094804F0B0
:101ED0007BFF2149074804F077FF2049054804F0BB
:101EE00073FF1F49B3E700BF9A9999999999B93F30
:101EF000B2FD06084C3C002498FD06089EFD06082D
:101F0000C9FD0608DBFD0608DEFD0608EEFD060835
:101F1000F4FD0608F8FD06080DFE060813FE060887
:101F200017FE060824FE0608000008402BFE0608DF
:101F300031FD060830FD06082CF4060857F40608A3
:101F400062F406086DF4060800000000B6FD0608FD
:101F50002EFE060843FE060858FE06086BFE06081D
:101F600083FE060830B571B1431813F8013C5A1EC0
:101F70000F2A08D8CC1A0219151AA94205D912F845
:101F8000015BAB42F8D0084630BD2146FBE7013883
:101F9000002210B510F8013F8C1833B1202BF9D076
:101FA000092BF7D001322370F4E7237010BD000035
:101FB00010B5C4B0044610220021684626F0D0F8BF
:101FC00004A92046FFF7E3FF2C4904A827F0D4F822
:101FD00098B92B4904A827F0CFF870B9294904A86B
:101FE00027F0CAF848B9284904A827F0C5F820B94D
:101FF000264904A827F0C0F8B8B11E242449684631
:1020000026F0ECFD3D2104A826F0F8FB50B1437802
:102010003F2B07D06946013026F076FC002818BF18
:102020004FF0FF34204644B010BD1A4904A827F0F1
:10203000A3F828B11849684626F0D0FD0A24E1E744
:10204000164904A827F098F80028F3D1144904A8E9
:1020500027F092F828B11349684626F0BFFD1424F2
:10206000D0E7114904A827F087F828B10F4968463E
:1020700026F0B4FD1924C5E70446D3E761F7060846
:102080006AF7060871F706087AF7060881F7060866
:10209000E504070889F7060890F706088DF7060893
:1020A00093F7060897F706089AF70608A0F70608B8
:1020B0000E4B10B51C781CB1BDE81040FFF710BAEC
:1020C0000B490C4804F080FE0B490A4804F07CFEE2
:1020D0000A49084804F078FE0949064804F074FEED
:1020E0000220FFF71BF8204610BD00BF942F0024EC
:1020F00030FD06084C3C002479F4060831FD060842
:10210000A4F406082DE9F0415749BCB0574804F043
:102110005BFE5749554804F057FE5649534804F0B2
:1021200053FE5549514804F04FFE54490CA8FEF7A0
:102130003FFB534B04AA03F11006154637461868B7
:10214000083353F8041C1446B34203C42246F6D1A4
:102150004C4B6A4603F1100C1E4690461868083333
:1021600053F8041C1446634503C42246F6D11023D9
:10217000424629460CA8FEF71DF943493B4804F0A6
:1021800023FE10213F48FFF75BF84049374804F031
:102190001BFE10214046FFF753F83D49334804F039
:1021A00013FE10213B48FFF74BF80023394A18F87B
:1021B0000300995C88424BD10133102BF7D10124E5
:1021C0002F4BAC461868083353F8041C6246BB42D8
:1021D00003C29446F6D12F4B08AA03F1100C904687
:1021E0001868083353F8041C1746634503C73A467A
:1021F000F6D11023424629460CA8FEF7ADF9264930
:102200001A4804F0E1FD10214046FFF719F8204973
:10221000164804F0D9FD10211A48FFF711F80023E1
:1022200018F80310F25C914214D10133102BF7D14E
:1022300084B11A490D4804F0C7FD0220FEF78CFF57
:102240000C490A4804F0C0FD20463CB0BDE8F081CE
:102250000024B5E712490024044804F0B5FD052028
:10226000FEF75CFFECE700BF30FD06084C3C0024A5
:10227000DFF4060831FD060809F506089E01070887
:102280008E01070863FF060837F5060842F50608C1
:102290004DF5060873FF060857F5060862F50608AF
:1022A00079F506082DE9F04105463D488846FEF7D8
:1022B0005FFC29463B4804F0BBFFAA683A4F531E17
:1022C0003A60B3F57C7F05D338493948BDE8F04121
:1022D00004F07ABD374900242868FEF7E8FF364B42
:1022E000364E1C60364B3060C3F80080354B1C60A6
:1022F000354B1C60354B1C60FEF7D4FA0023344A82
:1023000034491360344A1460344A1360344A136009
:10231000344A1160344A1360344A1360344B1C60F1
:1023200005F012F9334B012233491860334B204832
:102330001A7004F049FD32491D4804F045FD314949
:102340001B4804F041FD3049194804F025FD0A22DC
:102350004146174804F05FFD2C49154804F034FD50
:102360002B49134804F018FD2946114804F00FFDCD
:1023700028490F4804F010FD0A2239680C4804F07F
:1023800087FD25490A4804F007FD0A2231680848FC
:1023900004F07EFD2149064804F016FD204994E72B
:1023A000A3F706082C26002414220024B4F70608FC
:1023B0004C3C002420220024FC1900242026002468
:1023C000482600243C2600243826002444260024E5
:1023D00040260024003C1C4610220024F019002452
:1023E0001C2200240C000024F8190024F4190024F5
:1023F000182200242426002430FD06082826002464
:10240000F9F1060831FD0608C8F70608F2F70608D4
:1024100002F806080BF806080FF8060865F3060828
:1024200022F80608000000002DE9F04F2DED068B84
:102430008DB005F089F8C44B1B68C31A04A809EED7
:10244000103A0EF0CFFBDDE9060122F0EBFD08EEBD
:10245000100ADDE9040122F0E5FD07EE900ABB4B0E
:1024600088EE277AB7EE008B9FEDB1ABB7EEC77A57
:1024700038EE477B27EE0A7BB7EEC77B83ED007A09
:10248000B34B1B68002B25DD07EE903AB14BB8EE3D
:10249000494BF8EEE77AD3ED006A9FEDA75B86EE35
:1024A000A77A83ED007AAC4BD3ED006A86EEA77A6B
:1024B00083ED007AA94B93ED007AC7EE276A84EE8C
:1024C000057BC3ED006AA64BB7EEC77B27EE267AE5
:1024D00083ED007AA34BA44D93ED007AD5ED007AFD
:1024E000B8EE477AA14FF8EEE77AA14CDFF8F8B2E0
:1024F000A04E87EE274A97ED007ADFF8F092DFF8DA
:10250000F0A203939C4BB8EE477A9C4ADFF8E48232
:102510009B4987EE275AD4ED007A9A48B8EE676B4C
:102520009FED872B8BED004AB7EEC44A26EE026B77
:1025300086EE047B8AED005AB7EEC55A86EE053B5F
:10254000BCEEC77BD6ED007A89ED007AB8EE677BEA
:1025500027EE027BBCEEC33B87EE046B88ED003AAE
:10256000BCEEC66B83ED006A87EE056BBCEEC66BF6
:1025700082ED006A04F028FC8349824804F024FCC0
:102580008249804804F020FC81497E4804F004FC24
:1025900080497C4804F0FBFB7F497A4804F0FCFB4F
:1025A0000A223168774804F073FC7C49754804F0CE
:1025B000F3FB0A222168734804F06AFC78497148E9
:1025C00004F002FC77496F4804F0E6FB0A22296810
:1025D0006C4804F020FC6B4804F0E6FB7249694843
:1025E00004F0DAFB039B0A226648196804F041FCF8
:1025F0006E49644804F0E8FB6D49624804F0CCFB86
:102600000A22396802275F4804F033FC67495D48B5
:1026100004F0DAFB67495B4804F0BEFB0A2219EEBE
:10262000101A584804F025FC6349564804F0CCFBC6
:102630006249544804F0B0FB444B5248D3ED007A51
:102640000097B7EEE77A53EC172B04F041FD5C4995
:102650004C4804F0B9FB5B494A4804F0B5FB5A49C1
:10266000484804F099FBDBED007A0097B7EEE77A73
:10267000444853EC172B04F02BFD4C49414804F01F
:10268000A3FB52493F4804F087FBDAED007A00973C
:10269000B7EEE77A3B4853EC172B04F019FD43499A
:1026A000384804F091FB4A49364804F08DFB49490B
:1026B000344804F071FB0A22D9F80010314804F0C4
:1026C000D8FB45492F4804F07FFB44492D4804F0CE
:1026D00063FB0A22D8F800102A4804F0CAFB3E49DE
:1026E000284804F071FB3E49264804F055FB224B74
:1026F0000A222448196804F0BCFB3749214804F039
:1027000063FB38491F4804F047FB1C4B0A221D4855
:10271000196804F0AEFB30491A4804F055FBD6EDB9
:10272000006AD4ED007AF8EE666A65E0AFF30080E7
:1027300000000000000059400000000000408F40F1
:102740000000000080842E4124260024D826002486
:1027500010220024F0190024F8190024F419002490
:10276000402600243C260024482600243826002445
:102770002026002414220024E8260024DC2600243D
:1027800030FD06084C3C00243BF3060831FD0608EA
:1027900041F806082C2600240BF806080FF8060856
:1027A00065F306086DF3060895F30608DAF90608DE
:1027B000ADF306084FF80608D7F3060866F80608D2
:1027C000C3F90608DBF30608F8F3060807F4060861
:1027D00016F40608F4F906080CFA060815FA0608B5
:1027E0002DFA060842FA0608EC190024EC2600240B
:1027F000E8190024E02600246949F8EE677A694860
:1028000086EEA77AB7EEC77A38EE478B04F0C4FAA3
:102810000123644828EE0A8B0093B7EEC88BB7EE0D
:10282000C87A53EC172B04F053FC5F495D4804F061
:10283000CBFA5E495B4804F0C7FA5D49594804F099
:10284000C3FA5C49574804F0BFFA5B4B1B68002B86
:1028500040F39F80594B1B78002B00F09A80584B17
:10286000584A1B6858490193584B59481B680093B4
:10287000584B12681B6809680068574EFEF724F829
:102880003368002B33D04949464804F09DFA534938
:10289000444804F099FA4749424804F095FA5049EF
:1028A000404804F079FA0A2231683E4804F0E1FA1F
:1028B0004C493C4804F088FA4B493A4804F06CFA19
:1028C00096ED007AD5ED007A0223B8EE477A3548C6
:1028D000F8EEE77A0093C7EE276AB7EEE67A53EC94
:1028E000172B04F0F5FB3F492E4804F06DFA2F49F1
:1028F0002C4804F069FA3D492A4804F065FA2D494C
:10290000284804F061FA3A49264804F045FA21685B
:1029100038481031202928BF2021FEF791FC364984
:10292000204804F039FA35491E4804F04DFA2821B0
:10293000324825F063FFE0B12921304825F05EFFE1
:10294000B8B13D212D4825F059FF90B13F212B48CA
:1029500025F054FF68B12948FFF72AFB044640B12F
:102960002749104804F018FA0A2221460D4804F0BD
:1029700076FAFEF765F92348FEF7FAF8224B0022B3
:1029800003201A70FEF7E8FB0DB0BDEC068BBDE826
:10299000F08F1E4B01931A460093194618466CE7B8
:1029A00057FA06084C3C0024C3F9060830FD060817
:1029B0005CFD060831FD0608102200248C2F00243F
:1029C000402600241C2200240C000024F4190024BA
:1029D000F0190024F81900244426002472F806088F
:1029E0009CF80608DAF90608B4F80608CEF80608D6
:1029F000F8F80608001E00241AF90608001A002438
:102A000026F9060833F90608282600240000C07FAE
:102A10002DE9F04F9A4E4FF000089A4C3568C146A8
:102A20002368994FED1ADFF8BCA2642D2DED028BBF
:102A3000A8BF6425ADF21C4DA84534DA3A6851466A
:102A40009248FEF74FFC924A136803441360914B7F
:102A50001A68824294BF1A6018608F4B1A688242CB
:102A60002CBF1A6018604FF4FA72236893FBF2F1DE
:102A700002FB1133002B40F03B810DF1180B3A683B
:102A8000504603935946FEF7B3FC3A68039B7F49CF
:102A90009A4200F02D811BF803C0585C844540F039
:102AA00023810133F4E7B9F1000F7FD07B497C48E3
:102AB00004F072F9216842F2107291FBF2F302FB0A
:102AC0001313002B72D17749754804F065F90A2277
:102AD0002168734804F09FF97349714804F05CF968
:102AE0000A2231686E4804F096F970496C4804F087
:102AF0006BF9694B674AB6EE003B1B681268991A7E
:102B000013446B4A06EE103A04EE101A694BB8EE05
:102B1000466B1268B8EE444A1B6826EE036B991A9E
:102B20001344B7EEC44A07EE103AB8EE477B84EE82
:102B3000065B27EE037B9FED504B25EE045BF7EE23
:102B4000C58B05EE101AB8EE455AB7EEC55A85EE9C
:102B5000076BF2EE047AF4EEE78AF1EE10FA26EE55
:102B6000046BB7EEC68B04DCB4EEE78AF1EE10FA24
:102B70001CDD514901254A4804F00EF9B7EEE87A08
:102B80000095474853EC172B04F0A2FA4B494448F0
:102B900004F002F9B7EEC87A0095414853EC172BC0
:102BA00004F096FA46493E4804F00EF9454D04F00B
:102BB000CBFC07462B68C31A632B4ED9424B1B78BC
:102BC000002B4AD006AA05A904A8FEF7E3FADDED1A
:102BD000047AF4EE677AF1EE10FA3ED69DED056ABE
:102BE000B4EE466AF1EE10FA37D6DDED066AF4EE81
:102BF000666AF1EE10FA30D6344B354A93ED007A1E
:102C00002F6037EE277A83ED007A324B93ED007A0E
:102C100037EE067A83ED007A2F4B93ED007A37EE8C
:102C2000267A83ED007A2D4B93ED007AF4EE477A05
:102C3000F1EE10FA37FE877A83ED007A284B93ED98
:102C4000007AF4EE477AF1EE10FA48BFB0EE677AF8
:102C500083ED007A136801331360226833689A4267
:102C600001DBFFF7E1FB0DF21C4DBDEC028BBDE873
:102C7000F08F00BFAFF3008000000000000059405B
:102C800048260024FC1900242026002420220024A9
:102C90003C2600240800002420190024DDF4060846
:102CA0004C3C002497F50608A3F50608CF3B07081F
:102CB000040000241C190024DDFC0608F9FC0608A9
:102CC000C3F90608182200248C2F0024F0190024D0
:102CD00010220024F8190024F41900241C220024D6
:102CE0000C000024001E00242E492F4804F06CF82C
:102CF000DFF8CCB050463A685946FEF779FB2B4ACC
:102D00003968136803441360294B1A68824294BFE0
:102D10001A601860274B1A6882422CBF1A6018602C
:102D20005846FFF71FF900232B210BF800305846B7
:102D300025F064FDC0B92D21584625F05FFD98B9F6
:102D40002A21584625F05AFD70B92F21584625F002
:102D500055FD48B91849584626F00EFA20B91749CA
:102D6000584626F009FA68B104F000FC834614487E
:102D7000FFF71EF904F0FAFB124A13681844A0EB9F
:102D80000B00106023684FF47A7108F101080133D9
:102D900093FBF1F2236001FB1233002B08BF4FF0CD
:102DA000010949E606FD06084C3C002438260024AB
:102DB000040000241C190024CDFC0608D4FC0608DD
:102DC000001A002444260024024B1B780BB1FFF7A5
:102DD0001FBE70472826002438B5134D134C2846D3
:102DE00001F018FC2846124D224612490DF09CFABB
:102DF00000221149284613F0CBFA22460F492846F3
:102E00000DF092FA0E4B0F4A0F4DDA6040220F4937
:102E100028461A6104F0DBF9224628460C49BDE831
:102E200038400DF081BA00BF502600240000002475
:102E3000042B002411450408C6F006087D6105082E
:102E4000602F0024A02F00242C26002470210708C6
:102E5000397104082DE9F04F7749A9B0774803F09C
:102E6000B3FF7749754803F0AFFF7649734803F025
:102E7000ABFF754B1B784BB97449704803F0A4FF46
:102E80000220FEF74BF929B0BDE8F08F70480DF035
:102E9000EDFC804648B96F49684803F095FF6E49DC
:102EA000664803F091FF0320EBE700246B49634879
:102EB00025462746DFF8E89103F086FFDFF8E4A116
:102EC000DFF8E4B166495D4803F07EFF40460DF04F
:102ED000CFF90646002859D0494625F015FD0028AF
:102EE000F4D05146304625F00FFD0028EED059466B
:102EF000324602A825F01AFC12A902A80DF0CCF95E
:102F000000283AD1139B03F47043B3F5804F09D1E5
:102F100054490135494803F03FFF3146474803F023
:102F200053FFD3E73146454803F036FF4E49434847
:102F300003F032FF16990A22B1F5806F0EDA3F488E
:102F400003F069FF49493D48013703F025FF48492F
:102F50003A4803F039FF169B1C44B7E7B1F5801FD0
:102F600005DA1141354803F056FF4249EBE70915F0
:102F7000324803F050FF4049E5E740492F4803F04D
:102F80000BFF31462D4803F01FFF9FE740460DF031
:102F9000A3FC3349294803F017FF1FBB05B329469B
:102FA0000A22264803F059FF3549244803F00CFF54
:102FB0003449224803F0F0FE334801F03CF90A237B
:102FC000020D1E4800930B0D42EA013203F0E0FFB0
:102FD00029491A4803F0F8FE0120FEF7BDF852E730
:102FE0002A49E2E70A223946144803F036FF284905
:102FF000124803F0D1FEB4F5806F4FF00A020ADAEE
:1030000021460E4803F007FF22490C4803F0DCFE7E
:10301000002DCDD0C3E7B4F5801F06DA44FA02F1E3
:10302000064803F0F8FE1C49EFE72115034803F0BA
:10303000F2FE1A49E9E700BF30FD06084C3C0024C7
:1030400078F0060831FD0608942F0024A2F0060847
:10305000C5F00608C9F00608EAF0060805F10608FA
:1030600027F1060851F106080CF8060858F1060881
:10307000CD1B07085BF106085FF1060863F106083F
:103080006AF10608C5F10608502600247AF1060800
:1030900099F10608A4F10608B1F10608BBF106088B
:1030A000DDF4060807FC0608D1F1060873B5012116
:1030B000172004F0F7FA01211820484D04F0F2FA25
:1030C0000121192004F0EEFA0121172004F06EFB13
:1030D0000121182004F06AFB0121192004F066FB8D
:1030E0003F49404803F070FE3F493E4803F06CFE04
:1030F0003E493C4803F068FE2B7843B13C493948CF
:1031000003F062FE3B4812F02FFE00232B703A4979
:10311000344803F059FE394801F016FA044688B1E4
:103120003749304803F038FE0A2221462D4803F083
:1031300096FE34492B4803F047FE0320FDF7EEFFCF
:1031400000202BE030490A26264803F03DFE2F4997
:10315000244803F021FE294801F06DF80096020D85
:1031600020480B0D42EA013203F012FF28491D48A6
:1031700003F02AFE27491B4803F026FE1F491D487D
:1031800012F068FD044658B923490124154803F09C
:103190001BFE02202C70FDF7DFFF204602B070BD41
:1031A0001E49104803F0F8FD324621460D4803F051
:1031B00056FE1B4B9C4204D0033B9C4201D0023480
:1031C00009D11849074803F0FFFD1749054803F0E6
:1031D000FBFD0220B2E71549F8E700BF942F002459
:1031E00030FD06084C3C0024C8F5060831FD0608F1
:1031F000F3F50608042B002421F6060850260024C7
:1032000005FB060839F6060873F60608C5F1060838
:103210005FF1060891F60608A8F60608C9F6060842
:1032200073ECFFFFEDF6060814F7060838F70608FA
:1032300037B54FF4E131594802F0B8F940F6B830EB
:1032400004F0A0F901211720554D04F02BFA0121BB
:10325000182004F027FA0121192004F023FA012193
:10326000172004F0A3FA0121182004F09FFA01218D
:10327000192004F09BFA4B49484803F0A5FD4A4940
:10328000464803F0A1FD4949444803F09DFD4FF431
:10329000E131474802F08AF94649454803F094FD78
:1032A000454801F010FA454801F020FD0446002889
:1032B00070D00021414801F0E0FC04213F48012486
:1032C00001F000FD07213D4801F0FFFC3C4A3D496B
:1032D0003A4801F069FC3C49304803F05DFD0022AA
:1032E0003A4B00942D4803F0F3FE39492B4803F084
:1032F00053FD00940022374B284803F0E9FE36497D
:10330000264803F061FD00202C7004F06DF903F0F5
:10331000F3FBFDF7C7FAFFF7C9FE00283CD02F49A1
:103320001E4803F051FD2E48FDF722FC2D491B4895
:1033300003F04AFD2C49194803F046FD2B49174874
:1033400003F042FD2A49154803F03EFD2949134880
:1033500003F03AFD2849114803F036FD27490F488C
:1033600003F032FD26490D4803F02EFD25490B4898
:1033700003F02AFD2449094803F026FD23490748A4
:1033800003F022FDFEF7BEFE022003B0BDE8304090
:10339000FDF7E2BE1E49B3E71E49C1E74C3C0024DD
:1033A0008C2F002430FD06084506070831FD06086D
:1033B000A438002470060708A02F0024602F0024E2
:1033C00000004040CDCCCC3D8606070800005940A7
:1033D000AD06070800000840BB060708EE06070810
:1033E0003E070708460707085B070708880707081E
:1033F000B4070708DD070708FE0707081A080708CB
:103400005A08070884080708AF080708D8080708FB
:10341000C40607080C07070830B587B004466F4993
:1034200003A803F0D4FE03A9204603F064FF054679
:1034300003A803F081FE002D2ED06949694803F0EE
:10344000C3FC6949674803F0BFFC6849654803F05D
:10345000BBFC674801F078F8044680B165496148D3
:1034600003F09AFC0A2221465E4803F0F8FC624908
:103470005C4803F0A9FC0320FDF750FE0AE05F4919
:10348000584803F0A1FC5E49564803F09DFC5D4B93
:1034900001221A7007B030BD5B4903A803F097FE04
:1034A00003A9204603F027FF0546564C00B12578B6
:1034B00003A803F041FE002D75D000254849494876
:1034C000257003F081FC514C5149464803F07CFCC7
:1034D0004649444803F078FC23781BB14D4812F06C
:1034E00043FC2570424801F02FF84B493D4803F05A
:1034F0006BFC0021192004F059F93D490022454890
:1035000013F09CF805460121192004F04FF975BB12
:103510004249344803F058FC35493E4812F09AFBC2
:10352000054658B93E492F4803F04EFC01230320BD
:103530002370FDF711FEFFF78DFCABE7394903A8B7
:1035400003F045FE0A222946684603F05FFE6946FD
:1035500003A803F0B2FE0146224803F02BFC6846A4
:1035600003F0EAFD03A803F0E7FD052084E72E49F8
:1035700003A803F02CFE0A222946684603F046FE03
:10358000694603A803F099FE0146164803F012FCB1
:10359000684603F0D1FD03A803F0CEFD234911488E
:1035A00003F012FCE1E72378002B3FF473AF2049CE
:1035B0000C48257003F008FC6CE703A803F0BCFD81
:1035C00021F016F9F9E7684603F0B6FDFFE703A816
:1035D00003F0B2FDF4E7F6E7F9E700BFC2FA060828
:1035E00030FD06084C3C0024CBFA060831FD0608E5
:1035F00050260024F6FA060822FB060846FB0608B9
:1036000078FB0608002B0024B9FB0608942F002441
:10361000C8FB0608042B0024F3FB06080AFC060876
:103620002AFC060848FC060872FC060889FC060805
:10363000B1FC06080000000070B5B24C23782DEDF7
:10364000068BADF6484D0BB1FFF7BEFBAE4801F05F
:10365000C7FE00280CDD03A80A22AB4903F050FD89
:1036600003A803F0BFFE059B53B903A803F064FD54
:103670000A2003F087FF0DF6484DBDEC068B70BDA8
:10368000A249A14803F088FB03A99F4803F092FBDD
:10369000237833B39E490DF6380003F098FD0DF6FC
:1036A000380103A803F027FE05460DF6380003F0A5
:1036B00043FD6DB19749944803F086FB002396497A
:1036C0009148237003F080FB0120FDF727FDCCE734
:1036D00092498D4803F078FB91498B4803F074FBC5
:1036E000C3E703A90DF6380003F0B1FD0DF638006D
:1036F000FFF792FE0DF6380003F01EFD89490DF527
:10370000876003F064FD0DF5876103A803F0F3FD06
:103710000446A0B984490DF6380003F058FD04E0D2
:103720000DF5876000F031BCFAE70DF6380103A80B
:1037300003F0E1FD04460DF6380003F0FDFC0DF545
:10374000876003F0F9FC3CB1784B012278491A708C
:103750006D4803F039FB73E176490DF5876003F09E
:1037600036FD0DF5876103A803F0C5FD044688B951
:1037700071490DF6380003F02AFD01E0D0E7CFE7EC
:103780000DF6380103A803F0B6FD04460DF6380027
:1037900003F0D2FC0DF5876003F0CEFC24B1634B3F
:1037A000002266491A70D3E765490DF6380003F028
:1037B0000EFD0DF6380103A803F09DFD04460DF63D
:1037C000380003F0B9FC14B1FEF79CFC38E15D4908
:1037D0000DF6380003F0FBFC0DF6380103A803F0EA
:1037E0008AFD04460DF6380003F0A6FC14B1FDF77F
:1037F00003FD25E154490DF6380003F0E8FC0DF611
:10380000380103A803F077FD04460DF6380003F0F5
:1038100093FC14B1FDF714FA12E14C490DF58760E1
:1038200003F0D5FC0DF5876103A803F064FD0446A1
:1038300088B947490DF6380003F0C9FC01E06FE78D
:103840006EE70DF6380103A803F055FD04460DF6AA
:10385000380003F071FC0DF5876003F06DFC14B1C6
:10386000FFF7F8FAECE03B490DF6380003F0AFFC47
:103870000DF6380103A803F03EFD04460DF63800AE
:1038800003F05AFC9CB134491F4803F09DFAFFF73E
:103890000DFC20B131491C4803F096FA6FE3304922
:1038A000194803F091FA0220FDF738FCC8E02D49D1
:1038B0000DF6380003F08BFC0DF6380103A803F079
:1038C0001AFD04460DF6380003F036FC24B1264BF1
:1038D000012226491A703BE725490DF6380003F00E
:1038E00076FC0DF6380103A803F005FD04460DF63D
:1038F000380003F021FC002C3ED01B4B00221D4958
:103900001A7025E7282600244C3C0024AE01070845
:10391000B1010708B6010708CC010708DF01070855
:10392000200207083602070855030708E42600248A
:103930004002070881020708870307088C0207086E
:10394000CC020708D5020708DB020708E2020708D5
:10395000E9020708EC020708F40207081503070844
:10396000340307084E030708E52600245F03070811
:10397000800307089203070877490DF5876003F075
:1039800026FC0DF5876103A803F0E6FC044688B920
:1039900072490DF6380003F01AFC01E0C0E6BFE6FC
:1039A0000DF6380103A803F0D7FC04460DF63800E5
:1039B00003F0C2FB0DF5876003F0BEFB002C43D083
:1039C000202103A803F0EAFC002801DC6449BFE6DB
:1039D000441C202103A8224603F0D2FC061EF5DD7C
:1039E0003346224603A90DF5876003F0DBFC0DF595
:1039F000876003F021FD0546059B721C03A90DF6A7
:103A0000380003F0CFFC002D0BDDDDF8403843B16A
:103A1000544C01222946DDF838082270FEF748FB95
:103A200004E05149514803F0CFF901E0002323702D
:103A30000DF6380003F080FB0DF5876003F07CFB8A
:103A40004A4803F0B1F910E649490DF5876003F0E3
:103A5000BEFB0DF5876103A803F07EFC044688B920
:103A600044490DF6380003F0B2FB01E058E657E692
:103A70000DF6380103A803F06FFC04460DF638007C
:103A800003F05AFB0DF5876003F056FB002C5BD06A
:103A90000025059B9D4208D2294603A803F06EFC31
:103AA0003038092801D90135F3E72C46059B9C42A3
:103AB00003D3A5420ADB30494AE6214603A803F0B6
:103AC0005DFC30380928F4D80134EFE723462A4654
:103AD00003A90EA803F066FC0EA803F0ADFC054692
:103AE000059B9C4207D3059B224603A90DF58760E1
:103AF00003F058FC09E0214603A803F03FFC23F043
:103B000007FD0028EFD00134EAE7002D02DDDDF8E3
:103B1000403423B91949154803F056F90EE00DF564
:103B200087610DF6380003F092FB29460DF6380048
:103B3000FEF7B8FB0DF6380003F0FEFA0DF58760CE
:103B400003F0FAFA0EA879E70D4903A803F0C1FBC8
:103B5000D0B10C49FCE500BFB4030708BA0307085D
:103B6000C003070828260024FD0307084C3C002456
:103B70004D040708540407088D0407085B04070870
:103B8000C5040708D9040708059B002B3FF458AF6C
:103B900003F0ECFCC048FCF7EBFF4FF4806200211F
:103BA0000EA824F0DDFA4FF4826200210DF63800F1
:103BB00024F0D6FA4FF4806200210DF5876024F0DE
:103BC000CFFA0EA9059A0398FDF771FB002105466F
:103BD000192003F0EBFD2A460DF638010EA8FDF77B
:103BE00081FB04462A460DF587610DF63800FDF786
:103BF000FFFB06460121192003F0D8FDA749A8487C
:103C000003F0E2F8A749A64803F0DEF8A649A44865
:103C100003F0DAF8A549A24803F0BEF805F1100157
:103C20000DF63800202928BF2021FDF709FBA04907
:103C30009B4803F0B1F80A222146994803F019F98C
:103C40009C49974803F0C0F89B49954803F0A4F8B5
:103C50000A223146924803F00CF99649904803F045
:103C6000B3F807EE905A06EE904A9449B8EE677B97
:103C70008B48B8EE665B9FED849B27EE097B87EE51
:103C8000056BF7EEC68B06EE906AB8EE665B87EEC4
:103C9000056BB7EEC68B03F07FF8B7EEE87A022328
:103CA0007F48009353EC172B03F012FA84497C48A9
:103CB00003F072F8B7EEC87A02237948009353EC08
:103CC000172B03F005FA7F49754803F07DF806A825
:103CD0000CF088FFDDE9080121F0A4F908EE100AD4
:103CE000DDE9060121F09EF907EE900A764988EE9B
:103CF000277A6B48B7EEC76AB7EE007B37EE467B94
:103D00009FED636B27EE067BB7EEC78B03F044F89D
:103D1000B7EEC87A02236248009353EC172B03F0E6
:103D2000D7F96A495E4803F04FF8694B1B78002BBE
:103D300000F09980674801F027F807EE900A9FEDA0
:103D4000668A644887EE88AA01F006F80AEE900AAF
:103D5000624953486AEE2A8A03F01EF86AEE087A2E
:103D600002234F480093B7EEE77A53EC172B03F08A
:103D7000AFF95B494A4803F00FF8B7EECA7A05235A
:103D80004748009353EC172B03F0A2F955494448D8
:103D900003F01AF85449424802F0FEFFB7EEEA7AFF
:103DA00003233F48009353EC172B03F091F94F493D
:103DB0003B4803F009F84E49394802F0EDFF68EE40
:103DC000887A022336480093B7EEE77A53EC172B34
:103DD00003F07EF94749324802F0DEFFB7EEE87A99
:103DE00005232F48009353EC172B03F071F9424938
:103DF0002B4802F0E9FF34444049294807EE904A35
:103E0000B8EE677B87EE096BB7EEC66B66EE288A65
:103E100002F0C2FF28EE888A022321480093B7EE01
:103E2000C87A53EC172B03F053F935491C4802F0BC
:103E3000B3FFB7EEE87A05231948009353EC172B2C
:103E400003F046F92F49164802F0BEFF0DF58764CE
:103E500029462046FEF786F800232B4923541048B4
:103E600002F09AFF5AE029490D4802F0ADFF2849B7
:103E70000B4802F0A9FF2749094802F0A5FF26498F
:103E8000E1E700BFAFF300800000000080842E4116
:103E90000000000000005940E804070830FD060853
:103EA0004C3C00240105070831FD06082B050708D6
:103EB00041050708DAF906085305070865050708EC
:103EC000760507080CFA060866F80608C3F906081E
:103ED0008C2F0024602F002400007A447D05070801
:103EE00098FD06089EFD06088D050708DBFD0608FF
:103EF00097050708EEFD0608F4FD0608A505070866
:103F00000DFE060813FE06081AF90608B70507088D
:103F1000E1050708EE050708FF05070821463148B7
:103F200002F052FF2B21204624F068FC90B92D218D
:103F3000204624F063FC68B92A21204624F05EFC68
:103F400040B92F21204624F059FC18B92648FCF727
:103F50000FFE14E02046FEF72BF8041EF6D009DD14
:103F60002249204802F018FF0A2221461D4802F08B
:103F700076FFEBE71E491B4802F026FFE6E701202B
:103F8000FDF7EAF85CE50DF6380003F0D5F806E039
:103F9000F9E70DF6380003F0CFF8FFF7C1BB03A82F
:103FA00003F0CAF820F024FCF3E7F8E7EBE7EAE7D0
:103FB000E9E7EEE7F3E7E6E7E5E7E4E7E9E7EEE779
:103FC000E7E7FFF7ADBBE4E7E9E70DF6380003F0FC
:103FD000B3F80DF5876003F0AFF80EA8D5E7F8E762
:103FE000FBE7DCE74C3C00241106070826F906082D
:103FF0002906070807B5009313460A4601460448F8
:1040000019F08EFA003018BF012003B05DF804FBF0
:104010007474002407B5009313460A460146044809
:1040200019F060FB003018BF012003B05DF804FBFD
:10403000747400240A460146034808B519F026FCAA
:10404000003018BF012008BD747400242DE9F0432E
:10405000324C8BB0DFF8D0804FF00809D4F8E03054
:1040600000250127032643F0400305A94046C4F874
:10407000E030D4F8E03003F040030193019BCDE938
:104080000597CDE9075614F0D1FF2A464946404628
:1040900015F0B2F8D4F8DC3005A9214843F40073D8
:1040A000C4F8DC30D4F8DC3003F400730293029BD4
:1040B000D4F8E03043F00203C4F8E030D4F8E03044
:1040C00003F002030393039BD4F8E03043EA0903AF
:1040D000C4F8E030D4F8E030089603EA090304930A
:1040E000049B0223CDE90637092309934CF21803F8
:1040F000059314F09BFFC02305A90A4805930B23E1
:10410000099314F093FF2A4605217C2013F01AFE30
:104110007C2013F049FE0BB0BDE8F0830044025848
:1041200000040258000C02580018025808B57C2000
:1041300013F048FE034AD2F8DC3023F40073C2F8CF
:10414000DC3008BD0044025837B5134B0025134C32
:104150004FF4003123600623204663614FF480430F
:10416000C4E903312946C4E90155FFF76FFF012374
:104170008DF807309DF80730012B06D020462946E0
:10418000FFF7D4FF022003B030BD204619F04CFFEA
:10419000003018BF0120F6E70024024874740024A0
:1041A00070B5084C084D2046256019F0A5F9064663
:1041B000002120462560FFF7B9FF301C18BF012001
:1041C00070BD00BF7474002400240248014819F037
:1041D00083BF00BF7474002408B5034819F010FFB2
:1041E000043818BF012008BD74740024014601483A
:1041F00019F02ABE74740024704708B5FFF7FCFF5D
:1042000008BD704708B5FFF7FCFF08BDFFF7DEBF2C
:1042100000207047002070470368DB6A18474FF0A2
:10422000FF307047D0E902017047D0E904017047C0
:10423000D0E906017047D0E90931C26A006A4243F9
:1042400001FB0323A0FB010119447047004870479C
:10425000F90807085C300CF0F1BD5C300CF00CBEC6
:104260002DE9D04F9B460368924604465B6ADDE920
:104270000889984702460B465046594620F068FF89
:10428000134302D00020BDE8D08F236820465B6A2C
:10429000984702460B464046494620F059FF1343D3
:1042A000F0D11AEB0806236820464BEB09079B6BFD
:1042B0009847B94208BFB0422CBF01200020E2E776
:1042C00001682DE9F04114461D46096B06468847F2
:1042D00002460B462046294620F03AFF134302D0FF
:1042E0000020BDE8F081DDE906233046A71845EB44
:1042F000030817F1FF323368196B48F1FF33884721
:1043000002460B463846414620F022FF1343E7D1D0
:10431000336830469B6B9847414508BFB8422CBF75
:1043200001200020DDE700002DE9F743DDE90A6701
:10433000016804461546CDE90067496C88470028A6
:1043400030D023682046DB6C984794F8803043B91E
:1043500023682046144D1B6D9847284603B0BDE8DE
:10436000F083D4E908890021B6EB080042464B46A9
:10437000284420F0EDFE064642464B4628460021E2
:1043800020F0E6FE3146FFF755FE0028074D08BF36
:104390000025FFF721FF0028FBD1236820461B6D75
:1043A0009847DAE7024DD8E774ECFFFF6EECFFFFA9
:1043B00075ECFFFF2DE9F74FDDE90CAB0D46016809
:1043C000044690469946CDE900AB096C8847002821
:1043D00031D023682046DB6C984794F8803043B98D
:1043E00023682046154D1B6D9847284603B0BDE84D
:1043F000F08FD4E908675046594632463B4620F0D4
:10440000A7FE824632463B464046494620F0A0FE83
:10441000A36D014652462846094DFFF7FBFD0028D3
:1044200008BF0025FFF7D8FE0028FBD123682046EF
:104430001B6D9847D9E7034DD7E700BF74ECFFFF2A
:104440006CECFFFF75ECFFFF2DE9F74FDDE90CABDE
:104450000D460168044690469946CDE900ABC96B0C
:104460008847002831D023682046DB6C984794F8B1
:10447000803043B923682046154D1B6D9847284668
:1044800003B0BDE8F08FD4E908675046594632467C
:104490003B4620F05DFE824632463B46404649465A
:1044A00020F056FEA36D014652462846094DFFF7FF
:1044B000A1FD002808BF0025FFF78EFE0028FBD1D4
:1044C000236820461B6D9847D9E7034DD7E700BF07
:1044D00074ECFFFF6DECFFFF75ECFFFF38B5036870
:1044E0000546DB6C9847FFF75BFE2B68044685F8B2
:1044F000540020B128461B6D9847044838BD85F804
:10450000800028461B6D98472046F7E778ECFFFFB0
:10451000074B10B50360044690F880300BB1FFF7ED
:10452000DDFF04F15C000CF0C1FC204610BD00BFB3
:104530000809070810B50446FFF7EAFF882120465E
:104540000CF080F9204610BD38B503680446DB6CDA
:104550009847FFF7F9FD054684F8540050B12368E9
:10456000022D20461B6D02D19847104838BD984750
:104570000F48FBE704F13000FFF738FE236B2046BD
:104580002371636CC4E90235C4E90435C4E9063516
:10459000C4E90835236CC4E90A35012384F8803066
:1045A00023681B6D98472846E0E700BF73ECFFFFC8
:1045B00074ECFFFF2DE9D04F9B46036892460446FA
:1045C0009B6ADDE90889984702460B4650465946E2
:1045D00020F0BEFD134302D00020BDE8D08F236839
:1045E00020469B6A984702460B464046494620F0C3
:1045F000AFFD1343F0D11AEB0806236820464BEBBE
:1046000009079B6B9847B94208BFB0422CBF0120F5
:104610000020E2E70D4B4FF4007210B50360002359
:1046200004465C3040E9152340E9132340E9112397
:1046300040E90F230022002340E90D230CF0F6FB94
:104640004FF47A732046A36510BD00BF0809070820
:104650000020704770470368C9B21B6818474900BB
:104660000023C161C0F82C327047036801211B6B25
:10467000184710B403689C6B0123A4465DF8044BF3
:104680006047D0F82C32B3F5807F1FBF5A1CC0F8AA
:104690002C22C01880F82C1114BF01200020704774
:1046A0007047C0F830127047C0F834127047D0F825
:1046B00028312BB1D0F82431184490F820007047ED
:1046C0004FF0FF30704738B5036804465B6A98477F
:1046D000FC200CF083F8B4F91A20B4F91810054640
:1046E00007F018F9656138BDFC2128460CF0AAF8DE
:1046F00020F07EF80B6803604B6843608B68836032
:10470000704738B5D0F82C321446054600F596703F
:104710001A441844B2F5807F88BFC3F580742246DE
:1047200023F020FCD5F82C3220462344C5F82C3247
:1047300038BD38B5044640690D4608B107F003F8A6
:10474000206920B12946BDE8384007F03BB938BDA3
:1047500007B581F0010100F596720091D0F82C3276
:10476000C169406907F002F8002814BF0220002048
:1047700003B05DF804FB10B504460BF0E1F8D4F883
:1047800028410BF0F3F8204610BD10B504460BF09D
:10479000D7F8D4F82831BBB1D4F82831A3B1D4F874
:1047A0002431234493F82000D4F824310133DBB2C0
:1047B000C4F82431D4F82831013BC4F82831044628
:1047C0000BF0D4F8204610BD4FF0FF34F8E710B5D9
:1047D0000446406920B10368DB68984700236361A1
:1047E00023699BB1D4F838020CF007FCD4F83802E6
:1047F0000CF067FCD4F8380210B103685B68984786
:104800009C2120690CF01EF80023236110BD70B5B7
:10481000B2F5807FC2B083F00103044628BF4FF495
:10482000807202AE00934900154613464069324635
:1048300006F0BBFFC8B9A84218D0D4F82831B3F5A8
:10484000807F10D0D4F82031325C234483F82020BC
:10485000D4F820310133DBB2C4F82031D4F8283148
:104860000133C4F828310130E5E70025284642B07D
:1048700070BD70B50446C0B00025206907F0ABF8E4
:104880000328FAD8DFE800F05E021E1ED4F83432A6
:1048900003B19847D4F82C32002BEED00BF050F82F
:1048A00094F82C6204F596716846324623F05AFB60
:1048B000C4F82C520BF05AF832466946206907F0CA
:1048C0008EF8DAE70BF03CF8C4F82051F022C4F877
:1048D00024516946C4F82851206907F07EF8002267
:1048E00082421DDAD4F82831B3F5807F18D0D4F88D
:1048F0002831B3F5807F11D0D4F820311DF8021093
:10490000234483F82010D4F820310133DBB2C4F8FB
:104910002031D4F828310133C4F828310132DFE7DF
:104920000BF024F8236820461B6998470028A4DD73
:10493000D4F83062002EA0D0236820461B69984727
:10494000B0479AE702F02EFE97E70022C260704758
:10495000C3680BB19B6818477047000038B5002545
:104960004FF47A7304460183428329464FF48072E0
:10497000C0E901530A4BC0E904550360203023F01D
:10498000EFFBC4F82051C4F82C522046C4F824513F
:10499000C4F83052C4F82851C4F8345238BD00BFAE
:1049A0007C09070810B504460021FFF7CEFF20461A
:1049B00010BD10B50446FFF7CBFF204610BD10B464
:1049C000D0E9003409686210E4075DF8044B01EB9C
:1049D000020044BF8A58D35818470146043008B52E
:1049E000FFF7EDFF08BD0000034A0346C26007C998
:1049F00083E80700704700BF5C09070810B586B060
:104A000004460391684606A980E80C0001E90C0001
:104A1000204603A9FFF7E8FF204606B010BD37B5D2
:104A20006C46054684E80C0094E80C00FFF7E6FFAE
:104A3000284603B030BD00002DE9F041036805466B
:104A400088B00E465B6A98479C200BF0C7FEB5F90C
:104A50001A20B5F91810044606F09AFF7100204696
:104A60002C6106F0B1FFBC200BF0B8FE04460646F0
:104A7000234B04F1400746F8043B3046FFF792FF12
:104A8000002138460CF034FA04F1540840460CF08A
:104A9000CDF91C4B4FF400621821204600930023EF
:104AA0000CF0A0FA184B294604A8C5F83842029326
:104AB0000023039302AB0CCBFFF7B1FF04A9204600
:104AC0000CF03AFB10E040460CF0F0F938460CF0E0
:104AD00038FA3046FFF76DFFBC2120460BF0B2FEDE
:104AE0001FF086FEF2E7F4E704A8FFF762FF08B0C4
:104AF000BDE8F0819C21F0E704A8FFF75AFFEFE73B
:104B00007C280708680907087348040808B5FFF7F8
:104B100064FF08BD08B5FFF7F9FF08BD10B50B200D
:104B200002F0F8FC04460C2002F0F4FC2146024698
:104B30000748FFF713FF162217210648FFF70EFF5D
:104B40007B227C210448BDE81040FFF707BF00BF6F
:104B5000A02F0024DC3100241834002470B5044652
:104B6000C0680E4615460368217CDB6A9847E068FA
:104B7000314603681B689847E068290A03681B6888
:104B80009847E068E9B203681B689847E0680368E3
:104B9000BDE870405B6B18474FF400420021FFF7FF
:104BA000DDBF00000000000007EE902A9FED1A7A9A
:104BB00027EE877A07EE901A052127EE275AB7EEDF
:104BC000C77AB7EEC55A9FED0E4B84EE056B9FED8D
:104BD0000E5BBCEEC66B16EE102A85EE076B92B22A
:104BE0008282B7EEC66B80ED086A9FED096B27EEF7
:104BF000067BB7EEC77B80ED097AFFF7AFBF00BF3A
:104C0000F168E388B5F8743FFCA9F1D24D62503FDA
:104C100000000000006AD8400000003838B50446A3
:104C2000C0680D460368217CDB6A9847E068294626
:104C300003681B689847E068002103681B6B98476E
:104C400084F82800E0680222217C0368DB6B984727
:104C5000E06803681B69984768B1E06803685B69AE
:104C60009847C5B2E06803685B699847C0B200EB3B
:104C7000052080B238BD0546F9E710B581800021D6
:104C80000446FFF7CBFF20F460600021A28880B2C9
:104C900002432046BDE81040FFF760BF70B51446E0
:104CA0000E4600210546A401FFF7B8FF20F4FC7270
:104CB00044EAC604284692B200212243BDE870406F
:104CC000FFF74CBF0A46FFF7E9BF10B5C1710021DD
:104CD0000446FFF7A3FF20F007000021E27980B22D
:104CE00002432046BDE81040FFF738BF38B5044600
:104CF000C0680368217CDB6A9847E06803685B6BE7
:104D00009847054610BB2046FFF746FF4FF4006268
:104D100005212046A282FFF721FF29462046FFF702
:104D2000ACFF04212046FFF7CDFF20460721FFF707
:104D3000CCFF074B012065702362064BA5706362B0
:104D40004FF07E5384F82850A36138BD0020FCE763
:104D5000000020420000203F08B50221FFF75EFF5F
:104D600007EE900A9FED066BB8EEE77B27EE067B19
:104D7000F7EEC77B17EE900A08BD00BFAFF30080C7
:104D80007B14AE47E17A543F10B504210446FFF787
:104D900045FF00B294ED087A07EE900AF8EEE77A44
:104DA000C7EE877A17EE900A10BD10B503210446AE
:104DB000FFF734FF07EE900AB8EEE77AD4ED097AF0
:104DC00067EE277A17EE900A10BD30B5A1F11004F6
:104DD000002500F00F02CD7302390009D3B2092A71
:104DE000CCBF373330330B748C42F2D130BD2DE958
:104DF000FF470024061D05468A46904699460094C2
:104E000023464FF0FF32B1213046CDE9014406F090
:104E10004BFF29682846DDE90C23CDE900234246F3
:104E20004F694B465146B847009423464FF0FF3236
:104E3000C1213046CDE9014406F036FF204604B0DA
:104E4000BDE8F087C2207047244830B5037887B0AA
:104E5000BFF35B8F13F001041CD10BF07DFAC8B1D6
:104E60001F4B66223B211F48CDE903435A23CDE95E
:104E700001323D233C22009357230DF02BFB194CAC
:104E8000194B164823600BF089FA184A2046184936
:104E90000BF04AFA13480DF057FD164D1A22002365
:104EA00029461048CDE9002300230022FFF79FFF89
:104EB0002B780446B52B04D10F4B01221D600F4BFC
:104EC0001A7008480DF09CFBB4FA84F0400907B052
:104ED00030BD02480BF06AFC1FF08AFC78360024D3
:104EE000005A620280360024D4090708000000241A
:104EF000F150040888380024100000247C36002477
:104F00000D4B187830B10D4B1B689A8840F2024364
:104F10009A420FD80A4B9B6D03F46043B3F5004FE0
:104F200007D0064B1B685878172894BF0020012033
:104F300070470020704700BF7C360024100000241A
:104F40000044025810B5044611F0F8FF2146FFF75F
:104F50003CFF11F0F9FF04F11001FFF736FF11F0EB
:104F6000F9FF04F12001FFF730FF302010BD0000F1
:104F700008B54DF659720021074818F035FABFF30D
:104F80004F8F0649064BCA6802F4E0621343CB60B8
:104F9000BFF34F8F00BFFDE75436002400ED00E063
:104FA0000400FA0510B50446FFF7D2FC204610BDF8
:104FB000064B10B504460360806A08B109F092FE02
:104FC000201DFFF7EFFF204610BD00BF5C1607084D
:104FD00000B5C3B01622172103A806F09BFC4FF4BE
:104FE000A17302AA1021ADF80830002303A8009392
:104FF000022306F0BBFB03A8FFF7DAFF43B05DF81E
:1050000004FB03A8FFF7D4FF1FF0F2FB1D4B0121A7
:105010001D4AA62070B51A6002F08EFB0121A62061
:1050200002F00AFCFFF7D4FF184B43F2D2021A60D9
:10503000FFF70AFF164B1B7833B1164B1B689A8893
:1050400040F209439A421BD8134B9B6D03F4604313
:10505000B3F5004F14D002F077FA104D044602F079
:1050600085FA064602F082FA801BA842FAD902F0BD
:105070006BFA001B642803D0BDE870401DF034BA01
:1050800070BD00BF5436002400400058004000525C
:105090007C36002410000024004402589F86010042
:1050A00010B50446FFF784FFFC2120460BF0CAFB35
:1050B000204610BD38B5074B0546044645F8BC3BB5
:1050C0000DF09EFA28460BF0F1FE201D06F02CFE96
:1050D000204638BDAC34070810B50446FFF7EAFF98
:1050E0004FF4027120460BF0ADFB204610BD0000CE
:1050F000034B10B504460360FFF7DCFF204610BDEC
:10510000D409070810B50446FFF7F2FF4FF4027107
:1051100020460BF097FB204610BD70B590F8343157
:1051200005461446F3B90368DB69984704F47063D5
:1051300004F00F02B3F5407F04F0F0030CBF072129
:105140000821302B0CBF02230123012A08D0901E16
:1051500042424241A869BDE87040006806F0B0BE16
:105160000222F7E770BD10B590F8343104462BB930
:10517000A369186806F0E8FE0028F9D010BD38B51C
:1051800090F834510446A5B983695BB1186848B1F9
:105190000368DB689847A36904211D60A0690BF0D0
:1051A00051FBA5610023C4F82831C4F82C31C4F8A0
:1051B000303138BD13B590F8343104466BBBA36968
:1051C000186806F095FE40B30AF0BAFBA369012205
:1051D0000DF10701186803685B699847D4F830310E
:1051E000B3F5807F16D0D4F83031B3F5807F11D07D
:1051F000D4F828319DF80720234483F82820D4F8D8
:1052000028310133DBB2C4F82831D4F8303101330E
:10521000C4F830310AF0AAFBD1E702B010BD00009B
:1052200008B590F834313BB1012002F0ABF90648E3
:10523000BDE8084001F059BA82691AB11368003319
:1052400018BF0123184608BD1843002470B5044652
:105250000D4601F04AFA30B12368294620461B6CFE
:10526000BDE87040184770BDA0F59860EEE70000FB
:1052700013B590F8343104468DF807102BB1C9B23C
:105280000B48FFF7E3FF02B010BDA369186806F0F2
:105290005BFE0028F9D0A36901220DF1070118680F
:1052A00003681B699847013018BF0120EBE700BF76
:1052B000184300242DE9F04107468846164601F0C0
:1052C00014FA80B10024A6420ED9351B08EB040164
:1052D0003846B5F5007F28BF4FF400752A462C44A8
:1052E00000F044FFEFE704462046BDE8F081A0F55A
:1052F0009860DFE770B590F8343105460E461446E5
:105300002BB10F48FFF7D6FF0446204670BDAB69AE
:10531000186806F019FE0028F9D0AB690121186859
:10532000D0F8883088301B6B9847AB6922463146ED
:10533000186803681B699847013008BF0024E4E738
:105340001843002430B50446C3B001F0B9F905464E
:10535000D4F8D835C3F58073984203DDD4F8D85516
:10536000C5F580752A4601AB02A9204600F0F5FF7D
:10537000019902AB00226D1A1D44D4F8D835B3F55B
:10538000807F19D08A4217D0D4F8D835B3F5807F02
:1053900010D0D4F8D035A85C234483F8D004D4F8D6
:1053A000D0350133DBB2C4F8D035D4F8D835013369
:1053B000C4F8D8350132E0E743B030BD38B5044613
:1053C00000F0BCFB2046FFF7BDFFD4F8D8552046BF
:1053D00000F0BCFB284638BDA0F59860EEE7000061
:1053E00010B590F8343104462BB10648FFF7E6FFBC
:1053F0000446204610BD0AF0A3FAD4F830410AF062
:10540000B5FAF6E71843002438B5044600F096FBD9
:105410002046FFF797FFD4F8D8354BB1D4F8D435F0
:10542000234493F8D054204600F090FB284638BD22
:105430004FF0FF35F7E7A0F59860E5E710B590F875
:10544000343104462BB10B48FFF7DEFF04462046FB
:1054500010BD0AF075FAD4F830313BB1D4F82C0104
:10546000044494F828400AF081FAF0E74FF0FF3442
:10547000F9E700BF1843002438B5044600F05EFB8E
:105480002046FFF75FFFD4F8D835A3B1D4F8D43560
:10549000234493F8D054D4F8D4350133DBB2C4F8A4
:1054A000D435D4F8D835013BC4F8D835204600F0BF
:1054B0004DFB284638BD4FF0FF35F7E7A0F5986063
:1054C000DAE7000010B590F8343104462BB11148EA
:1054D000FFF7D2FF0446204610BD0AF031FAD4F897
:1054E00030319BB1D4F82C31234493F82800D4F800
:1054F0002C310133DBB2C4F82C31D4F83031013B0C
:10550000C4F8303104460AF031FAE4E74FF0FF34D2
:10551000F9E700BF1843002408B54FF4807200215A
:1055200022F01EFE0022C0F80021C0F80421C0F8BD
:10553000082108BD10B4D0E9003409686210E407FE
:105540005DF8044B01EB020044BF8A58D35818475A
:105550000146043008B5FFF7EDFF08BD034A0346D6
:10556000C26007C983E80700704700BF240A070824
:1055700010B586B004460391684606A980E80C0081
:1055800001E90C00204603A9FFF7E8FF204606B01A
:1055900010BD37B56C46054684E80C0094E80C0055
:1055A000FFF7E6FF284603B030BD000070B590F865
:1055B000343186B004460E46002B3BD1856925B9AF
:1055C00004200BF00BF9A0610560A369186850BBBB
:1055D0008C200BF003F93346B4F922200546B4F9C8
:1055E000201006F099FFA3691D60B4F92420531C14
:1055F00006D0A0690321B4F92630006806F09CFFAC
:10560000A3691D68B5B1114B0026214602A800937D
:105610006B4601960CCBFFF7BCFF324602A9284629
:1056200006F000FD03E0314606F037FCDDE702A896
:10563000FFF7BFF906B070BD8C2128460BF002F9C8
:105640001FF0D6F802A8FFF7B4F9F9E7B55104083E
:1056500008B5FFF77DFF08BD08B5FFF7F9FF08BDE6
:105660002DE9F84300242D4D4FF47A782C4F202655
:1056700005F128002F60EC61C5E90148C5E9056422
:10568000FFF74AFF01230E2085F8343101F042FF75
:10569000244D81460D2001F03DFFA5F820904FF6E6
:1056A000FF79688405F128002F60EC61A5F824904B
:1056B000A5F82690C5E90148C5E90564FFF72CFF68
:1056C00085F834410F23184D2B84562305F128000B
:1056D0002F606B845823EC61AB845923C5E90148E2
:1056E000EB84C5E90564FFF717FF85F8344198237B
:1056F0000E4D2B84992305F128002F60EC616B84FB
:10570000A5F82490A5F82690C5E90148C5E90564E7
:10571000FFF702FF85F83441BDE8F8834C3C0024D4
:10572000380A0708A4380024DC390024143B00247C
:10573000002070477047704710B5D0F88C452CB1E9
:1057400023682046DB6A9847A468F8E710BD38B59F
:105750000D46D0F88C4534B1236820462946DB68D5
:105760009847A468F7E738BD00487047F80A07086B
:10577000054B10B50446036008F053F9204608F0C5
:1057800061FA204610BD00BF780A070810B504462C
:10579000FFF7EEFF4FF4B26120460BF053F82046BE
:1057A00010BDF7B5002305460E46D0F88C45A4B1D0
:1057B000236831460DF1030220461F6901ABB8474B
:1057C0009DF803100346042905D0019A284607F0E6
:1057D00037FC03B0F0BDA468E9E7019A9DF8031017
:1057E000F4E770B505460E4622B10021BDE87040D1
:1057F00007F032BAD0F88C455CB1236800223146FC
:1058000020465B69984710B101212846EEE7A4685D
:10581000F2E72146F9E770B50E460546D0F88C450B
:1058200000213CB12368314620469B699847A46813
:105830000146F6E72846BDE8704007F001BBF8B521
:1058400005460E461746D0F88C453CB123682046E5
:105850003A463146DB699847A468F6E728460121B5
:10586000BDE8F84007F04ABB70B5002186B0044699
:1058700007F031FD00234FF48975A188EF26ADF8BC
:1058800006302389ADF8045002258DF810301B0A2C
:10589000E2888DF8113040F201238DF80750ADF801
:1058A000123040F203138DF809500125ADF8143081
:1058B00004F10A038DF8086005AE8DF80A501C4605
:1058C0008DF80C1001AD090A8DF80E20120A8DF822
:1058D0000B008DF80D108DF80F202A46083303CAEF
:1058E000B24243F8080C43F8041C1546F5D112885F
:1058F00020461A8006B070BDF8B5002406460D4655
:105900002746304623F0DCF9A04207D9335D05F87D
:10591000143005EB440301345F70F2E7400000F0FF
:10592000FE00F8BD38B50446D0F88C5535B12B686B
:1059300028465B6A984710B9AD68F7E7284640F2F9
:10594000023304F24A51A4F84835FFF7D5FF94F822
:105950004835184484F8480504F5A96038BD0000AE
:1059600040F2023300F20A5110B50446A0F808359F
:105970000548FFF7C1FF94F80835184484F8080576
:1059800004F5A16010BD00BF640A070840F20233AD
:1059900010B50446A0F8C83400F2CA40FFF7D2FAA6
:1059A00094F8C834184484F8C80404F5996010BD0C
:1059B0002DE9FF4100231D4A044600F54E788DF87D
:1059C0000A30092590F888350192FA228DF80830BE
:1059D00001238DF80C208DF80930C0238DF80B3091
:1059E00001AB03CBC4F83803C8F8041088F80820CA
:1059F000D4F88C658EB13368002130469B68984797
:105A0000478805F54E7300F10901093FE0183A4651
:105A10003D4422F0A7FAB668ECE784F83A534046D2
:105A20002D1284F83B5304B0BDE8F0810902FFFF5A
:105A300073B504460D4616461BF0C0FB4FF4807349
:105A400001462A4620460093334608F0B7F8024B39
:105A50002046236002B070BD780A070810B5D0F860
:105A60008C350446A3B9C0F88C1594F888350846DF
:105A70004A790B7194F88835134484F888350B689B
:105A80009B6A9847238918442081012010BD134642
:105A90009A68002AFBD19960E7E71FB5044607F032
:105AA00015FC0146684606F00FFE4021684606F0E8
:105AB0007DFED4F88C4534B12368694620461B6AC4
:105AC0009847A468F7E7684606F005FE04B010BDE5
:105AD000684606F000FE1EF08BFE10B50446FFF788
:105AE000DCFF2046BDE8104007F0D7BB0F4808B5E3
:105AF0000378BFF35B8FDB0711D40AF02DFC70B184
:105B000040F25B2242F241310948FFF791FF07481A
:105B10000AF044FC074A084905480AF005FC044815
:105B200008BD02480AF042FE1EF062FE843D0024D9
:105B3000883D0024000000247157040810B5FFF7C9
:105B4000D5FF0368BDE810405B6F184710B5FFF73D
:105B5000CDFF0368BDE810409B6F184710B5FFF7F5
:105B6000C5FF0368BDE81040DB6F184706F054BF5F
:105B700006F068BF06F040BF704770477047436A41
:105B800093F878007047D0F8A4047047012070475C
:105B900000487047640C07082DE9F04794B00446AC
:105BA0000F464B22002101A822F0DAFA2679D4F818
:105BB000A434751C94F80E90002B94F80C80EDB270
:105BC00094F80DE014BF05200020002F40F09380D2
:105BD00040F2092309218DF81D0042F20540ADF87D
:105BE00004304FF481738DF815100121ADF80830A1
:105BF0008023ADF81E0010208DF80B3032234FF0BB
:105C0000040A24278DF80C3008234FF0030C4B2294
:105C10008DF80D300B238DF819101D348DF80E30D2
:105C200040F202238DF81C10ADF8103002238DF8DD
:105C3000210005208DF822108DF825108DF82710F1
:105C400006218DF806208DF80F608DF812308DF842
:105C500017608DF81A308DF81B308DF823008DF801
:105C600026C08DF82A308DF82B108DF82C008DF879
:105C700016A08DF824708DF828A08DF829708DF865
:105C80002D708DF82E1007218DF82F6041F202063D
:105C90008DF831108DF8411040F207518DF83050D9
:105CA000ADF8366040F209468DF83A5040F60225CC
:105CB0008DF832008DF842002046ADF848100DEB0B
:105CC0000A018DF833908DF834C0ADF83860ADF826
:105CD0003C508DF843808DF844308DF846308DF877
:105CE0004AE08DF84B308DF84D3022F03BF92046DC
:105CF00014B0BDE8F0870020FAE700000A4B10B5A9
:105D000004460360FFF7F2FE07F08BFE04F52470F3
:105D100006F0E6FD04F17C0006F0E2FD04F17000FF
:105D200006F0DEFD204610BD240C070810B5044621
:105D3000FFF7E4FF4FF4956120460AF083FD20460B
:105D400010BDFFF70BBF0000034B10B50446036006
:105D500006F082FC204610BD400B070810B5044633
:105D6000FFF7F2FF282120460AF06CFD204610BD07
:105D7000034B10B50446036006F06EFC204610BDD0
:105D8000100B070810B50446FFF7F2FF3421204638
:105D90000AF058FD204610BD034B10B504460360C1
:105DA00006F05AFC204610BD280B070810B5044623
:105DB000FFF7F2FF382120460AF044FD204610BDCF
:105DC00038B51E4B0D4604464FF400721968C0F8F2
:105DD0000F1099889B79A0F813100221437528466B
:105DE00006F0DAFC4FF4007220730221284606F018
:105DF000D8FC4FF4007260730321284606F0CCFCF7
:105E0000A073284606F068FC20B9AF220C490D4863
:105E100009F09EFC04F185020023C4F8882204F2F4
:105E2000992284F8783084F88430C4F88C3284F86D
:105E30009832C4F89C24C4F8A03438BD5C0B070821
:105E4000FF0B07080A0C07082DE9F34104460E462C
:105E50001546FFF783FEF28823799A4237D1002D49
:105E600035D17778012F2ED1F378202B27D13289A5
:105E7000072A24D104F10F0804F1160540462946EB
:105E800022F03EF8D0B1D4F81630C4F80F30638B4E
:105E9000207CE17BA4F8133001EB0021E57C607CE1
:105EA000237F01EB00410095A07C2568637501EB21
:105EB0000061237D2046627D6D6BA8473D46F378E7
:105EC000212B08BF0125284602B0BDE8F08100253E
:105ED000F9E710B50446FFF741FEFFF707FE217B07
:105EE00007F03CFC04F1850304F17C00C4F888321F
:105EF0000023C4F88C3284F8843006F0A6FC94F8B1
:105F000084302BB923682046DB6BBDE8104018476E
:105F100010BD000070B50446FFF720FED4F8A05471
:105F20002DB140F2DD120F490F4809F011FC04F2C7
:105F30009923C4F89C34FFF7D9FD617B07F06CFB13
:105F400084F89852C4F8A00404F5247006F07DFC8F
:105F500094F898322BB9236820469B6BBDE87040BB
:105F6000184770BDFF0B0708680B070802232DE9CF
:105F7000F041437100230446054683609046144B6C
:105F800004F17C0645F8703B284606F051FC30468B
:105F900006F04EFC04F52477384606F049FCC4F8B8
:105FA000A484FFF7A3FD2146FFF758FD0CE0384617
:105FB00006F096FC304606F093FC284606F090FC6E
:105FC0001EF016FCF6E7F8E72046BDE8F08100BFBA
:105FD000240C070870B504460D46FFF7BFFD84F892
:105FE0007850002D3ED194F8843033B1FFF77EFD18
:105FF000217B07F08BF984F8845004F1850304F1C8
:106000007C0600253046C4F88832C4F88C5206F06D
:106010001CFC304606F012FC28B94FF4A272144959
:10602000144809F095FB94F8983233B1FFF75EFD00
:10603000217B07F06BF984F8985204F2992304F558
:106040002475C4F89C3400232846C4F8A03406F014
:10605000FCFB284606F0F2FB20B94FF4A772044976
:106060000548DEE704F17000BDE8704006F0EDBBC6
:10607000FF0B0708760B0708870B070810B50446C7
:10608000FFF76CFD00212046BDE81040FFF7A2BFDE
:1060900038B50D460446FFF761FD042D05D02046B6
:1060A0000021BDE83840FFF795BF38BDF8B516466A
:1060B00004460D461F46FFF751FD0423EA8833705E
:1060C00023799A4225D16978012922D1EA78212AB7
:1060D00008D0222A0BD0202A4FF000001BD13070AC
:1060E000163401E00F34317007203C60F8BDAB88F6
:1060F000204613F0010308BF1946FFF76BFFAB887A
:1061000003F00103E366AB8803F00203A3660223F6
:1061100033700020EAE703233370E7E710B58AB055
:106120000446FFF70BFD684606F086FA0D4B6946FC
:1061300004F170000093099406F09FFB2046FFF7DE
:1061400005FD094B002168461A6806F03BFA6846CF
:10615000FFF7FAFD0AB010BD6846FFF7F5FD1EF027
:1061600047FB00BF400B0708640B070870B58EB0F3
:1061700004460E461546FFF7E1FC01A806F05CFA5E
:10618000114B01A904F17C00019300230C958DF8BB
:106190003430CDE90A4606F070FB2046FFF7D6FC06
:1061A0000A4B002101A81A6806F00CFA04E001A8C5
:1061B000FFF7DEFD1EF01CFB9DF8344001A8FFF741
:1061C000D7FD20460EB070BD100B0708640B070802
:1061D00010B50446FFF7C2FC94F884307BB9D4F8BC
:1061E0008C3263B1FFF782FCD4F88C3204F1850263
:1061F000217B07F051FA10B1012384F8843010BDDF
:106200002DE9F8431E460446894690469DF82070C5
:10621000FFF794FC0023336094F87830E3B194F8EE
:106220008430CBB9D4F88C52C5F50075454528BFEC
:106230004546B8F1000F05D02A464946D4F88802F1
:1062400021F090FED4F88C322B44C4F88C323560A7
:1062500017B12046FFF7BCFF2046BDE8F843FFF723
:1062600075BCF0B50446406A85B0012690F87850B8
:106270002DB984F830503546284605B0F0BD04AB42
:106280000027D4E90A1243F8047D0096FFF7B8FF0F
:106290000399E36AA26A5B1A0A44E362A26213B931
:1062A00084F83060E8E7606A3D46FFF791FFE3E776
:1062B0002DE9F0431C4691B0054689469046FFF70C
:1062C0003DFC002C4FF0000602A806BF01AC0127E0
:1062D0000027266006F0B0F9134B02A905F52470DB
:1062E00002938DF83C708DF83D60CDE90B59CDE9F6
:1062F0000D8406F0C2FA2846FFF728FC0B4B314606
:1063000002A81A6806F05EF904E002A8FFF744FD4F
:106310001EF06EFA9DF83D4002A8FFF73DFD2046B5
:1063200011B0BDE8F08300BF280B0708640B070815
:1063300010B5D0F8A034044673B990F898325BB920
:10634000FFF7D4FB4FF4007304F29922617B07F04E
:1063500005F9012384F8983210BD70B504461E4635
:1063600000230846336094F87830EBB194F8983203
:10637000D3B9D4F8A054D4F89C14954228BF15463C
:106380002A4621F0EFFD3560D4F89C34D4F8A024DF
:106390002B44551BC4F89C34C4F8A05425B920469E
:1063A000BDE87040FFF7C4BF70BD37B50446406A12
:1063B00090F878502DB984F835500125284603B05F
:1063C00030BD02AB002243F8042DD4E90A12FFF7D6
:1063D000C4FF0199A26A0A44A262226B13680B44AB
:1063E00013600199E36A5B1A94F83410E36209B907
:1063F000126802B91BB9012384F83530DEE7606A00
:106400000025FFF795FFD9E710B50446FEF7CAFA55
:10641000204610BD10B4D0E9003409686210E407CA
:106420005DF8044B01EB020044BF8A58D35818476B
:106430000146043008B5FFF7EDFF08BD034A0346E7
:10644000C26007C983E80700704700BF500B070808
:1064500010B586B004460391684606A980E80C0092
:1064600001E90C00204603A9FFF7E8FF204606B02B
:1064700010BD37B56C46054684E80C0094E80C0066
:10648000FFF7E6FF284603B030BD0000F0B58BB043
:106490000546FFF763FB06ACFFF728FBAF7B06461C
:1064A00000212046FFF7B0FF009403234FF4007251
:1064B0003946304607F018FB2046FEF77AFAFFF718
:1064C00015FB234B06462F7B0293002329462046CB
:1064D000039302AB0CCBFFF7CCFF009402234FF4E5
:1064E00000723946304607F0FFFA2046FEF761FA9F
:1064F000FFF7FCFA174B06466F7B049300232946EF
:106500002046059304AB0CCBFFF7B3FF00940223A6
:106510004FF400723946304607F0E6FA06E02046AE
:10652000FEF747FA1EF064F9F9E7F8E72046FEF7B0
:1065300040FAFFF7DBFA4FF40073D5F89C24697B2F
:1065400007F00CF8012085F898020BB0F0BD00BFF1
:10655000D35E0408155F040808B5FFF769FF08BD9E
:1065600008B5FFF7F9FF08BD6FF015007047002967
:106570000CBF6FF0180000207047012070476FF0CB
:10658000150070476FF01500704711207047704775
:106590007047704703689B6C1847A0F59860F9E74F
:1065A000704770477047704710B50446012000F0EF
:1065B000E9FF94F8780010BDA0F59860F4E70000BA
:1065C00038B54FF0FF320123FF210B480AF0ECFBF6
:1065D0000A4D00F0B9FF044695F878301BB1012050
:1065E00000F0D0FFF8E700F0AFFF001BC728F6D996
:1065F000BDE83840FEF7BCBC5049002418430024D5
:1066000007B502AB012243F8041D1946FFF7AEFDA2
:1066100018B1019803B05DF804FB4FF0FF30F9E7C3
:10662000A0F59560FFF7ECBF07B5002302A9012292
:1066300001F8013DFFF73CFE20B19DF8070003B0D3
:106640005DF804FB4FF0FF30F9E7A0F59560FFF728
:10665000EBBF2DE9F8430446884617461E46089DC1
:10666000FFF77CFAD4F8F095B9F1000F04D02B466F
:10667000324639464046C847C4F8E085C4F8E47558
:10668000C4F8E865C4F8EC55BDE8F883B0F5966F3A
:1066900003D1012101480AF069BB70475049002429
:1066A000006870470C30704708B5FFF7FBFF002308
:1066B000036008BDCB68C3600BB15B6818477047C7
:1066C00038B50546FFF73AFA95F898325BB9D5F830
:1066D000A044B4F5007F28BF4FF400742846FFF7AC
:1066E00035FA204638BD0024F8E790F87800704766
:1066F000114B03F1780270B503600446C0F8A8247A
:1067000000F2F45603F1D80200F23465E833C0F821
:10671000AC24C0F8C034AE4204D0103D2846FEF789
:1067200048F9F8E704F5956008F06CFC2046FFF79F
:10673000E5FA204670BD00BF3C0D0708A0F5956046
:10674000FFF7D6BFA0F2AC40FFF7D2BF10B50446AA
:10675000FFF7CEFF4FF4C76120460AF073F82046DA
:1067600010BDA0F2AC40FFF7F1BFA0F59560FFF7B8
:10677000EDBF00002DE9F74304461E468846154646
:106780001AF01CFDBDF82C3004F595670146019305
:106790002A46BDF82830204600933346FFF7E6FB33
:1067A0000021384608F004FC4FF47A73002504F207
:1067B000F45904F59A60C4F8C8342946204B4E4673
:1067C000C4F8C45403F178022360C4F8A82403F188
:1067D000D802E833C4F8AC244FF48072C4F8C03453
:1067E00021F0BEFCC4F8D055C4F8D455C4F8D8552F
:1067F00004F2346530461036FEF7D4F8B542F9D1CC
:106800000023C4F83436C4F8F035B8F1000F13D0C3
:106810002046FFF783FC0FE04D4504D0103D28468D
:10682000FEF7C7F8F8E7384608F0ECFB2046FFF71C
:1068300065FA1DF0DDFFF9E7204603B0BDE8F083FF
:106840003C0D0708884238B5044606D00D46FEF7D1
:106850007FF820462946FFF72DFF204638BD08B5B2
:10686000FFF720FF0068003018BF012008BD0000BE
:1068700010B50446FFF7F3FF28B940F2022206499B
:10688000064808F065FFE068FFF70AFF0346204668
:10689000BDE81040184700BF1D0D0708280D070868
:1068A000F8B506460025FFF759F906F2F454D6F874
:1068B0003436AB420AD920462746FFF7D0FF1034C2
:1068C00020B138460135FFF7D3FFF0E7F8BD0000EF
:1068D000044BC36003460A6843F8042B002242605D
:1068E0005A607047880C070813B50446019121B916
:1068F000FFF7DAFE204602B010BD01A9FFF7E8FF5E
:10690000F8E710B4D0E9003409686210E4075DF8D4
:10691000044B01EB020044BF8A58D3581847014684
:10692000043008B5FFF7EDFF08BD0000034A034639
:10693000C26007C983E80700704700BF7C0C0708E6
:1069400010B586B004460391684606A980E80C009D
:1069500001E90C00204603A9FFF7E8FF204606B036
:1069600010BD37B56C46054684E80C0094E80C0071
:10697000FFF7E6FF284603B030BD00002DE9F041E7
:1069800088B00446FFF7DAF8384B2046C4F8F035F3
:10699000FFF7DCF8364B04A821460293002303934B
:1069A00002AB0CCBFFF7DDFF2046FFF7C7F8D4F8AA
:1069B0003406032803D92046FFF7C8F80AE0431C31
:1069C00004EB001004A9C4F8343600F2F450FFF7C9
:1069D00039FFF0E704A8FDF7ECFFBC2009F0FEFE4C
:1069E00005460646234B05F1400746F8043B304672
:1069F000FDF7D8FF002138460AF07AFA05F154086D
:106A000040460AF013FA1C4B4FF4807218212846B6
:106A1000009300230AF0E6FA184904A8C4F8DC55EC
:106A2000FFF762FF04A928460AF086FB10E0404603
:106A30000AF03CFA38460AF084FA3046FDF7B9FF0E
:106A4000BC21284609F0FEFE1DF0D2FEF2E7F4E775
:106A500004A8FDF7AEFF2046FEF774FC08B0BDE8C1
:106A6000F08104A8FDF7A5FFEEE7FAE78D660408BC
:106A7000455304087C280708940C0708C1650408DE
:106A8000A0F59860FFF77ABF0368184708B5FFF7CD
:106A9000FBFF08BD08B5FFF742FF08BD08B5FFF7CB
:106AA000F9FF08BD37B50F4C0F4D20460AF04EF9DF
:106AB0002A460E49204609F037FC42F21203012211
:106AC0000B4CCDE9003200224FF4F853204611461A
:106AD000FFF750FE2A460749204603B0BDE8304084
:106AE00009F022BC5049002400000024730D050861
:106AF00018430024F1660408034B00221A7008B101
:106B000021F0E4BB704700BF740C002410B50446AC
:106B100088B0C0B1124B1B78DBB103A81DF032F86E
:106B2000042202AB03A80DEB02011DF08DF868B939
:106B300003A81DF077F8019B002BB8BF5B4293FBC5
:106B4000F4F204FB1234204608B010BD4FF0FF33BE
:106B5000F5E721F0C3FB90FBF4F303FB1404F2E729
:106B6000740C002408B51FF0F9FB2DE9F04F027DED
:106B700085B005460E46012A40F08E8000214FF078
:106B8000FF3B04460B465F4694F804C048B2BCF194
:106B9000000F73D194F805C0BCF1000F6ED1B7F1AE
:106BA000FF3F17BF0133012338465BB2934201DD3B
:106BB0001A4683460131023408295DD1002402EBD4
:106BC0000B03A1460293CB4502DC029B4B4558DCEC
:106BD00095F8058095F804A04FEA281708F00F08EB
:106BE0000AF00F035FEA2A1AFAB201926FD05FFA35
:106BF0008AF1BAF1090F30460393D4BF30315731CF
:106C000000F0CEF8039B0444092B3046039394BF55
:106C100003F1300103F1570100F0C2F80444BAF166
:106C2000000F02D1039B03B94FB1092F019F3046DA
:106C3000D4BF30375737F9B200F0B2F80444B8F196
:106C4000090F304694BF08F1300108F1570100F0F8
:106C5000A7F8B9F1070F044404D03A21304600F0F8
:106C60009FF8044409F101090235B9F1080FAAD1CE
:106C7000204605B0BDE8F08F074685E74FF0FF30AE
:106C800098E7CB45EED1BBF1000FE6D13A21304673
:106C900000F086F80444E0E700F1100700F1130962
:106CA000002417F8011B0A22304600F0EFF8804656
:106CB0002E21304600F074F8B94540440444F0D128
:106CC0000A22E97C304600F0E1F80444D0E7002BCA
:106CD0009AD1A9E7054B102210B50446036001754F
:106CE0000021043021F03CFA204610BD580E070860
:106CF00070B5074D8374056000259DF8103005754B
:106D000045608560C56001744274C37470BD00BF86
:106D1000580E070807B501210648FFF7DBFF0023DF
:106D200005481A4619460093FFF7E2FF03B05DF8E5
:106D300004FB00BF644900247C4900242DE9F04194
:106D400006460D4601EB02080C464445A4EB050738
:106D500007D03368304614F8011B1B689847002899
:106D6000F3D13846BDE8F08170B5044608460D46BB
:106D700021F0A6FF23680246294620465B68BDE84D
:106D80007040184709B1FFF7EFBF08467047036826
:106D90008A685B680968184708B5FFF7F3FF08BD04
:106DA00003681B68184700000149FFF7DDBF00BFFB
:106DB000E356070838B50546FFF7E9FF04462846BD
:106DC000FFF7F2FF204438BD38B50546FFF7DAFF7C
:106DD00004462846FFF7E8FF204438BD70B58AB066
:106DE0000D460023012A98BF0A220AA901F8043D92
:106DF000B5FBF2F402FB14562546F3B2092E94BFFC
:106E000030333733DBB201F8013D002CF0D1FFF70E
:106E1000B9FF0AB070BD2DE9F04107460E46154690
:106E20002AB90368C9B21B68BDE8F04118470A2AAD
:106E300005D1002905DBBDE8F041FFF7CFBFD2B295
:106E4000F9E72D21FFF7ACFF04462A467142384688
:106E5000FFF7C4FF2044BDE8F081FFF7DCBF38B581
:106E60000546FFF7D8FF04462846FFF79DFF20445C
:106E700038BD10B42AB90368C9B25DF8044B1B6869
:106E80001847D2B25DF8044BFFF7A8BFFFF7F1BF78
:106E9000FFF7EFBF2DE9F04F9046994693B00646B5
:106EA00058EA09039DF8705008D103680127302182
:106EB0001B689847384613B0BDE8F08F012D4FF698
:106EC000FF734FF0000A4FF0010798BF0A2593FBAC
:106ED000F5F39BB215FB07F70AF1010ABFB25FFA9F
:106EE0008AFABB42F6D8BAB200230024CDE90023C7
:106EF000DDE900231FFA88FB4B4508BF424522D23B
:106F0000404649461EF024F910FB07F380468946A7
:106F1000ABEB030B00221FFA8BFBD1B263188A453F
:106F2000DBB202D85444E4B2E2E79BFBF5F112A8CD
:106F30000132034411FB05F0ABEB000B03F840BC3E
:106F40001FFA81FBE9E7BBF1000F0ED012AB611C09
:106F50009BFBF5F21C4412FB05F3ABEB030B04F8AF
:106F600040BC1FFA82FBCCB2EDE702AB27461D19ED
:106F7000002C9FD015F8011D013C336830460929CB
:106F8000E4B21B6894BF30313731C9B29847EFE79C
:106F900030B4029C24B90368D1B21B6830BC1847D6
:106FA000E4B2029430BCFFF775BF0000000000009F
:106FB00070B52DED068B0A9D064643EC182BB4EEFA
:106FC000488B002DB8BF0225F1EE10FA06D73C49D8
:106FD000BDEC068BBDE87040FFF7C6BEB0EEC87BC7
:106FE0009FED316BB4EE467BF1EE10FA01DD3549D1
:106FF000EEE79FED2F7BB4EEC78BF1EE10FA02DDCA
:1070000031493046E4E79FED2C7BB4EEC78BF1EEBF
:1070100010FAF5D4B5EEC08BF1EE10FA11D52D2192
:10702000B1EE488BFFF7BCFE0446B6EE007B0023B2
:10703000B2EE046BDAB20133AA4204DA87EE067BC1
:10704000F8E70024F1E738EE078B0A223046BCEE61
:10705000C89B19EE101AFFF7C1FE0444EDB1B8EE5B
:10706000499B1A493046B2EE04ABFFF77DFE04445B
:1070700038EE498B15F1FF350FD328EE0A8B0A2223
:107080003046BCEEC89B19EE101AFFF7A7FEB8EE0B
:10709000499B044438EE498BECE7BDEC068B204657
:1070A00070BD00BFAFF30080FFFFFFFFFFFFEF7F6A
:1070B000000000E0FFFFEF41000000E0FFFFEFC134
:1070C0005C0E0708600E0708640E0708DDF406086A
:1070D000FFF76EBF10B5044600F036FAE060236893
:1070E00020465B699847002808DA00F02DFAE3682B
:1070F000C01AA3689842F2D34FF0FF3010BD0000D1
:1071000070B50D460B490446164600F060F8284657
:10711000FFF7E0FF00280BDBC1B2B14208D02046E8
:1071200000F0C0F8F3E7204600F006F81DF060FB21
:10713000204670BD7021070810B50446006808B1EC
:1071400020F0C6FB204610BD10B50446006808B10B
:1071500020F0BEFB00232360C4E9013310BD38B525
:1071600004460D460068013121F0D6F810B1C4E99B
:107170000005012038BD036810B5044623B14368FB
:107180008B4201D3012010BD2046FFF7E8FF002805
:10719000F9D0A368002BF5D122681370F3E770B51E
:1071A0000E46114604461546FFF7E5FF20B9204676
:1071B000FFF7CAFF204670BD2A463146A560206809
:1071C00020F0D0FE2268A3680021D154F2E738B540
:1071D000002304460D468360C0E9003339B10846F8
:1071E00021F06EFD294602462046FFF7D8FF2046D3
:1071F00038BD38B505460C46084621F061FD2146EC
:1072000002462846BDE83840FFF7C9BF10B5002345
:107210008AB00446084601A9A360C4E9003300F01F
:1072200047F9204601A9FFF7E4FF20460AB010BD48
:1072300088420B4610B5044604D0096821B19A680B
:10724000FFF7ADFF204610BDFFF77EFFFAE70023F2
:1072500010B504468360C0E90033FFF7E9FF20461C
:1072600010BD2DE9F04105461746884619B900269C
:107270003046BDE8F0819AB1846814442146FFF796
:107280007AFF06460028F2D0AB683A4628684146A5
:10729000184420F067FE2B680022AC601A55E7E71F
:1072A0000126E5E707B502AB012203F8011D1946E7
:1072B000FFF7D7FF03B05DF804FB10B58A680446FA
:1072C0000968FFF7CEFF10B92046FFF73DFF2046C3
:1072D00010BD826808B52AB959B10878B0FA80F0B3
:1072E000400908BD006809B90078F7E721F00CFBF8
:1072F000F4E70120F5E7884270B515D083688A6805
:1073000093420FD183B104680D68013C14F8010F5A
:1073100050B123F0A5FB064615F8010B23F0A0FBA6
:107320008642F3D0002070BD0120FCE710B58368D1
:1073300014468A689B1AA3420AD3006838B10968C8
:1073400041B1204421F02AFDB0FA80F0400910BD7F
:107350000020FCE70846FAE782688B689A4202D36D
:107360000022FFF7E3BF0020704783688B4203D9F8
:10737000006810B1405C704700207047FFF7F5BF10
:107380008368934210B506D90468A01821F036FA34
:1073900008B1001B10BD4FF0FF30FBE70022FFF7E4
:1073A000EFBF00009A42F8B51D460F4688BF13464E
:1073B0000B491446064684BF2C461D46FFF707FFBF
:1073C000BA68A2420AD93968AA4294BFC4EB020241
:1073D000C4EB050230462144FFF7E1FE3046F8BD1C
:1073E000702107082DE9F0410768064617B3846845
:1073F00004B33D46287805F1010820F089F848B922
:10740000013C3C44207820F083F828B1A54203D801
:10741000013CF7E74546EDE7621CAF42A2EB0502EF
:10742000B26003D22946384620F036FE3268002189
:10743000B368D154BDE8F081006808B11EF096BF72
:107440007047F0B58BB039B3931E222B2ED80A2A81
:1074500006D1002804DA4442012601AB1D460FE0A4
:1074600004460026F9E7B4FBF2F002FB104704469D
:107470000133F8B2092F94BF3030573003F8010CB4
:10748000002CF0D1AB42EED04EB12D204A1C08703A
:10749000AB4206D80023137008460BB0F0BD0A4675
:1074A000F6E713F8010D02F8010BF1E70021F3E70D
:1074B000FFF7C7BF10B500F067F80A4CFDF7A6FD4F
:1074C000FEF714FBFEF709FB4FF4E1310648FFF726
:1074D00055FAFBF7ADFEFCF7AFF8002CFBD0AFF38D
:1074E0000080F8E7000000001843002470B505464E
:1074F0000024074EFDF7A6FCE3B2984206D91846D1
:107500001B010134F35EAB42F4D170BDFF20FCE7F8
:107510005400002410B50446FDF794FC84423BBFA0
:107520002401024B4FF0FF30185F10BD54000024BF
:1075300010B5044604F09CFE204610BD10B504466C
:1075400004F096FE204610BD07B50749684604F0D2
:10755000CCFE4FF47A720023DDE900011DF0A8FD96
:1075600003B05DF804FB00BF9849002407B5044947
:10757000684604F0BAFE009803B05DF804FB00BF53
:10758000B049002409F0E4BC08B5044804F07AFED0
:107590000348BDE8084004F075BE00BFB0490024B0
:1075A0009849002409F0E4BC38B50A4C0A4D20463D
:1075B00004F0D8FE2046094C2A46094908F0B4FEDA
:1075C000204604F0DAFE2A4620460649BDE8384047
:1075D00008F0AABEB0490024000000249849002405
:1075E0003D7504083175040870B50446FDF72AFCA2
:1075F000844202D34FF0FF3070BDFDF723FC84427C
:10760000F8D20E2C1B4B13D803EB0413B3F9F06024
:10761000721CEFD0184B03EBC4035D68D5B9702022
:1076200009F0DCF8154A3146054604F019F809E07E
:1076300022019E5E731CDDD00F4B03EBC40353F895
:10764000745CEBE70C4B0E2C03EBC40494BF656039
:1076500044F8745C284603F0DDFF094B1B68C3F156
:1076600010031841C8E77021284609F0EBF81DF017
:10767000BFF800BF54000024140000240000C07FA5
:10768000780C002470B504460D46164600211C22D5
:1076900020F066FD20463246294606F0A1FE20462F
:1076A00070BD00002DE9F04104460E46FDF7CAFB0F
:1076B00084423CD21F4D2701EA19D06810B11C2129
:1076C00009F0C0F82046FFF725FF80461C2009F08E
:1076D00085F8044600211C2220F042FD4146204648
:1076E00006F07BFEEB19012EDC6010D006D3022ED3
:1076F00012D0204603F0DFFF022103E0204603F012
:10770000DAFF00212046BDE8F04103F0E1BF20464A
:10771000BDE8F04103F0C2BF204603F0CCFF0121D9
:10772000F0E71C21204609F08DF81DF061F8BDE856
:10773000F08100BF5400002430B589B004460D46E6
:10774000FFF7D4FEC0B2FF2804D02946FFF7AAFFF6
:1077500009B030BD012D14D00AD3022D1CD0022255
:10776000214601A8FFF78EFF01A806F0D5FDEFE73F
:107770000022214601A8FFF785FF01A806F0CCFDF5
:10778000E6E71C22002101A820F0EAFC00222146A5
:1077900001A806F027FEDBE70122214601A8FFF73A
:1077A00071FF01A806F0B8FDD2E700002DE9F34112
:1077B00006460F46FDF746FB86422AD21B4D4FEA8E
:1077C000061805EB0802D468ACB93046FFF7A2FEF4
:1077D00006461C2009F002F804461C22002120F075
:1077E000BFFC0097002301223146204606F013FE1D
:1077F00005EB0803DC600E4B0E491A46D3F89400E3
:107800008842FBD123683FB1A1680B604FF44073FD
:10781000536102B0BDE8F081E1681B04F5E71C216B
:10782000204609F00FF81CF0E3FF00BF54000024CD
:10783000006402580003008030B589B005460C464C
:10784000FFF754FEC0B2FF2804D02146FFF7AEFF79
:1078500009B030BD1C22002101A820F081FC29467E
:1078600001A806F0D5FD094B09491A46D3F8940042
:107870008842FBD1019B2CB103990B604FF44073FC
:107880005361E5E71B040499F7E700BF0064025861
:10789000000300801EF0040F0CBFEFF30880EFF32D
:1078A0000980816911F8021C002932D101B590E8E4
:1078B0000F10E047BDE800508CE80300244B93E82C
:1078C0000600914208BF70471A6041B91EF0100FC0
:1078D00010D1204B186820F0010018600AE02CE954
:1078E000F00F1EF0100F08BF2CED108A81F822E077
:1078F000C1F838C0906B92F8221061F0FF0E1EF0B4
:10790000100F08BFB0EC108AB0E8F00F80F30988C0
:107910007047114A13689942FAD801B552F821C04C
:107920000FC8E047BDE80050CCF80000704701B533
:1079300001F000FCBDE80140EFF3098CBEE701B5A2
:1079400001F0BCFBBDE80140EFF3098CB6E7000095
:10795000900C002434EF00E0300F0708014608B512
:1079600030B96FF0030000F01DFA6FF0030008BD9E
:10797000132002F03FF830B94FF0FF3000F012FA58
:107980004FF0FF30F3E70020F1E7000008B5EFF318
:1079900005832BB9EFF3108313B9EFF3118333B1E0
:1079A0006FF0050000F0FEF96FF0050008BDDFF88C
:1079B00008C000DFFAE700BF5D790408EFF3108329
:1079C0002BB9EFF31180003818BF01207047012058
:1079D000704710B520B10378F32B01D1002906DAE6
:1079E0006FF0030102F044FB6FF0030010BD00F1E3
:1079F0000C0353E8000F20EA010243E8002404B11D
:107A0000F7E7F3E738B50546A0B1846802686CB1C2
:107A100014F0030302D1C1680F2926D800246FF0A7
:107A20000801002002F024FB204638BDC368002B6B
:107A3000F4D11546104BD3F8900078B100F0B3FCA8
:107A40000446A0B10123F322A370002365602270D5
:107A50000A4AC4E90233084B5A66E5E701221021BD
:107A6000D3F8800000F026FCEAE71546EBE76FF05C
:107A7000040102F0FDFAD7E77C0C0024E97A04083F
:107A8000930710B502F0010422D400F10C0384B175
:107A900053E8000F00EA01028A4203D0BFF32F8FA0
:107AA000002005E020EA010243E8002404B1EFE7EA
:107AB00010BD53E8000F084203D1BFF32F8F002001
:107AC00005E020EA010243E8002404B1F1E7EFE712
:107AD000C06801EA00031CB1994218BF0020E7E723
:107AE000002B08BF0020E3E7F8B50546846804B919
:107AF000F8BD94F823202846616AA768FFF7C0FF05
:107B0000064638B1204601F0F6FC002231462046F8
:107B100001F08AFE3C46EAE7F8B50D4617461E46D8
:107B2000044620B10378F32B01D1002907DA20465F
:107B30006FF0030102F09CFA6FF00300F8BDFFF74D
:107B40009FFF0028FAD186B13146432001F052FF51
:107B500040B1074B20465E69314601F0B1FC7562C9
:107B600086F823706FF00100E8E76FF00200E5E7A8
:107B70007C0C002470B5054610B10378F32B07D0B8
:107B800028466FF0030102F073FA6FF0030070BD36
:107B9000836863B1284601F0A5FC00226FF0020162
:107BA00001F042FEA8680028F4D101F023FDAB7873
:107BB000002613F001032E700FD0094B2946D3F88D
:107BC000904024B1204600F008FC3046DFE7D3F8AF
:107BD000800000F0A4FB2046D9E71846D7E700BF95
:107BE0007C0C00242DE9F041064620B10378F32BEC
:107BF00001D1002909DA6FF003056FF00301304667
:107C000002F036FA2846BDE8F08100F10C0353E893
:107C1000002F42EA010543E8005000B1F7E7B468DD
:107C20001CB9204601F0E6FCECE794F8232030462E
:107C3000616AD4F80880FFF723FF074678B194F80B
:107C400023309B0756BF656A054620EA0505204696
:107C500001F051FC00223946204601F0E5FD444682
:107C6000DEE70000024608B5EFF3058333B10020DC
:107C70006FF0050102F0FCF9002008BDFFF79EFE41
:107C80000028F4D11046DFF808C000DFF5E700BF98
:107C9000057A0408024638B5EFF305834BB192B973
:107CA0006FF003046FF00301104602F0E1F9204683
:107CB00038BDFFF783FE0028F1D11046DFF82CC055
:107CC00000DF0446F3E71378F32BE9D10029E7DB63
:107CD00002F10C0353E8000F40EA010443E80045B9
:107CE00005B1F7E7104601F06DFAE0E7E57B04081F
:107CF000024608B5EFF3058323B11046BDE80840FE
:107D0000FFF767BEFFF75AFE0028F6D11046DFF8EE
:107D100008C000DF08BD00BFD379040838B50446A9
:107D20001D46EFF3058343B18CB920466FF0030184
:107D300002F09EF96FF0030038BDFFF73FFE002808
:107D4000F2D120462B46DFF824C000DFF4E7237889
:107D5000F32BEAD1002DE8D10029E6DB2046FFF71E
:107D60008FFE002808BF6FF00200E5E7197B0408CA
:107D7000024608B5EFF305833BB110466FF00501ED
:107D800002F076F96FF0050008BDFFF717FE002836
:107D9000F3D11046DFF804C000DFF5E7757B040877
:107DA000704770477047EFF310832BB9EFF31180E2
:107DB000003818BF0120704701207047064BDA6A6F
:107DC0003AB1D0695B6C1BB11B69984228BF184659
:107DD00070474FF0FF30F5E77C0C0024014BD8686A
:107DE000704700BF7C0C002408B5094B1A7A022AA0
:107DF00008D0032A0AD04FF0FF3002F02DF94FF0DF
:107E0000FF3002E0032200201A7208BD0120FCE7C7
:107E10007C0C002408B5094B1A7A022A0CD0032ADC
:107E200003D1022201201A7208BD4FF0FF3002F088
:107E300013F94FF0FF30F7E70020F5E77C0C002442
:107E400070B5464C237A012B00F0858033B14FF09A
:107E5000FF3002F001F94FF0FF3070BD404DEB688C
:107E6000E3652B8AD5E90B61A4F85430AB68304642
:107E7000236400F007FA08B1C4F88060D5E9056111
:107E8000304600F0FFF908B9D4F880606667D5E99C
:107E90000761304600F0F6F908B9D4F88060A667AB
:107EA000D5E90961304600F0EDF908B9D4F88060F1
:107EB000E6676E6B3EB131683046D6E9022300F0CA
:107EC00051FAC4F88460AE6B3EB131683046D6E9F1
:107ED000022300F047FAC4F88860EE6B3EB13168C7
:107EE0003046D6E9022300F03DFAC4F88C602E6CCF
:107EF0003EB131683046D6E9022300F033FAC4F8C7
:107F000090606E6C3EB131683046D6E9022300F0D5
:107F100029FAC4F89460AE6C3EB131683046D6E9B7
:107F2000022300F01FFAC4F89860EE6C3EB131688D
:107F30003046D6E9022300F015FAC4F89C602D6D96
:107F40003DB129682846D5E9022300F00BFAC4F8B0
:107F5000A0500123237200207FE700BF7C0C002487
:107F6000C00E070870B5254D2B7A012B07D06FF096
:107F700006004FF0FF3402F06FF8204670BD01F0AC
:107F80009DFD10B94FF0FF30F3E71D4AFF231D4E52
:107F900082F8223092F82230D26863F0FF031A4947
:107FA000C2F302227068DB4314BFB3FA83F32023C9
:107FB000C3F12003934298BF531CFE2202FA03F33D
:107FC0000F4ADBB2D37702F0A3F804460028D9D1D8
:107FD00002F0F6F8286102F0DFF80C4801F082FAAE
:107FE00001F000FB3368DB074CBF0223032383F35C
:107FF0001488BFF36F8F02232B72BEE77C0C002422
:1080000000ED00E0C00E07083F790408980C00243A
:1080100008B50A4B1A7A023A012A02D840B101285F
:1080200009D04FF0FF3002F017F84FF0FF3001E0B9
:1080300002221A7208BD0322FBE700BF7C0C002459
:1080400010B50F4C237A022B13D102F0ADF80123A7
:108050006372BFF34F8F0B4A5168C90003D54FF0CD
:1080600000615160A37204232372BDE81040FFF742
:10807000A5BE6FF0070001F0EFFF002010BD00BFAC
:108080007C0C002400ED00E038B51E4C0546237A38
:10809000042B35D1FFF792FEE26AA842034694BF53
:1080A00000F1FF332B4612B1D069C01AD061626C67
:1080B00012B11069C01A1061E06803440544E3601E
:1080C000E368AB4213D102230020237201F092FA3D
:1080D00000236372BFF34F8FA27A22B1A3724FF0D5
:1080E0008052094B5A60BDE8384002F055B8013360
:1080F000E36001F03DFA236D002BE1D09847DFE704
:1081000038BD00BF7C0C002400ED00E0704738B59E
:1081100004460D46FFF744FE29462046BDE8384098
:1081200001F05CBF08B5FFF7F1FFEFF3058333B152
:108130006FF0050001F090FF6FF0050008BDFFF73C
:1081400032FE0028F4D1DFF808C000DFF6E700BFF8
:10815000417E040808B5EFF3058333B16FF00500E5
:1081600001F07AFF6FF0050008BDFFF71CFE002844
:10817000F4D1DFF808C000DFF6E700BF657F040830
:1081800008B5EFF3058333B16FF0050001F064FF2C
:108190006FF0050008BDFFF706FE0028F4D1DFF8F8
:1081A00008C000DFF6E700BFE97D040808B5EFF37B
:1081B000058333B16FF0050001F04EFF6FF005004D
:1081C00008BDFFF7F0FD0028F4D1DFF808C000DF9C
:1081D000F6E700BF157E0408024608B5EFF30583F5
:1081E00033B16FF0050001F037FF6FF0050008BDF7
:1081F000FFF7D9FD0028F4D11046DFF808C000DFF2
:10820000F5E700BF1180040808B5EFF305832BB133
:108210006FF0050001F020FF002008BDFFF7C3FD4F
:108220000028F5D1DFF804C000DFF6E7418004083C
:10823000024608B5EFF305832BB16FF00500BDE8EA
:10824000084001F009BFFFF7AEFD0028F5D1104648
:10825000DFF804C000DF08BD8980040808B5EFF32B
:10826000058313B1054BD86808BDFFF79CFD0028B6
:10827000F8D1DFF80CC000DFF6E700BF7C0C00246B
:10828000DD7D040810B598B140EA010313F007033F
:108290000ED117290AD90160083910220C18426042
:1082A00084600B5081684A60C3600123184610BD8A
:1082B0000023FBE7F0B580B399B132F003032CD172
:1082C0000F3100F1080521F007072B462D685C6887
:1082D000E91A24F00304091B8F4204D929680029F4
:1082E000F3D10846F0BD46683A4304683E44466010
:1082F000204450F8041C08388E4288BF46605868F5
:1083000018B903F108015A60EBE720F003001918CF
:108310001D504A6019600831E3E70021E1E730B5FC
:1083200090B1D9B1A1F1080500F108040022AC42D6
:108330000BD151F8043C23F0030443681B1B43603A
:1083400042B941F8042C012030BD236822463BB1DC
:108350001C46ECE751F8083C1360F4E70846F3E7E5
:108360001846F1E730B5C0B189B1C2B1CBB1002434
:108370000160C3604361C0E9014202FB01F41D19C1
:1083800005611846013904D1A21A99500121084605
:1083900030BD851805602846F4E70146F7E7114629
:1083A000F5E71946F3E7034610B5A8B100F114024A
:1083B00052E8000F10B9BFF32F8F04E0016842E8C4
:1083C000001404B1F4E738B1043353E8002F511C12
:1083D00043E8001404B1F8E710BD30B5F0B1C3684C
:1083E0008B421BD803698B4218D900F114031A6819
:1083F0000A60BFF35F8F53E8002F0C689442F6D1F8
:1084000043E8001505B1F2E7043050E8003F5A1E7A
:1084100040E8002101B1F8E7002030BD6FF0030013
:10842000FBE7EFF310832BB9EFF31180003818BF8F
:108430000120704701207047036B30B5E3B1CD7860
:108440000024DA78AA420FD31A46C1E901248AB17E
:108450009160A4B16160283050E8003F5A1C40E8A8
:10846000002101B1F8E730BD5A681C46002AECD063
:108470001346E6E7C162ECE7C1E90133C16201637B
:10848000E9E7D1E9013223B19A608A681AB15360F1
:108490007047C262F9E703637047F8B5877804460E
:1084A0008FB3C5680027014605F10C062846FFF783
:1084B000E8FF27703046FFF790FFAB68002B48D0ED
:1084C0003046FFF770FF0446002842D0284601F0EE
:1084D00009F806463A46394601F0A6F9304601F059
:1084E00077F86A6A0646816804F10C001FF03AFDCD
:1084F000F923A7702370F368E37021462846BDE88E
:10850000F840FFF799BF8568AB68002BF5D05B7822
:10851000832BF2D1284600F0E5FF06463A4639465D
:1085200001F082F9304601F053F806466A6A04F118
:108530000C0180681FF016FDF3680BB1E2781A7029
:108540000023214605F10C002370BDE8F840FFF739
:1085500044BFF8BD2DE9F0410C4617469846054644
:1085600018B10378FA2B00D141B928466FF0030106
:1085700001F094FD6FF00300BDE8F0818368C3B1A2
:108580005B78832B15D100F0ADFF06460122002158
:1085900001F04AF9304601F01BF806466A6A2146A6
:1085A00080681FF0DFFCF0680028E5D0077000202D
:1085B000E2E705F10C00FFF7F6FE064670B1214632
:1085C0006A6A0C3000241FF0CDFCF923314628469E
:1085D0003370B470F770FFF72FFFE8E7B8F1000FC2
:1085E00010D04146932001F005FA40B1074B2846D0
:1085F000596900F065FFEFF30983C3E902476FF0A3
:108600000100B9E76FF00200B6E700BF7C0C002460
:108610002DE9F84F8846074638B131B1B0FA80F3FA
:10862000B1FA81F10B441F2B06DC6FF0030100202F
:10863000002401F033FD70E008F1030626F0030684
:108640000C3606FB00F9F2B194683CB1A30702D1E5
:10865000D368332B05D86FF00801E8E7D368002B07
:10866000F9D1D2F800A0D2E904533DB115F0030BC3
:1086700001D1994554D96FF00901D8E7002BFAD1FF
:108680001CB19B460CE092461546274BD3F8A00040
:10869000D8B1FFF788FE0446A0B14FF0010B35BBFF
:1086A000214B00224946D86FFFF704FE0546C0B9AA
:1086B000BBF1000F06D01C4B2146D3F8A00058B1E7
:1086C000FFF78BFE6FF00401B1E701223421D3F8EC
:1086D0008000FFF7EFFDDEE7D3F88000FFF71FFE15
:1086E000F0E74BF0020B4A4600211FF039FDFA2358
:1086F0003246394604F10C002370002384F802B09E
:10870000A360C4F804A0C4E90983C4E90B332B4671
:10871000FFF728FE044B054A1A672046BDE8F88F8C
:10872000002CE4D1B1E700BF7C0C00249B8404083A
:1087300000F1280310B553E8002F12B9BFF32F8FB3
:1087400004E0511E43E8001404B1F4E70AB9002024
:1087500010BDC06A01230028F9D0821CD2E84F1F47
:10876000C2E8443F04B1F9E711F0FF0FF0D0806890
:10877000F1E700002DE9F0410F4615469846044602
:1087800018B10378FA2B00D141B920466FF00301EC
:1087900001F084FC6FF00300BDE8F081FFF7C8FF33
:1087A000064600283AD001462046FFF76AFE626A74
:1087B00006F10C0138461FF0D5FB0DB1F3782B7094
:1087C000002504F10C07314638463570FFF705FEE9
:1087D000A3680BB90020DFE73846FFF7E4FD064643
:1087E0000028F7D0204600F07DFE074629460122EA
:1087F00001F01AF8384600F0EBFE626A074681681D
:1088000006F10C001FF0AEFBF923B5703146337052
:108810002046FB68F370FFF70FFEDBE7B8F1000FAF
:1088200010D04146832001F0E5F840B1074B2046C7
:10883000596900F045FEEFF30983C3E902756FF053
:108840000100A9E76FF00200A6E700BF7C0C00243E
:1088500008B5064B08219A6ED86EFFF7D9FE044B77
:10886000D864B0FA80F04009404208BDC00E070845
:108870007C0C00242DE9F04106460F4690461C462C
:10888000EFF305834BB196B930466FF0030101F069
:1088900005FC6FF00300BDE8F081FFF7C2FD002882
:1088A000F1D130462346DFF848C000DFF3E73378E4
:1088B000FA2BE9D1002FE7D0002CE5D106F10C000E
:1088C000FFF771FD054680B1726A39460C301FF022
:1088D00049FBF9232846AC702B7085F80380C5E965
:1088E000017600F06FFC2046D5E76FF00200D2E77A
:1088F00055850408F8B504460F4616461D46EFF3A5
:10890000058343B18CB920466FF0030101F0C6FB2B
:108910006FF00300F8BDFFF784FD0028F2D1204678
:108920002B46DFF844C000DFF4E72378FA2BEAD1C6
:10893000002FE8D0002DE6D12046FFF7F9FE0546CE
:1089400070B100F10C01626A38461FF00BFB0EB1EA
:10895000EB7833702846EC6000F034FC0020D9E757
:108960006FF00200D6E700BF75870408EFF31083AD
:108970002BB9EFF31180003818BF01207047012098
:108980007047000070B5A8B38468D0E900566CB198
:1089900014F0030302D1C2681B2A1AD800246FF016
:1089A0000801002001F06AFB204670BDC368002B5F
:1089B000F4D1124BD3F8940030B901221C21D3F822
:1089C0008000FFF777FC01E0FFF7EDFC044660B1A3
:1089D0000123F522A3700023E670227065602376E0
:1089E000C4E90233C4E90433DEE76FF0040101F0A7
:1089F00045FBD9E705460646DBE700BF7C0C0024B3
:108A0000284B70B55D6904460E4635B96FF0070115
:108A100001F034FB4FF0FF3070BD10B10378F52B3F
:108A200007D020466FF0030101F028FB6FF0030030
:108A3000F2E7037E53B9C0E90353EB6A436103B124
:108A400018610123EC6200202376E5E7C278D107A4
:108A50000DD5C168A9420AD1FF2B06D16FF00F01D5
:108A600001F00CFB6FF00200D6E70133EBE7002EBC
:108A7000F8D093070AD5E06895F9203090F92020C6
:108A80009A4203DA80F8203000F03EFD3146532050
:108A900000F0B0FF18B12946204600F011FD6FF03C
:108AA0000100B9E77C0C00242E4B5A6970B50446CE
:108AB00032B96FF0070101F0E1FA4FF0FF3070BDFD
:108AC00010B10378F52B07D020466FF0030101F0B9
:108AD000D5FA6FF00300F2E7037E33B96FF00E01B1
:108AE00001F0CCFA6FF00200E9E7C168914202D0D0
:108AF0006FF00D01F4E7013BDBB2037613BB436972
:108B00000BB1016919612169F1B14B6192F9213011
:108B1000D56ADDB982F82030A36883B1204600F021
:108B2000E1FC06462A46294600F07EFEF36AC4E9C7
:108B30000365636103B11C610123F46223760020A5
:108B400000F058FD0020BAE7D362DFE7E978890733
:108B500006D5A96821B191F920108B42B8BF0B4608
:108B60006D69D6E77C0C002470B5044610B103781B
:108B7000F52B07D020466FF0030101F07FFA6FF06C
:108B8000030070BD037EBBB16369C0680BB122698D
:108B90001A61226902B3536190F92120C36AEBB9CB
:108BA00090F92030934203D080F8202000F0ACFCF4
:108BB000A068F8B900F01EFDA078002610F00100B2
:108BC0002670DED0134B2146D3F89450DDB12846F1
:108BD000FFF703FC3046D4E7C362DDE7D9788907A5
:108BE00006D5996821B191F920108A42B8BF0A468A
:108BF0005B69D4E7204600F075FC00226FF00201AB
:108C000000F012FED4E7D3F88000FFF788FB284677
:108C1000B7E700BF7C0C00242DE9F0410446002694
:108C200001270CB9BDE8F081E378D4F814801B0764
:108C300012D5A36826767BB1204600F053FC0022B3
:108C40000546114600F0F0FDEB6AC4E90356636186
:108C500003B11C61EC6227764446E2E710B4C378A6
:108C60009B071DD5C06890F92120C36ADC78A40752
:108C700009D59C688C4208BF8C6824B194F92040C7
:108C8000A242B8BF22465B69002BEFD190F9203099
:108C9000934205D080F820205DF8044B00F034BCEE
:108CA0005DF8044B70470000024608B5EFF30583FA
:108CB00033B100206FF0050101F0E0F9002008BD9C
:108CC000FFF754FE0028F4D11046DFF808C000DF9B
:108CD000F5E700BF85890408024608B5EFF3058370
:108CE0003BB110466FF0050101F0C8F96FF00500C7
:108CF00008BDFFF73BFE0028F3D11046DFF804C0A3
:108D000000DFF5E7018A0408024608B5EFF30583A2
:108D10003BB110466FF0050101F0B0F96FF00500AE
:108D200008BDFFF723FE0028F3D11046DFF804C08A
:108D300000DFF5E7A98A0408024608B5EFF30583CA
:108D40003BB110466FF0050101F098F96FF0050096
:108D500008BDFFF70BFE0028F3D11046DFF804C072
:108D600000DFF5E7698B0408EFF310832BB9EFF30D
:108D70001180003818BF01207047012070470C3067
:108D8000D0E85F3F13B9BFF32F8F04E05A1EC0E84D
:108D9000512F01B1F4E798B2003818BF0120704795
:108DA00030B500F10C02C189D2E85F3F994202D888
:108DB000BFF32F8F04E05C1CC2E8554F05B1F3E709
:108DC000C0899BB2984294BF0020012030BD0000B2
:108DD000F8B515464FF6FE73421E06460F469A42F8
:108DE00001D8884207D26FF003010024002001F06F
:108DF0004BF92046F8BD7DB1AC682A6844B114F047
:108E0000030302D1E9680F2922D86FF00801ECE7CB
:108E1000EB68002BF9D11546114BD3F8980080B1BF
:108E2000FFF7C1FA0446A8B10123F622A37000237C
:108E300065602270A3600B4A094BA781E6819A66A0
:108E4000D7E701221021D3F88000FFF733FAE9E7D2
:108E50001546EAE76FF0040101F016F9C9E700BF13
:108E60007C0C0024698E0408836810B504465BB14D
:108E7000FFF785FF40B1204600F034FB0022BDE83B
:108E80001040114600F0D0BC10BD38B5054610B1F9
:108E90000378F62B07D028466FF0030101F0F4F8B1
:108EA0006FF0030038BD84683CB100F01BFB012269
:108EB000002100F0B9FC0020F4E7FFF771FF38B99A
:108EC00028466FF0100101F0DFF86FF00200E9E7CB
:108ED0002046E7E738B50D46044610B10378F62B77
:108EE00007D020466FF0030101F0CEF86FF00300C9
:108EF00038BDFFF744FF68B975B12946632000F01B
:108F000079FD20B1064B2046596900F0D9FA6FF07F
:108F10000100EDE70020EBE76FF00200E8E700BF9B
:108F20007C0C002470B5054610B10378F62B07D0F1
:108F300028466FF0030101F0A7F86FF0030070BD41
:108F4000836863B1284600F0CDFA00226FF0020179
:108F500000F06AFCA8680028F4D100F04BFBAB7865
:108F6000002613F001032E700FD0094B2946D3F8C9
:108F7000984024B12046FFF730FA3046DFE7D3F8B7
:108F80008000FFF7CCF92046D9E71846D7E700BFA5
:108F90007C0C002410B50446EFF3058333B10020A8
:108FA0006FF0050101F070F8002010BDFFF7DCFE46
:108FB0000028F4D12046DFF808C000DFF5E700BF45
:108FC000D18D0408024608B5EFF3058343B182B999
:108FD00010466FF0030101F057F86FF0030008BD71
:108FE000FFF7C2FE0028F2D11046DFF824C000DFF0
:108FF000F5E71378F62BEBD10029E9D11046FFF7FE
:10900000BEFE002814BF00206FF00200E7E700BF9B
:10901000D58E040810B50446EFF3058343B184B937
:1090200020466FF0030101F02FF86FF0030010BD30
:10903000FFF79AFE0028F2D12046DFF830C000DFAB
:10904000F5E72378F62BEBD12046FFF7A9FE20B1F8
:10905000204600F0B7F80020E9E720466FF0100145
:1090600001F012F86FF00200E1E700BF8B8E0408F8
:10907000024608B5EFF305833BB110466FF00501DA
:1090800001F002F86FF0050008BDFFF76DFE002843
:10909000F3D11046DFF804C000DFF5E7258F0408A0
:1090A00010B5D0E85F3F5A1C914200D80022C0E8BA
:1090B000542F04B1F5E798B210BD000038B51C4C30
:1090C00001F078F8E3680133E36000F051FA002022
:1090D00000F090FA236D03B19847226C32B3A36974
:1090E000E16B994203D0D969E36301B9DA61DA69C6
:1090F000C2B9237A022B19D1656ABDB1E36B95F928
:10910000202093F920309A4210D1284600F0F3F93C
:10911000E06B00F00BFA284600F064FA236CE5637C
:10912000EB6103E0013ADA61002AE2D038BD00BF0A
:109130007C0C002470B5224C04F1560504F15A064B
:10914000B4F85410D5E85F3F13B9BFF32F8F04E094
:109150005A1EC5E8502F00B1F4E79BB25BB330460E
:10916000FFF79EFFE36D53F8200020B30378F13B37
:10917000082BE5D801A252F823F000BFA191040802
:1091800041910408A7910408419104084191040801
:10919000AB910408AF91040841910408B39104080D
:1091A000236E9847CCE7636EFBE7A36EF9E7E36EA7
:1091B000F7E7236FF5E70020BDE8704000F01ABA2A
:1091C0007C0C002470B5164C0546B4F8541004F11C
:1091D0005602D2E85F3F994202D8BFF32F8F04E0D6
:1091E000581CC2E8560F06B1F3E79BB2994205D866
:1091F00029460220BDE87040FEF789BF04F15800FF
:10920000FFF74EFFE36D43F82050637A23B9054B17
:109210004FF080525A6070BD0123A372FBE700BF7C
:109220007C0C002400ED00E0EFF310832BB9EFF38A
:109230001180003818BF0120704701207047037863
:10924000F12B00D07047C068F9E7000010B5C46981
:10925000621CD0E904310CD103B1596142691AB1E1
:1092600013610023436101E0074A13630023C361D4
:1092700010BD1BB1DA6959612244DA614269002AE2
:10928000EED1014AD362F1E77C0C002401230A4AA3
:1092900090F9201043701C32936810B51BB193F9FC
:1092A00020408C4205DCC0E90232906003B1D860F6
:1092B00010BD1A469B68F1E77C0C0024014B5869ED
:1092C000704700BF7C0C002428B10378F12B01D13A
:1092D000406B704700207047084B01205A6A22B942
:1092E000DA6A2AB91B6B33B9704701309268F6E726
:1092F00001301269F5E701301B69F4E77C0C0024AA
:1093000008B500F0D1FEDFF810C000DF4FF0FF31EC
:10931000002000F0A7FEFEE791980408930710B51F
:1093200002F0010422D400F1280384B153E8000FB5
:1093300000EA01028A4203D0BFF32F8F002005E02C
:1093400020EA010243E8002404B1EFE710BD53E82E
:10935000000F084203D1BFF32F8F002005E020EA61
:10936000010243E8002404B1F1E7EFE7806A01EA73
:1093700000031CB1994218BF0020E7E7002B08BF8B
:109380000020E3E7084A0021136B10B53BB94FF00A
:10939000FF34C0E90431C46121B1086110BD194630
:1093A0001B69F3E71063F9E77C0C00240246B8B1AF
:1093B0000378F12B14D10B4B1B6813F0040010D071
:1093C000136B0949186888420AD1526B04209042F5
:1093D00000D370471958B1F1CC3F02D10430F6E701
:1093E00000207047C00E0708A52E5AE210B570B1D4
:1093F00019B3134A03460120546943F8044B546AD5
:109400005CB9D46A6CB9126B0AB1814210D810BD34
:1094100043F8044B0130A468F2E78142F8D10846D2
:10942000EFE78142EFD943F8044B01302469E9E7C3
:1094300043F8042B01301269E6E70846E7E700BF6E
:109440007C0C0024002310B50380044683789A071F
:1094500008D513F0100F016B0E4B0FD0D3F884001A
:10946000FEF7BBFFA378DB0712D50A4B2146D3F8E2
:10947000880038B1BDE81040FEF7AFBF586FFEF767
:109480004EFFEFE7D3F88000BDE81040FEF747BF7E
:1094900010BD00BF7C0C0024C2780346D20701D463
:1094A000FFF7D0BF042242700022C260034A516B12
:1094B000816001B1C8605363704700BF7C0C002419
:1094C00091F92020836810B51BB193F92040944294
:1094D00005DAC1E90230816003B1D96010BD1846D8
:1094E0009B68F1E783689A68826002B1D0600022CD
:1094F0001846DA607047C2682AB18368936003B186
:10950000DA600023C360704710B50146044664B1B9
:109510002378F12B07D00846FFF7EDFF2046BDE882
:109520001040FFF7CDBFE468F1E710BD012301460D
:1095300043700148FFF7C4BF980C002470B50B4D71
:109540002E7A022E10D16C6A74B1696994F92020C8
:1095500091F920309A4207D12046FFF7CCFF084608
:10956000FFF7E4FF6670AC61002070BD7C0C002446
:1095700038B5164DEC6A44B3E369013BE36123BBA4
:109580006378732B06D009D8532B0BD003F0DF037D
:10959000432B0DD12046FFF752FE09E003F0EF0305
:1095A000832BF6E72046FFF74AFE2146FFF756FBDE
:1095B0002046FFF7A0FFFFF7B9FF246924B1E36954
:1095C000002BDDD000236361EC6238BD7C0C0024ED
:1095D00090F82230826B13F0100F0CBF6020202017
:1095E0001044704702234370014B9861704700BFDD
:1095F0007C0C002470B5124D04462E7A696990B92E
:10960000022E0FD16C6A6CB194F9202091F92030B0
:109610009A4207DD2046FFF76EFF0846FFF736FE49
:109620006670AC6170BD022E05D190F9202091F9D1
:1096300020309A42F1DC2046BDE87040FFF776BF4B
:109640007C0C00242DE9F04F85B08146029128B9A9
:109650006FF00301002400F005FDBCE0002A45D0B6
:10966000966846B1B40702D1D368432B06D86FF091
:1096700008010020EEE7D368002BF8D19769D2E902
:1096800004453CB1600702D1002D40F0B2806FF07C
:109690000A01EEE72FB17B1E372B03D96FF00B01C8
:1096A000E7E71827002D40F0A880D2E900A3019336
:1096B0004EBB574BD3F88800F0B1FEF774FE064658
:1096C00000283AD04FF00108002C44D1DFF840B117
:1096D000E5B9504ADBF88400556DB8B1FEF763FE7A
:1096E0000246E0B148F01008344623E092461446A2
:1096F000182715460192DCE701224421D3F88000A7
:10970000FEF7D8FDDBE74FF00008DDE722462946EB
:10971000DBF87400FEF7CEFD02460028E4D1B8F174
:10972000000F16D0DBF8882052B110463146FEF704
:1097300054FE002248F002087CB96FF0040198E75B
:109740003146DBF880000392FEF7E9FD039A1446E8
:10975000F0E74246EEE72246344640F2F1137FB28C
:10976000FD2184F802802380019BC4F804A0E370EB
:10977000002384F8207084F8217061846563C4E953
:109780000233C4E90433C4E90633C4E90933C4E944
:109790000B32A5F140031344C4E90E391E4B13608C
:1097A0001C4B1B685B071AD4A36B00201A4603F1FD
:1097B000340143F8040B9942FBD1184B2046C2E90F
:1097C0000D394FF08073D363029B1362104B144A20
:1097D0001A66FFF70FFF204605B0BDE8F08FAD0811
:1097E0004FF0CC33113D002DDED0013D42F8043F57
:1097F000F9E7002F7FF44FAF182769077FF447AFD1
:10980000A5F14801074B99427FF64FAF3FE700BFF4
:109810007C0C0024C00E0708A52E5AE20193040810
:109820004D980408B7FFFF7F38B504461546FFF78B
:10983000CFFE01602046FFF709FD1DB1BDE83840AD
:10984000FFF7D8BEBDE83840FFF770BE10B54378CB
:109850000446332B0CD1416A90F82320FFF75EFDBC
:10986000014628B120460022BDE81040FFF7DCBFCA
:1098700010BD10B50446806918B100221146FFF7EB
:10988000D3FF6378232B02BFA36800229A6110BD27
:1098900070B50F4C267A022E18D1636AB3B1656990
:1098A000E86AFFF7B9F92846FFF7E3FF04F11C0067
:1098B000FFF718FE4670A061EFF30983AB63002346
:1098C00028466361BDE87040FFF7E6BD70BD00BF8C
:1098D0007C0C002410B5044610B10378F12B07D09E
:1098E00020466FF0030100F0BDFB6FF0030010BDD8
:1098F000437803F00F03022B1ED0032B2BD0012B38
:109900002ED1FFF7F8FDE06AFFF786F92046FFF752
:10991000B0FF6178022926D11548FFF7E3FD154B0A
:1099200041709861EFF30982A26300225A612046D8
:10993000FFF7B2FD0020DAE70E4B1A7A022A02D1B5
:109940005B6A002BDFD16FF00201204600F08AFB3A
:109950006FF00200CBE7FFF7CEFDFFF777FCD2E711
:109960006FF00201F2E70020FFF744FEDFE700BFDF
:10997000980C00247C0C002470B5044620B10378B8
:10998000F12B01D1002908DA6FF003056FF0030114
:109990002046FEF706FA284670BD4378042B06D110
:1099A0006FF002016FF00205FEF7FBF9F3E700F13B
:1099B000280353E8002F42EA010543E8005606B1A8
:1099C000F7E74378332BE6D1416A90F82320FFF77D
:1099D000A5FC01460028DED094F8233001229B0725
:1099E00056BF656A054620EA05052046FFF71CFFBD
:1099F000D1E7000038B5174C0246237A022B27D155
:109A0000606A60B160694B1C427009D1FFF7BAFC13
:109A10001148FFF767FD02234370A061012038BDA4
:109A2000E36A002213B1DD69A9420BD2C161C0E92A
:109A300004325AB11061002BEAD0DA695861511A28
:109A4000D961E5E71A46491B1B69EBE7E062F2E7DB
:109A50000020E4E77C0C0024980C0024F8B5164B99
:109A600005460F4616465C693CB920466FF0070173
:109A7000FEF797F94FF0FF30F8BD002807DA2046CF
:109A80006FF00301FEF78DF96FF00300F4E70A466B
:109A900001462046FFF742FC0028EDD14EB1314689
:109AA0003320656284F82370FFF7A4FF6FF0010094
:109AB000E2E76FF00200DFE77C0C002438B50D4CC4
:109AC00000210D48A26DFFF7BDFD0C4D636EA8622D
:109AD0005BB1984758B9E26DE96C206EFFF7B2FDB3
:109AE000A864003818BF012038BD0120FCE7002021
:109AF000FAE700BFC00E0708D59F04087C0C0024BD
:109B000010B50446EFF3058333B100206FF0050173
:109B100000F0A8FA002010BDFFF786FB0028F4D162
:109B20002046DFF808C000DFF5E700BF45960408CF
:109B300008B5EFF3058313B1054B586908BDFFF76E
:109B400073FB0028F8D1DFF80CC000DFF6E700BF98
:109B50007C0C0024BD920408024608B5EFF305838F
:109B60000BB1002008BDFFF75FFB0028F9D11046BC
:109B7000DFF804C000DFF5E7C9920408024608B523
:109B8000EFF305830BB1002008BDFFF74DFB002864
:109B9000F9D11046DFF804C000DFF5E7AD93040803
:109BA00008B5EFF305833BB100206FF0050100F02D
:109BB00059FA6FF0050008BDFFF736FB0028F3D116
:109BC000DFF804C000DFF6E73D95040810B5044651
:109BD00000F076FAEFF305833BB120466FF0050104
:109BE00000F040FA6FF0050010BDFFF71DFB0028E4
:109BF000F3D12046DFF804C000DFF5E7D59804086C
:109C000008B5EFF305830BB1002008BDFFF70CFB8F
:109C10000028F9D1DFF804C000DFF6E7D992040884
:109C2000024608B5EFF305830BB1002008BDFFF72E
:109C3000FBFA0028F9D11046DFF804C000DFF5E791
:109C4000ED930408024638B5EFF305834BB192B9A2
:109C50006FF003046FF003011046FEF7A2F82046F0
:109C600038BDFFF7E1FA0028F1D11046DFF844C013
:109C700000DF0446F3E71378F12BE9D10029E7DB95
:109C80005378042B07D16FF0020110466FF00204E5
:109C9000FEF787F8E3E702F1280353E8000F40EAF4
:109CA000010443E8004505B1F7E71046FFF78AFADB
:109CB000D5E700BF7999040810B50446EFF3058392
:109CC0003BB100206FF00501FEF76BF86FF0050067
:109CD00010BDFFF7A9FA0028F3D12046DFF804C031
:109CE00000DFF5E75D9A04080C4A30B5536C002498
:109CF00013B11D698D420AD90161C0E902431BB14C
:109D00001D699860691A19612CB1E06030BD1C466C
:109D1000491BDB68ECE75064F8E700BF7C0C0024CB
:109D20002DE9F041184D6C6C54B3236901276E691D
:109D3000013B2361236913BBE3680BB1A2689A60FE
:109D40006B64002304F11801E86C1A46FEF792FDDB
:109D500058B121460320D5E905836B61FEF7D7F999
:109D60006B6913B9B04508BF0026E378012B09D110
:109D700061692046FFF7B8FF6C6C002CDAD16E6188
:109D8000BDE8F0816770F7E77C0C002408B5FEF7AA
:109D90005FFD18B9034B044A1A6508BD4FF0FF3048
:109DA000FBE700BF7C0C0024219D0408044607B596
:109DB0004FF0FF33002269462046FEF79BFD002846
:109DC000F6D1DDE900309847F2E7000008B5094A0E
:109DD000094B1A60094B9B1A094A1360094A0A4B3E
:109DE0001A600A4B9B1A0A4A136000F05FF800F0F1
:109DF00091F800BF00FC0724FC5100240000082457
:109E0000F8510024C01601246464002400FC0724D7
:109E10006064002438B50E480B250E4B1C244560A9
:109E200003600D4BC4608360FEF73EFF0B4B186070
:109E30000B480C4BC460C0E900350B4B8360FEF748
:109E400033FF0A4B1860BDE838401DF03DBB00BF32
:109E5000C8510024940F0708DC510024D851002475
:109E600098510024A10F0708AC510024A8510024E8
:109E7000FDF720BB024B4FF0FF311868FEF72CBFF7
:109E8000D8510024014B1868FEF73EBFD85100247A
:109E9000024B4FF0FF311868FEF71EBFA851002497
:109EA000014B1868FEF730BFA851002408B504F034
:109EB0008DFD0C4B0C4998684FF00053C21802F10D
:109EC0006042126843F8042B8B42F7D1054B4FF0E8
:109ED00000529A6018F000FC19F07CFFBDE80840C1
:109EE00000F015B800ED00E09802002070477047C0
:109EF00008B500F043F8FFF7F9FFFFF78BFFFFF716
:109F0000F6FF05F0ADFEBDE80840FFF7B1BFFEF774
:109F100009B90000114C124B23614FF400436361F7
:109F20004423E3600F4BA3601823A3610E4B07B5D6
:109F3000224600210D482360FFF7E2FD034628B9C1
:109F400022460B4900900B4805F09AFEFEF702F9F5
:109F5000002309491A460093F5E700BFF8F40024EE
:109F6000F874002400520024BB0F0708F19E040877
:109F7000C00F07081D010180DC0F07081FB5064B45
:109F80006C460FCB84E80F002046FEF78DFE034B96
:109F9000186004B010BD00BFF40F0708F07400246F
:109FA00073B506460C46154605F05CFE58B90634F6
:109FB000324628462ABF054B054953F82410002392
:109FC000009305F05DFE02B070BD00BFB811070838
:109FD0000C11070808B500F0F7F80000002307B5DA
:109FE000421E00930023042A19D8DFE802F0030878
:109FF0000C10140001220C490C4805F041FE02220D
:10A000000B490C48F9E703220B490C48F5E70422F9
:10A010000B490C48F1E705220B490C48EDE70246D5
:10A020000B490C48E9E700BF04100708250102802E
:10A0300025100708260102804A1007082701028020
:10A040007F10070828010280BA1007082A01028041
:10A05000FA100708000102800146014AFFF7A0BF7D
:10A0600031010180014AFFF79BBF00BF320101802F
:10A07000014AFFF795BF00BF37010180014AFFF792
:10A080008FBF00BF3301018011F1110F02D0024ACE
:10A09000FFF786BF704700BF34010180014AFFF718
:10A0A0007FBF00BF3801018010B5FFF741FD034BB2
:10A0B0001B6813B1BDE81040184710BD445200247E
:10A0C000024B1B6803B11847704700BF445200247D
:10A0D000024B987A003818BF012070477C0C00248E
:10A0E00008B5FEF791F80022064905F095FFC31C5C
:10A0F00004D98B220449054805F02AFBBDE8084035
:10A10000FEF796B8D1A00408F31107080512070856
:10A11000B0F57A7F10B50C4604D0322219491A489E
:10A1200005F016FB04F0A2FF0028184A16DB00F128
:10A130006043F02103F5614383F80013916800F157
:10A14000100341F82340BFF34F8F926852F8233039
:10A150009C420AD03F220B490D48E1E700F00F0373
:10A16000F021043B13441976E8E7002808DB0123BB
:10A17000420900F01F0003FA00F0064B43F82200EA
:10A18000002010BDF31107083212070800ED00E0AF
:10A190003F12070800E100E008B505F0C5FEBDE884
:10A1A000084005F08EB80000014B186805F0BEB8F5
:10A1B00090630024014B186805F07AB8906300247E
:10A1C00008B504F053FF08BD024C08B52368984752
:10A1D000FCE700BF200D00240C30704703680BB172
:10A1E00008461847704710B50446FCF763FA204646
:10A1F00010BD08B5FCF73CFB08BD0000044B002275
:10A20000C3E901221A611A60024ADA60704700BF8E
:10A2100048520024DDA1040810B50022034600F1D5
:10A22000110403F8012B03F8012B9C42FBD141825E
:10A2300010BD000042F60211024808B5FFF7ECFF1E
:10A2400008BD00BF5C52002408B5FAF7B2FB08BD98
:10A2500010B50446FCF72EFA204610BD08B5FFF7EE
:10A26000C8FF08BDD0E90032096812F0010F01EB08
:10A27000620005D010B454100A595DF8044BD3584D
:10A2800018470146043008B5FFF7ECFF08BD000091
:10A29000034A0346C26007C983E80700704700BF4E
:10A2A0006C12070810B588B0059108A902AC01909E
:10A2B00001E90C0005A984E80C00FFF7E9FF01980B
:10A2C00008B010BD37B56C46054684E80C0094E82C
:10A2D0000C00FFF7E7FF284603B030BD08B5FFF7D5
:10A2E000D0FF08BD08B5FFF7F9FF08BD006870474B
:10A2F00010B50446FAF72CFB204610BD10B50446F5
:10A30000FAF726FB204610BD10B504460021FAF7E7
:10A310001CFB204610BD08B5FFF75EFF0068003843
:10A3200018BF012008BD884238B5044606D00D4646
:10A33000FAF70EFB20462946FCF7BCF9204638BD4B
:10A34000884238B5044606D00D46FAF701FB204690
:10A350002946FCF7AFF9204638BD08B5FFF73CFFAA
:10A360000068003818BF012008BD10B50446002160
:10A37000FAF7EBFA204610BD70B504460D46FFF71C
:10A38000CAFF28B940F202220649074805F0E0F961
:10A39000E068FFF7ABFF294603462046BDE8704062
:10A3A000184700BF9C120708280D070808B5FFF7DB
:10A3B000E3FF08BD70B504460D46FFF7CEFF28B990
:10A3C00040F202220649074805F0C2F9E068FFF7AB
:10A3D0008DFF294603462046BDE87040184700BF60
:10A3E0009C120708280D070808B5FFF7E3FF08BD12
:10A3F00010B5044606F05AFD204610BD10B5084CB5
:10A40000204606F013FD00232046064A84F8243037
:10A4100023630549C4E90A33BDE8104005F084BF51
:10A420007052002400000024F1A304080268914B3C
:10A430009A422DE9F04393B040F0198115F0FCFDEC
:10A4400005F07EFA8C4B0022C3F88420BFF34F8FB7
:10A45000D3F8802043F6E074C2F3C900C2F34E3251
:10A46000520102EA0406014646EA81750139C3F841
:10A470007452F9D2203A12F1200FF2D1BFF34F8F6C
:10A48000BFF36F8F0022C3F88420BFF34F8F5A6948
:10A4900022F480325A61BFF34F8FD3F8803043F6F5
:10A4A000E070754CC3F3C901C3F34E335B0103EA9B
:10A4B00000060A4646EA8275013AC4F87452F9D297
:10A4C000203B13F1200FF2D1BFF34F8FBFF36F8FFB
:10A4D00005F04CFA694B01260025D3F8E0204FF433
:10A4E00000470DA9664842F001024FF030090224EE
:10A4F0004FF00308C3F8E020D3F8E02002F0010297
:10A500000192019AD3F8E02042F00402C3F8E0205F
:10A51000D3F8E02002F004020292029AD3F8E0207D
:10A5200042F04002C3F8E020D3F8E02002F04002FD
:10A530000392039AD3F8D82042F40042C3F8D820FB
:10A54000D3F8D82002F400420492049AD3F8D82019
:10A5500042F48032C3F8D820D3F8D82002F48032F5
:10A560000592059AD3F8D82042F40032C3F8D820D7
:10A57000D3F8D82002F400320692069AD3F8E020ED
:10A5800042F40072C3F8E020D3F8E03003F4007323
:10A590000793079BCDE90D76CDE90F550EF046FDEB
:10A5A0000DA93848CDF834900EF040FD3246102108
:10A5B00034480EF021FE3246202132480EF01CFEB7
:10A5C0000DA931480E960D940F950EF02FFD3246D1
:10A5D00021462D480EF010FE19200CF097FC39464C
:10A5E0002A4627480EF008FE64200CF08FFC324605
:10A5F000394623480EF000FE0B274FF4605308A99C
:10A6000022480A95CDE90834CDE90B870EF00EFDFE
:10A6100008A91C480C97CDE90844CDE90A580EF06A
:10A6200005FD08A917480C97CDE90894CDE90A481B
:10A630000EF0FCFC802308A913480C97CDE90834E0
:10A64000CDE90A680EF0F2FC042308A90E480C9725
:10A65000CDE90834CDE90A480EF0E8FC08A90A481B
:10A660000C97CDE90844CDE90A580EF0DFFC13B091
:10A67000BDE8F0830080024000ED00E00044025895
:10A68000002402580008025800000258001802581E
:10A6900030B570B1CC6864B18A6852B10B6943B10E
:10A6A0000D6849688560C1608361C0E904240020A9
:10A6B00030BD4FF0FF30FBE773B50023466804461A
:10A6C000019366B1A36998470546A3699847431B60
:10A6D000B3F5FA6FF9D901230025636027E0836899
:10A6E00003B19847202300252360636901AA122142
:10A6F0003046984700281DDB019B03F01F03B3423F
:10A700001AD10025266020681F2833D87DB9236917
:10A710004FF400422946984700282EDB636901AABE
:10A7200029462068984700280ADA6FF00405284671
:10A7300002B070BD6FF004050136202ED5D1E2E7DE
:10A74000A36998470646019B1B0402D4002DB9D08B
:10A75000EDE7A3699847801BB0F5FA7F07D86369D6
:10A7600001AA0021206898470028ECDADDE76FF0A5
:10A770000105E8E76FF00205D9E76FF00305D6E7BA
:10A7800037B500254369044601AA012100680195F7
:10A790009847A84203DA6FF0040003B030BD636944
:10A7A00001AA0121206898470028F4DB019B5B0780
:10A7B0002CD5636901AA2946206898470028EADB5E
:10A7C000019BDD040ED403F40452B2F5045F01D101
:10A7D0000220E2E7980401D50320DEE7D90513D56E
:10A7E0000420DAE7636901AA1F212068984700283E
:10A7F000D1DB019BDA040BD503F01C03182BE7D047
:10A80000082BE9D0142BEBD00520C6E70120C4E7C4
:10A810000620C2E740F2DC50704700207047062057
:10A82000704770477047C0F86C1170470020704740
:10A8300016F08CBE04300EF0F5BB08B504300EF0F7
:10A84000F1FBA0F110035842584108BD10B5041D9A
:10A8500020460EF0E7FBE02807D120460DF00EFF62
:10A860002046BDE810400DF08DBE10BDF0B500F5DE
:10A8700082779FB006460D46384606F0DFFA78220A
:10A88000002168461DF06CFC00226B462C461146E8
:10A890000CB30A2911D10024184A1949022004F0E6
:10A8A00013FAAB7B012B02D9284600F087FD38460E
:10A8B00006F0E2FA20461FB0F0BD606818606089BB
:10A8C0000244586009B143F8043C246804B99C6010
:10A8D00001310C33DCE70B49301D4A603222C1F8EC
:10A8E00008D00DF0F5FE034628B1074A02200449BE
:10A8F00004F0EAF9D5E70124D3E700BFA71207085F
:10A90000CE120708CC520024D3120708032A0846A7
:10A91000024928BF03221DF025BB00BF57080708C6
:10A9200008B5044A0820044904F0CEF9BDE80840FF
:10A9300005F0D4BBFB120708CE12070810B5064C71
:10A9400006492046FFF7A4FE2046FFF7B5FEB0FA01
:10A9500080F0400910BD00BFAC520024240D00243B
:10A960000148FFF70DBF00BFAC5200240238032896
:10A9700015D8DFE800F0020A0C114FF400530B6009
:10A980004FF480430120136070470023F7E74FF432
:10A9900000530B600023F5E700230B60F2E7002073
:10A9A000704708B500F0F2FA08BD000030B5051D8B
:10A9B00085B000230C46284601A900930DF060FFE6
:10A9C00048B9694628460DF0A6FF38B1184A02205A
:10A9D000184904F079F94FF0FF3026E028460DF0D1
:10A9E000B7FF0099002911DD019B03F01F020A4403
:10A9F000BFF34F8F10481A44C0F85C322033D11A8D
:10AA00000029F9DCBFF34F8FBFF36F8F4FF4C17292
:10AA1000BDF80010002000F003FD206028B1BDF853
:10AA20000020019900F082FD002005B030BD00BF7C
:10AA300006130708CE12070800ED00E03D200022B3
:10AA4000072108B50DF07EF93D20BDE808400DF066
:10AA5000ABB90020704700000022064B1B68027053
:10AA6000802243714270E12282701A0CC2701A0A6D
:10AA70000271704700E8F11F10B50446FFF7E9FFC7
:10AA800020B92046BDE81040FFF7E6BF10BD00002A
:10AA900070B586B004460DF0A9F92F492F4B02ADD1
:10AAA000012604342846ADF80860CDE903134FF0C1
:10AAB000807305930DF0BCF940F201132848ADF8FE
:10AAC0000830284BCDE903034FF480332846059323
:10AAD0000DF0AEF904200DF099F9234B28462360C0
:10AAE000FFF7CAFF214B656008202361204B2672C7
:10AAF000E36040F2F4531F4A63610A231E49009346
:10AB0000042304F0E1F820460EF07AF9054600BB74
:10AB10001A4E01463022301D1DF022FB21233360E6
:10AB20004FF44033C6E90453154E294601353246E9
:10AB30000023204606F5BF660DF006FD042DF4D176
:10AB4000104A08200C4904F0BFF8FFF7F7FE06B0E2
:10AB500070BD0020FBE700BF0000043009000003C7
:10AB6000004004300D00000300800240000004306B
:10AB70000001043031130708CE120708CC5200241C
:10AB8000000404304B130708084608B5FFF774FFAC
:10AB9000012008BD002307B51A4602490248009368
:10ABA00005F06EF86513070805001180002307B54E
:10ABB0001A4602490248009305F062F89913070803
:10ABC0000500118038B50D4B00250446036000F5E3
:10ABD000827040F8485C06F029F904F5947006F09C
:10ABE00025F904F5A670FFF7C0FB04F5AE70FFF77A
:10ABF0008BFB2046C4F8705138BD00BF34140708E1
:10AC000010B50B4C2378BFF35B8FDB070ED42046C7
:10AC100005F0A2FB50B10748FFF7D4FF204605F02E
:10AC2000BDFB054A0549034805F07EFB014810BD00
:10AC3000A4520024005300240000002499AC04080E
:10AC400037B50D4604460192FFF7DAFF019B2A460D
:10AC5000214604300DF066FF003818BF0120404245
:10AC600003B030BD37B50D4604460192FFF7C8FF6B
:10AC7000019B2A46214604300DF082FF003818BFA0
:10AC80000120404203B030BD08B5FFF7B9FF0430E2
:10AC90000EF07AF8002008BD0A4B10B50446036098
:10ACA00000F5AE70FFF72AFB04F5A670FFF720FB56
:10ACB00004F5947006F0FAF804F5827006F0F6F8E0
:10ACC000204610BD3414070808B500F5A670FFF73C
:10ACD0002AFB08BD08B500F5AE70FFF731FB08BDD3
:10ACE000F0B59DB00446FFF73BFE01280546D4F8B9
:10ACF000707139DD012F18DC01AA02A9FFF736FEB9
:10AD000018B94FF40053CDE90130261D03A9304690
:10AD10000DF068FF019B03A930460993029B08933D
:10AD20000EF026F830460DF05FFC04F5AE763046A6
:10AD3000FFF7F1FA60B1012D0EDD012F08DC0121D2
:10AD40003046FFF733FB114A1149082003F0BCFFDE
:10AD5000C4F870511DB0F0BD012FF9DD002130465F
:10AD6000FFF724FB0B4AEFE7012FDEDD0A4B4FF024
:10AD70000052C3F88420BFF34F8FBFF36F8F201DA5
:10AD80000DF07CFC2046FFF759FECEE7CD130708F7
:10AD9000CE120708EC13070800E100E073B5044683
:10ADA000002600F594752846019606F047F801A99B
:10ADB0002046FFF7FBFD002804DA284606F05CF881
:10ADC00002B070BD019919B104F5A670FFF70CFB34
:10ADD000284606F051F8E6E738B50E4C05462378CC
:10ADE000BFF35B8FDA0708D4204605F0B5FA20B12F
:10ADF000094B20461D6005F0D1FA074C4FF0FF3299
:10AE000000210120FEF758FFC307F7D52068FFF7A0
:10AE1000C5FFF3E7A852002478540024D0E900329B
:10AE2000096812F0010F01EB620005D010B4541054
:10AE30000A595DF8044BD35818470146043008B549
:10AE4000FFF7ECFF08BD0000034A0346C26007C9D4
:10AE500083E80700704700BF2014070810B588B0CA
:10AE6000059108A902AC019001E90C0005A984E84C
:10AE70000C00FFF7E9FF019808B010BD37B56C462C
:10AE8000054684E80C0094E80C00FFF7E7FF28462D
:10AE900003B030BDF0B505468DB005F009F9284680
:10AEA000FFF7F6FD064600284ED02022002104A818
:10AEB0001DF056F9264B4FF4006003931CF000FD83
:10AEC00005F1C00303AA2946079005934FF40063D8
:10AED000204808934423069328230993FEF710FE85
:10AEE000C5F8BC0003F010FA1B4B07461A4A019341
:10AEF0000023294603A80293FFF7C0FF102138461C
:10AF000002F0AEFF0446A0B103A9FFF7A1F9204665
:10AF1000C82103F048F92046C82103F047F920462C
:10AF20000E4903F046F922460D49384603F058F819
:10AF3000044603A8C5F87441F9F73BFD0A20FCF765
:10AF400025FD2846FFF77AFD30460DB0F0BD00BF65
:10AF50000C140708D9AD0408E1AC040849A20408A0
:10AF60005DA2040808B5FFF768FF08BD08B5FFF744
:10AF7000F9FF08BD08B5FFF743FED0F8BC0020B1CB
:10AF80000121BDE80840FEF75DBE08BD08B5FFF72A
:10AF900037FE0430BDE808400DF020BD130911D084
:10AFA00051F804CB40F804CB51F804CB40F804CB63
:10AFB00051F804CB40F804CB51F804CB40F804CB53
:10AFC000013BEDD112F00F0305D011F801CB00F8D1
:10AFD00001CB013BF9D170470222002373B504462F
:10AFE0000E4600681146FCF799FE021E01DB93072E
:10AFF00009D4002316491748009304F039FE4FF096
:10B00000FF3002B070BDFDF7BBF894F82430054660
:10B01000012103F10A02013303F0070344F822601F
:10B02000206884F82430FCF735FE94F8243094F836
:10B030002520013303F00703934203D10221206846
:10B04000FCF756FE2846FDF7C7F80020D9E700BFF9
:10B050007C1407080F01038013B504464FF0FF313D
:10B060000068FDF739FE30B1002322460349044849
:10B07000009304F005FE02B010BD00BF9414070851
:10B080001501038013B504460068FDF73DFE30B19D
:10B090000023224603490448009304F0F1FD02B066
:10B0A00010BD00BFAA14070817010380094B07B59C
:10B0B0004FF0FF311868FDF70FFE30B1002306494D
:10B0C00006481A46009304F0DBFD012003B05DF84A
:10B0D00004FB00BF38F50024C214070815010380E3
:10B0E000074B07B51868FDF70FFE30B1002305497F
:10B0F00005481A46009304F0C3FD03B05DF804FB55
:10B1000038F50024DA1407081701038070B50646E5
:10B1100009200D4600F006F9044660B101230146FE
:10B120000370C0E901650548FFF756FF28B12146C5
:10B13000092000F003F94FF0FF3070BD7C5400246B
:10B14000F8B5044600286ED0830705D0FFF7AEFFA0
:10B15000BDE8F840FFF7C4BF334EA0F108053368DF
:10B16000AB42F3D8314F00F10C0339689942EDD36B
:10B170002F48FFF771FF14F8043C1BB92C48FFF768
:10B1800081FFE3E734F8080CB0F57A5FF6D834F8BD
:10B19000062CB2F57A5FF1D83368A5EB030C1FFAE1
:10B1A0008CFC944502D09A5A6245E7D119183E6842
:10B1B000B14202D04A886245E0D1002204F8042C52
:10B1C0001C4A1768AF4288BF15608D4211D00F79B5
:10B1D0007FB9B1420DD01668B142195A24F8081C43
:10B1E000195A08BF1560B1F57A5F1CBFC918A1F8DC
:10B1F00002C034F8061C581885420FD006796EB983
:10B200001668B54208BF106034F8082C5A5234F85A
:10B21000082CB2F57A5F1CBF9B1859800448BDE822
:10B22000F840FFF72FBFF8BDF8540024FC54002469
:10B23000C8540024C45400242DE9F041002850D003
:10B24000C41C24F00304A4B20B2C04D9B4F57A5F17
:10B2500002D9002045E00C24A042FAD826486FF01D
:10B260000708FFF7F9FE254B2548C4F57A5E1968F3
:10B270000268531A9BB2734503D31F48FFF702FFBE
:10B28000E7E7CD18CF5A95F804C0BCF1000F30D1D4
:10B29000A8EB03063E44A6422BD304F1140E7645D8
:10B2A00021D308341C44A6B211FA84F484F804C0F3
:10B2B0008F53638001232E802B718B5BB3F57A5FF4
:10B2C00001D00B445E80AA4206D10E4B1B68147954
:10B2D0000CB193420AD102600748FFF7D3FE05F193
:10B2E0000800BDE8F08101232B71ECE712880A44C5
:10B2F000EDE73B46BFE700BFC8540024F8540024E4
:10B30000C4540024FC54002410B50446FFF7CEFEBC
:10B3100023681C680CB122681A60FFF7E1FE204622
:10B3200010BD00000E2805D8034B53F8200008304C
:10B33000FFF7EABF00207047A81507080E2838B5A8
:10B340000C460DD861B1074B53F82050FFF7AEFE05
:10B35000AB681A6822601C60BDE83840FFF7C0BEC9
:10B3600038BD00BFA815070808B5FFF79FFE084BBA
:10B3700000221A70FFF7B4FE064B186800B908BD2A
:10B38000436F1BB1BDE8084000F00AB9C068F5E79B
:10B390003D0F0124440F012470B506460D200C46D4
:10B3A0001546FFF7BFFF40B100230481448143737A
:10B3B0000573C0E900360123C38170BD70B5044632
:10B3C00060B30025FFF772FEA67B013EF6B2A673BE
:10B3D000FFF786FE4EB9637B26689B0709D5236974
:10B3E000204698470135EDB20EB9284670BD344667
:10B3F000E8E7237B03F00F03022B04D121460E2044
:10B40000FFF79CFFEEE7012B02D121460D20F7E765
:10B41000002BE7D12046FFF793FEE3E70546E4E77C
:10B42000B2F5C17F2DE9F04706460F4685B230D010
:10B4300007D822F04003012B26D000242046BDE887
:10B44000F087B2F5207FF8D10335CB1C25F003053A
:10B4500023F003031D44ADB205F110009D4280B2FC
:10B46000EBD38342E9D8FFF7E7FE04460028E5D096
:10B4700006440023078113360360284B26F0030699
:10B480004781C3604660D9E70020BDE8F047FFF779
:10B4900083BF0026DFF890903446B0460E20B246B7
:10B4A000FFF740FF0646C8B91D4DFFF7FFFD01231A
:10B4B0002F782B70FFB2FFF713FE4FB931461948B2
:10B4C000FFF724FE20B1FFF7F1FD2E70FFF708FE15
:10B4D000002CB2D02046FFF771FFAEE7EB1C05440D
:10B4E000C0F8008023F0030313350781C3F51473FC
:10B4F00025F00305C0F80C909BB24560BB4228BF05
:10B500003B4643813CB1CAF80000FB1A00259FB2BC
:10B51000002FC3D192E70446F7E700BF8000010087
:10B520003D0F012469B30408820001002DE9F041B8
:10B530000F4614460546B8B1B1B10389934216D3FC
:10B540004FF0000814B92046BDE8F0816E8907EB82
:10B5500008016868A64228BF26463246A41BFFF7AA
:10B560001DFDB0442D68EDE76FF00F00ECE74FF0E4
:10B57000FF30E9E710B5044648B1406808B1FFF76D
:10B580001DFF21460420BDE81040FFF7D7BE10BDC7
:10B5900010B500B910BD0468FFF7ECFF2046F8E7CE
:10B5A00010B50446406F18B1FFF7F2FF0023636740
:10B5B00010BD0000F8B50546064655F8044B8CB999
:10B5C0000D4F386818B14FF0FF31FDF785FB346837
:10B5D00024B928462C4605F029FC3560386808B1A6
:10B5E000FDF792FBAC4204D08B220449044804F0DE
:10B5F000AFF82046F8BD00BFF07400240816070815
:10B6000017160708704710B50446702105F01AF99F
:10B61000204610BD38B50546044655F8043B9B68E6
:10B620009847284615F0F0FD236805462046DB685C
:10B630009847284638BD000008B50348FFF7BAFF11
:10B64000BDE8084005F0FABB3C55002408B50348A6
:10B65000FFF7B0FFBDE8084005F00EBC3C550024E4
:10B66000084B13B504460360C2660191FFF7E4FF7F
:10B670000199201D14F062FE2046FFF7E7FF2046E7
:10B6800002B010BD441607080368012200211B699F
:10B690001847036800221B691146184707B5019037
:10B6A00004F04EF90121019815F02CFF03B05DF86C
:10B6B00004EB04F05BB907B5019004F041F90021F7
:10B6C000019815F01FFF03B05DF804EB04F04EB9CC
:10B6D00007B5CDE9001004F033F9DDE9001015F0ED
:10B6E0000DFF03B05DF804EB04F040B9094B30B531
:10B6F0001A46094CD3F89450A542FBD1036829B1EE
:10B7000081680B604FF44073536130BDC1681B0406
:10B71000F7E700BF00640258000300804168034659
:10B7200030B471B1D0E9032000F0010402B944B192
:10B73000451001EB60000CB149598A58996830BC3A
:10B74000104730BC7047036870B504460D461B684F
:10B75000984704F130002946C4F8CC5016F002FB9B
:10B76000236820465B68BDE8704018477FB50646F1
:10B770001D46044656F8303BCDE902211B68984728
:10B780009DF82030304683F00103DDE9022100936B
:10B790002B4616F0DDFC2368064620465B6898477A
:10B7A000A81B18BF012004B070BD7FB506461D461A
:10B7B000044656F8303BCDE902211B6898479DF8B6
:10B7C0002030304683F00103DDE9022100932B464F
:10B7D00016F058FC2368064620465B689847A81B6D
:10B7E00018BF012004B070BD70B590B00D4614466E
:10B7F00000211C2202A81CF0B3FC012600232946CC
:10B8000002A800961A4602F006FE1C22002109A892
:10B810001CF0A6FC0023214609A81A46009602F057
:10B82000FAFD0A9B1A68099B1A4203D16FF00100C6
:10B8300010B070BD039B1968029B194046D109A83E
:10B840000A24FFF745FF09A8FFF728FF002109A8F0
:10B85000FFF73EFF002109A8FFF748FF052005F08C
:10B8600051FA012109A8FFF733FF012109A8FFF7C9
:10B870003DFF052005F046FA013CE7D102A8FFF79D
:10B880000DFF214602A8FFF731FF052005F03AFA27
:10B89000012109A8FFF72AFF052005F033FA01214D
:10B8A00002A8FFF723FF052005F02CFA02A8FFF7F6
:10B8B00002FF09A8FFF7FFFE0A9B1A68099B1A42BC
:10B8C000B4D0039B1A68029B1A42AFD00020AFE7A6
:10B8D00010B504460021F9F738F8204610BD0022C3
:10B8E000034600F1280143F8042B03F8012B994289
:10B8F000FBD1704708B5D030FFF75CFEBDE80840CB
:10B9000005F09CBA08B5D030FFF754FEBDE80840FA
:10B9100005F0B2BAF8B51B4B04460D46164640F882
:10B92000043B04F13007FFF7D3FF0021164B9C22A4
:10B93000A18538466361A461C4E90711C4E909110E
:10B940001CF00EFC114B04F1D000C4F8CC30FFF712
:10B95000C6FF2046FFF7CEFF324629462046A4F810
:10B96000F850A4F8FA60FFF73FFFB4F9FA20B4F9F1
:10B97000F810384616F04CFB2046FFF7C3FF204670
:10B98000F8BD00BF5C1607081DB70408A0860100BB
:10B9900070B504460D46164600219C221CF0E0FBC3
:10B9A00032462946204616F033FB2046044916F05D
:10B9B000D9F92046012115F090FF204670BD00BF47
:10B9C000A086010016F0CEB9CAB2002342F00102EF
:10B9D000194615F06FBF15F0C9BF15F0D5BF10B5EA
:10B9E000144616F009F8001B18BF012010BDD0F84E
:10B9F0009030012B10B5044686B004D9002084F89D
:10BA0000940006B010BDDBB204300493D0F8883047
:10BA10000393B0F99C300293B0F99A300193B0F9D6
:10BA200098300093B0F99630B0F99420B0F99210A4
:10BA300017F018F9B0FA80F04009E0E7F8B51D46B4
:10BA40001D4B04460F46164640F8043B5C2200217D
:10BA50001CF086FBBDF918304FF400322046A4F8E4
:10BA60009C302266BDF91C30099AA4F89E30C4F8B7
:10BA70009020BDF92030114AA4F8A0300023C4F86A
:10BA80008C200F4AA4F89670A4F89860A4F89A50F5
:10BA9000C4F8A430A4F86430C4F8883084F8943032
:10BAA000C4E92A23FFF7A3FF20B94222054906482B
:10BAB00003F04EFE2046F8BDA416070840420F00D2
:10BAC000EFB90408851607088E1607082DE9F04718
:10BAD0009DF82070044689469246022F98469DF8AC
:10BAE000246024D8134BDB5D0BB3B6FBF3F503FBEB
:10BAF000156515F0FF051AD103689B6898479DF8F6
:10BB00002830204684F8646084F865300B9B84F804
:10BB10006090C4F88830236884F861A0DB6884F8FA
:10BB2000628084F8637098472846BDE8F0874FF03C
:10BB3000FF30FAE79616070838B590F894300446B7
:10BB40000D4693B103689B6898472946C4F88C500A
:10BB5000201D17F06BF80038236818BF0120DB6840
:10BB6000454220469847284638BD4FF0FF35FAE752
:10BB7000F8B504460F4616460021202268301D46BF
:10BB80001CF0EEFA94F86030791C84F8683016BF27
:10BB90000023012384F86970721C84F86A3094F8D9
:10BBA000613018BF266784F86C3094F8623084F8EE
:10BBB0006D3014BF0023012384F8743094F863308F
:10BBC00084F8783094F8643084F879306B1C16BFB0
:10BBD00000230123E56784F88030D4F8883084F8A6
:10BBE000843094F8653084F88530F8BDF7B500935B
:10BBF000054690F8943016460191DDE908740BB3C0
:10BC0000ECB1E7B12368EBB103689B689847334612
:10BC10002846DDE90021FFF7ABFF23463A4605F150
:10BC20006801281D17F058F9041E2B68284618BF14
:10BC30000124DB6864429847204603B0F0BD6FF0F2
:10BC40000104F9E74FF0FF34F6E7F7B50093054636
:10BC500090F8943016460191DDE908740BB3ECB10D
:10BC6000E7B12368EBB103689B68984733462846E1
:10BC7000DDE90021FFF77CFF23463A4605F1680124
:10BC8000281D17F007F9041E2B68284618BF012449
:10BC9000DB6864429847204603B0F0BD6FF00104B2
:10BCA000F9E74FF0FF34F6E730B51D4685B090F860
:10BCB00094300446CDE90221FBB103689B689847A4
:10BCC0004FF0FF332046DDE90221FFF751FF0A9BC9
:10BCD0002A4604F168010193201D099B0093089BEB
:10BCE00017F01CF90038236818BF0120DB684542B3
:10BCF00020469847284605B030BD4FF0FF35F9E79C
:10BD000008B50348FFF756FCBDE8084005F096B8B3
:10BD10006455002408B50348FFF74CFCBDE8084013
:10BD200005F0AAB86455002438B5074B054604460B
:10BD300045F8043BFFF7E4FF284616F029FF2046AC
:10BD4000FFF7E8FF204638BDA416070810B50446E3
:10BD5000FFF7EAFFB021204604F074FD204610BD35
:10BD60007047000070B500F10C060446B0F9582089
:10BD7000B0F95610304617F0CFFCD4E918530DB97E
:10BD8000DA070ED55A1094F8681004EB6300DB074D
:10BD900048BFA358B4F96A2048BF5D59B4F96C3064
:10BDA000A847216D304617F0D1FB224630460249A4
:10BDB000BDE8704014F022BDADC0040873B51E4646
:10BDC000C36D04460D462BB140F235122B492C4869
:10BDD00003F0BEFC2B490192C0E9181303681B68ED
:10BDE0009847019A84F86850A4F86A20A4F86C6017
:10BDF000042D0BD8DFE805F01603111619004FF0DB
:10BE0000FF33012104F10C0014F0EEFD23682046FD
:10BE10005B6802B0BDE870401847134602214FF03E
:10BE2000FF32EFE733462946ECE70123013284F87D
:10BE300084300ED01C2004F0D1FCB4F96A600546B1
:10BE40001C2200211CF08CF93146284602F0C5FA6C
:10BE50002567B4F96C300133D8D01C2004F0BEFC47
:10BE6000B4F96C6005461C2200211CF079F900220F
:10BE70003146284602F0B6FA6567C7E7CD160708CF
:10BE8000DC160708BDBD040810B50446F8F760FDD0
:10BE90002046FAF709FC204610BD70B506460D464F
:10BEA000044656F80C3B1B6898473046294617F065
:10BEB0004DFB2368204625655B68BDE87040184748
:10BEC0007FB505460446019355F80C6BCDE9022178
:10BED0003668B04728460399DDE9013217F0A8FB20
:10BEE000236820465B6804B0BDE870401847000036
:10BEF00070B50546044655F80C3B1B689847284624
:10BF000017F0BEFA94F8843005467BB1626F6AB1CF
:10BF10000B4B0C481946D3F894608642FBD113684A
:10BF200055B9926813604FF440734B612368204603
:10BF30005B689847284670BDD2681B04F2E700BFD3
:10BF4000006402580003008038B50546044655F8E1
:10BF50000C3B1B689847284617F0A2FA94F88430E7
:10BF6000054643B1236F00F001055A681B6812684B
:10BF70001A4218BF0025236820465B689847284668
:10BF800038BD0C3014F0E8BC10B50C460C3014F081
:10BF900017FD204610BD00002DE9F04198461F4BCB
:10BFA0000025044603600F461D4B29461646856052
:10BFB000436024220C301CF0D3F804F13000F8F771
:10BFC000F1FC04F14000F8F7EDFC40F20113656666
:10BFD000A4F854304FF6FF73C4F88050A4F86A30C8
:10BFE000A4F86C30A368C4F850805A1013F0010F05
:10BFF00004EB63006368A4F85670A4F8586084F8F2
:10C00000685084F88450C4E91755C4E91E551CBF14
:10C01000A258D35898472046BDE8F081FC1607087F
:10C0200065BD040803682DE9F04104461B68154608
:10C030000F46984794F85430EE1C03B17DB194F844
:10C0400055300BB1012D0AD0394604EB0610FAF732
:10C05000F9FB236820465B68BDE8F041184703F010
:10C060006FFC384604EB061604F10C08FAF7F7FBF0
:10C0700088B13046FAF7F3FB08B904F019F83946ED
:10C080003046FAF7DFFB01222946404614F0C2FB96
:10C0900003F06CFCDDE73046FAF7E1FB08B104F091
:10C0A0001DF83046FFF7F0FE0022EDE7033110B532
:10C0B00000EB01142046FAF7D2FB10B12046FEF740
:10C0C00098F810BD036870B504461B680D46984784
:10C0D00094F85430AB422DD065B194F855304BB93B
:10C0E000A2686368511004EB6200D20744BF625833
:10C0F000D358984704F1300603F022FC05B33046CC
:10C10000FAF7ADFB50B13046FAF7B2FB03F0D0FFBF
:10C110000122002104F10C0014F07CFB03F026FC4A
:10C1200084F8545035B994F855301BB904F10C001B
:10C1300017F08CF8236820465B68BDE8704018470C
:10C1400004F10C002A46294614F064FB3046FAF745
:10C1500086FB0028E2D003F0C1FFDFE7036870B57B
:10C1600004461B680D46984794F85530AB422DD0D5
:10C1700065B194F854304BB9A2686368511004EB70
:10C180006200D20744BF6258D358984704F1400672
:10C1900003F0D6FB05B33046FAF761FB50B13046E9
:10C1A000FAF766FB03F084FF012204F10C0011464C
:10C1B00014F030FB03F0DAFB84F8555035B994F8ED
:10C1C00054301BB904F10C0017F040F823682046E6
:10C1D0005B68BDE87040184704F10C002A46012155
:10C1E00014F018FB3046FAF73AFB0028E2D003F0CF
:10C1F00075FFDFE71FB5184B044600210360684652
:10C20000FAF702F9002269462046FFF70BFF68465D
:10C21000F8F7CFFB00216846FAF7F6F801226946E5
:10C220002046FFF7FFFE6846F8F7C3FB94F854304A
:10C2300013B994F855301BB104F10C0017F006F84F
:10C2400004F14000F8F7B5FB04F13000F8F7B1FB5A
:10C25000204604B010BD00BFFC16070810B5044608
:10C26000FFF7C8FF8821204604F0ECFA204610BDF5
:10C27000437D10B504461BB1037D0BB103F02EFFC7
:10C28000204610BD13B5044601A802F033FD637DBE
:10C2900053B9237D0BB103F00BFF206902F075FB4E
:10C2A0000123C4E90001637501A802F02BFD02B06F
:10C2B00010BD37B5044601A80D4602F01BFD002352
:10C2C0000022C4E900236B7D4BB1286902F05DFBBD
:10C2D000D5E90032C01A61EB0201C4E9000101A8EE
:10C2E00002F010FD204603B030BD30B585B00D46DC
:10C2F000044603A802F0FEFC29466846FFF7D9FF72
:10C30000009B019AD5E902105B1840EB020203A8DA
:10C31000C4E9003202F0F6FC204605B030BD13B58A
:10C32000044601A802F0E6FC206902F02EFB002280
:10C330000023C4E90001C4E9022301A802F0E2FCE1
:10C3400002B010BDD0B500230026002704460161CD
:10C3500002754375C0E90067C0E90267FFF7DFFFB8
:10C360002046D0BD10B5044602F022FB0122014652
:10C370002046FFF7E7FF204610BD10B5044602F047
:10C380006DF8002201462046FFF7DCFF204610BD75
:10C3900003681B681847000010B5084B04460022CC
:10C3A000084623600023A1610549C4E90223002354
:10C3B000C4E9043302F078FA204610BD14170708C8
:10C3C00091C3040807B500F108010090806902F0EC
:10C3D000A9FA03B05DF804FB00F10801806902F0DE
:10C3E000B9BA002070476FF01C0070476FF01C0056
:10C3F00070476FF0150070476FF01500704701200F
:10C40000704701207047002070470020704770B5CA
:10C4100011F0010405468EB204D0FFF769FD041E39
:10C4200018BF0124F30605D52846FFF78DFD08B196
:10C4300044F01004204670BDA0F18800FFF7E7BF6C
:10C4400008B5FFF73FFE002008BDA0F18800FFF708
:10C45000F7BF08B5FFF782FE002008BDA0F18800F5
:10C46000FFF7F7BF034B10B504460360FFF7C2FEAA
:10C47000204610BD20170708A0F18800F2E700BF92
:10C4800010B50446FFF7EEFF8C21204604F0DAF9E0
:10C49000204610BDA0F18800F2E72DE9F0410646E4
:10C4A0000D461746CAB103F048FA80F0010313F0B5
:10C4B000FF0403D0336830461B68984705EB070834
:10C4C000454505D015F8011B3046FFF75DFDF7E740
:10C4D0001CB1336830465B6898473846BDE8F08148
:10C4E000A0F18800FFF7D9BF38B504460D4662B108
:10C4F00003681B6898472046FFF743FD28702368B0
:10C5000020465B689847012038BD1046FCE7A0F143
:10C510008800FFF7E9BF000010B50446FFF73CFDB7
:10C52000044B204603F1080244332260C4F88830EB
:10C5300010BD00BF1817070830B5056885B0044660
:10C5400001932D68CDE90221A84720460399DDE932
:10C550000132FFF733FC236820465B6805B0BDE875
:10C560003040184710B50446F8F7F2F92046FAF7BC
:10C570009BF8204610BD70B504460E4603F0E0F966
:10C58000A5695DB104F10800FFF7ECFF012384F811
:10C59000216084F820300023E361A36103F0E6F911
:10C5A0002DB121462846BDE8704000F078B970BD35
:10C5B00008B104F043BC03F0C3B908B104F05CBC9B
:10C5C00003F0D4B92DE9F041044686B00E46174673
:10C5D00003F0B6F9A56903F0C9F935B301AD00213F
:10C5E000284604F085FC03F0ABF9D4E9068323B1B7
:10C5F00039220F490F4803F0ABF8E56103F0B6F9B3
:10C60000B8F1000F0ED03946284604F079FC48B93D
:10C610003046FFF7CDFF20460121FFF7ACFF304643
:10C62000FFF7CBFF284604F08CFC06B0BDE8F08194
:10C63000C1170708CD17070838B50025054B044674
:10C64000456040F8083BF8F7ADF920462584C4E979
:10C65000065538BDF4170708074B10B503600446AC
:10C66000836923B126220549054803F071F8083093
:10C67000F8F79FF9204610BDF4170708C1170708FF
:10C68000DB17070830B5044685B003F059F904F10B
:10C69000080568462946FDF7A6FD2846FFF762FF14
:10C6A0000023E069A36108B104F048FC03F05EF9DF
:10C6B0006846FAF7D4F810B16846FDF79AFD684667
:10C6C000F8F777F905B030BD00220160C0E901221A
:10C6D00001220273704770470346007B30B1D3E9F3
:10C6E0000020136898428CBF00200120704701236E
:10C6F000D0F800C02DE9F04303FA01F11F4682EAA9
:10C70000030E1CF823500D4204D005F030053AB159
:10C71000102D07D10133112BF3D14FF0FF300FE073
:10C72000002DF7D05C00D0F80880023C42EA0406F5
:10C7300007FA06F919EA080FECD1202D02D030468D
:10C74000BDE8F0834EEA040407FA04F414EA080F83
:10C75000F5D0DFE770B50D46114604461E462A4661
:10C76000FFF7C5FF002802DA0020207370BD4208E1
:10C770002168636801EB8201CD8849791D4401235A
:10C7800006FB0151616003FA00F1A36842EAC010A0
:10C790000B43C0B2A360E9E713460A460121FFF745
:10C7A000D9BF13460A460021FFF7D4BF13B504468C
:10C7B0000A4601910021FFF7EFFF019A0021204670
:10C7C00002B0BDE81040FFF7ECBF0022C0E9002234
:10C7D000704770470068704700230B60436813B9C7
:10C7E0000160416070471960FBE703682BB11A686C
:10C7F00002B94260026000221A601846704710B504
:10C800000468002223468B4203D083B11A461B687A
:10C81000F9E70AB10B6813608C4204BF0B68036030
:10C8200043688B424FF0000308BF42600B6010BDAD
:10C8300010B50446FFF7C9FF204610BD08B5FFF745
:10C84000C9FFB0FA80F0400908BD70B5054628461A
:10C85000FFF7C0FF044678B150F8043C061F9B6800
:10C860003046984740B12846FFF7BFFF54F8043CD4
:10C870003046DB689847EAE770BD70B504460D4660
:10C88000FFF7A8FF0646291D2046AC61FFF7A4FF6D
:10C8900026B92046BDE87040FFF7D7BF70BD70B520
:10C8A0000C460546FFF796FF064604B104342146C0
:10C8B0002846FFF7A4FFA64204D12846BDE87040F1
:10C8C000FFF7C3BF70BD10B504462046FFF782FFD7
:10C8D00028B150F8043C0438DB689847F5E710BDF0
:10C8E00010B50446FFF7EFFF2046FFF772FF204622
:10C8F00010BD704730B50D460E4985B0044640F86E
:10C90000041BCDE90232F8F74DF8002104F1400094
:10C9100004F0EEFA04F1540004F088FA0899204675
:10C9200000912946DDE9023204F05CFB204605B0A7
:10C9300030BD00BF7C280708704703689B6D18470F
:10C9400070B5002386B04FF4897490F82013CDF8A9
:10C95000063005AE8DF80A300389ADF80440022494
:10C96000ADF8103040F201234268ADF8123040F2C9
:10C9700003138DF8074001ACADF8143000F10A0341
:10C980008DF80B101D4603922246083303CAB242AB
:10C9900043F8080C43F8041C1446F5D112882846C5
:10C9A0001A8006B070BD000000487047DC1A070806
:10C9B00000487047141B070800487047E01A070832
:10C9C00000487047261B0708004870470C1B0708E3
:10C9D00000487047F61A0708036810B504465B6FF5
:10C9E0009847D4F8EC0203681B6F984723682046E9
:10C9F0009B6FBDE81040184708B5D0F834332BB909
:10CA000040F2CD620249034802F0A2FE08BD00BF19
:10CA1000211807082F18070810B5044602F090FFE8
:10CA2000D4F834330133C4F834332BB94FF4D7621C
:10CA30000249034802F08CFE10BD00BF2118070810
:10CA40002F18070838B5D0F834330446012B10D11D
:10CA50000025D4E9C93000F0010203B94AB1411000
:10CA600004EB6000C4E9C9550AB16258D35898472D
:10CA7000EFE7D4F834332BB940F2C66205490648D3
:10CA800002F066FE013BC4F83433BDE8384002F0E2
:10CA90006DBF00BF211807082F180708002307B52E
:10CAA0001A4602490248009303F0EAF83B180708C7
:10CAB0000E011580002307B51A460249024800936B
:10CAC00003F0DEF86318070804011580036873B5E6
:10CAD0000446DB6F9847B4F8F8120B12022B25D0EE
:10CAE000032B56D0012B04D1236820461B6B98479B
:10CAF00008B9002018E0236820461B6B9847067889
:10CB0000122EF6D1236820461B6B98474578012DDD
:10CB1000EFD123682046C4F804631B6B9847C4F820
:10CB20000003284684F8085302B070BDC9B22368D8
:10CB300020465B6B019198470028DAD02368204695
:10CB400001995B6B984703780199092BD1D1236830
:10CB500020465B6B984743780199022BC9D1236823
:10CB600020465B6B98472368857820465B6B01996C
:10CB70009847C3780199204645EA03252368C4F8FD
:10CB800004535B6B9847C4F80003012084F8080342
:10CB9000CAE7C9B20529ACD8DFE801F0030F1923B1
:10CBA0002D37236820469B6B98470378C4F80433DD
:10CBB00023689B6B20469847E5E723682046DB6B9C
:10CBC00098470378C4F804332368DB6BF2E72368E3
:10CBD00020461B6C98470378C4F8043323681B6C09
:10CBE000E8E7236820465B6C98470378C4F8043371
:10CBF00023685B6CDEE7236820469B6C98470378CC
:10CC0000C4F8043323689B6CD4E723682046DB6CAC
:10CC100098470378C4F804332368DB6CCAE70B78C1
:10CC2000DB0913700B78C3F3411353700B7803F0D7
:10CC30001F0393704B78D370C8788B7843EA002336
:10CC4000938048790B7943EA0023D380C8798B79A4
:10CC500043EA002313817047036870B504465B6F95
:10CC60000D46984794F80C33022B05D040F23D1244
:10CC70000849094802F06CFD084B204684F810531F
:10CC8000C4F824330023C4F828332368BDE8704077
:10CC90009B6F184721180708821807085FD10408FE
:10CCA00038B503680446DB6F984794F8083313B12E
:10CCB0000025284638BDD4F8EC0203685B6C984721
:10CCC000D4F804239042F3D8D4F80013121A014484
:10CCD000C4F80423C4F80013A2B9022394F80A5339
:10CCE00084F80C3345B1236804F53D71204684F87F
:10CCF0000A239B6E9847DCE701212046FFF7ACFF33
:10CD00000125D6E7D4F8EC02D4F820430368A24208
:10CD10001B6C28BF22469847F2E70000036813B552
:10CD20000446DB6F984794F81C33012B06D8002388
:10CD30000F491A4600930F4802F0A2FF94F80C33F3
:10CD400023B100230C491A460093F4E794F80B33FF
:10CD5000032B0BD02046FFF7A3FF38B9D4F8EC0221
:10CD60000368DB6C02B0BDE81040184702B010BD8C
:10CD70003B1807080E011580AD18070838B5036881
:10CD80000446DB6F984794F80833012B3BD1D4F865
:10CD9000045335B994F809330BB901252CE084F814
:10CDA0000953D4F82023D4F8EC029542D4F80013A8
:10CDB000036828BF15469B6C2A469847D4F8003371
:10CDC000D4F804232B44551BC4F80033C4F804538F
:10CDD000002DE2D194F80923002ADED1022394F831
:10CDE0000A5384F80C334DB1236804F53D71204695
:10CDF00084F80A239B6E9847284638BD01212046B7
:10CE0000FFF72AFFC9E70025F6E7036810B50446D7
:10CE1000DB6F984794F81C33012B01D8FFF73EFED7
:10CE200094F80B33032B0AD02046FFF7A7FF30B945
:10CE3000D4F8EC020368BDE81040DB6C184710BD65
:10CE4000036870B504465B6F0D46984794F80C3341
:10CE5000032B05D04FF4C3720849094802F078FC4F
:10CE6000084B204684F81053C4F824330023C4F838
:10CE700028332368BDE870409B6F184721180708C6
:10CE8000F718070877DA0408036810B50446DB6F63
:10CE90009847012004F21D33C4F80403C4F800339A
:10CEA00084F8080310BD036810B50446DB6F98478B
:10CEB00094F81C33042B05BFB4F82E330120002056
:10CEC000A4F8FA3201BF04F54C73C4F80403C4F8A3
:10CED000003384F8080310BD036810B5DB6F044607
:10CEE00098470423204694F8F82284F80C332368EA
:10CEF000B4F8FA121B6F9847012010BD036870B593
:10CF000004465B6F0D46984794F80C33042B05D00C
:10CF10004FF4EB720849094802F01AFC084B20460E
:10CF200084F81053C4F824330023C4F8283323684A
:10CF3000BDE870409B6F18472118070823190708A0
:10CF4000EFD10408036810B50446DB6F984794F8E6
:10CF50001C33042B02D0B4F8FA328BBB94F8F632AF
:10CF6000012B0FD0022B10D053BB164B01221A807D
:10CF7000144B0120C4F80033022384F80803C4F8DA
:10CF8000043310BD0F4B0022F1E7B4F8FA2222F06F
:10CF90008F03ABB912F00F0F0A4902D100230B80A7
:10CFA000E6E7530003F01E0343EAD2131822023BC4
:10CFB00002FB034393F830309B07EFD50123EEE7E4
:10CFC0000020DEE78C550024036810B5044690B0BD
:10CFD000DB6F9847D4F8EC02D4F820236946036845
:10CFE000DB6B984704F53D7269462046FFF717FE54
:10CFF000002311462046C4F80833C4E9C033012396
:10D0000084F80C3323685B6E984710B010BD03683A
:10D0100010B50446DB6F984794F81C33012B01D8F8
:10D02000FFF73CFD012394F80C2384F82C3322B93C
:10D030002046BDE81040FFF7C7BF84F82D3310BD70
:10D040002DE9F0411D46036804460F465B6F164606
:10D05000984794F80C33012B05D040F2BA220A49C4
:10D060000A4802F075FB0A4B204684F81073C4F896
:10D0700024330023C4F828332368C4E9C5659B6FB3
:10D08000BDE8F041184700BF211807084B190708F1
:10D090002FD90408036810B50446DB6F9847B4F82D
:10D0A000FC3293B394F8F40294F80823012825D1B4
:10D0B000012A06D0D4F8EC020368DB6CBDE810400E
:10D0C0001847D4F804239A4201D9C4F8043301283C
:10D0D000D4F8041326D18B4208D9D4F82033B1FBFD
:10D0E000F3F203FB12120AB984F809030223204663
:10D0F00084F80B33BDE81040FFF740BE002AD9D1B9
:10D10000D4F804239A42E2D0D4E7D4F8EC02D4F85D
:10D1100004230368002AD0D103219B6C84F80B13ED
:10D1200011460DE00123D4F82023D4F8EC028A4202
:10D1300084F80B33036828BF0A46D4F800131B6C2D
:10D14000BDE810401847036810B5DB6F04469847E8
:10D15000002384F82D33032384F80B3310BD0368B8
:10D1600010B5DB6F04469847002294F8103384F81A
:10D170000C2394F82D2322B12046BDE81040FFF780
:10D18000E2BF33B9D4F8EC020368BDE81040DB6CB1
:10D19000184794F80B33012B0AD10323D4F8EC027F
:10D1A00084F80B3303689B6C1146BDE810401847A8
:10D1B000022B07D10323D4F8EC0284F80B33036865
:10D1C0001B6CF1E710BD036810B5DB6F0446984790
:10D1D000002384F82C3394F80C3323B92046BDE89F
:10D1E0001040FFF7B0BF012384F82D3310BD036852
:10D1F00010B5DB6F04469847002294F8103384F88A
:10D200000C2394F82D2322B12046BDE81040FFF7EF
:10D210009ABF63B1B4F8FA322046A4F82E33B4F8BA
:10D22000F83284F83033BDE81040FFF733BFD4F84C
:10D23000EC020368BDE81040DB6C1847036810B5CA
:10D2400004465B6F984794F8F03283B9D4F8EC0247
:10D25000214603689B689847D4F8EC024021036894
:10D260009B6B98470123C4F8200384F8F0322368AD
:10D2700020469B6FBDE81040184738B50368044648
:10D280005B6F984794F81C5323682046EDB29B6F60
:10D2900098472B1F5842584138BD036810B50446C3
:10D2A0005B6F98472046FFF7C9FF94F8F1323BB90E
:10D2B000D4F8EC0203685B699847012384F8F132E3
:10D2C000236820469B6FBDE810401847D0F8EC0259
:10D2D00003685B6B184738B503680D4604465B6FFF
:10D2E00098472B07204617BF6A00D4F8205302F056
:10D2F0001E0242EAD5131FBF1822023B02FB034362
:10D300009D8D23689B6F9847284638BD0368F7B505
:10D310000E465B6F0546984736F08F0701D13207FE
:10D3200006D10023174918481A46009302F0A8FCBA
:10D330007400182304F01E0444EAD614023C03FBD4
:10D34000045494F83030DB0709D42846FFF795FFE2
:10D3500080B140F28C520D490D4802F0F9F994F871
:10D3600031303BB1D5F8EC0231460368DB6E9847AB
:10D3700084F831702B6828469B6F03B0BDE8F040FD
:10D38000184700BF63180708040115802118070813
:10D390006E190708036873B50E465B6F044698471D
:10D3A00016F0700F01D1310706D100231A491B482E
:10D3B0001A46009302F064FC7500182305F01E0560
:10D3C00045EAD615023D03FB054595F83030DA07EE
:10D3D00009D42046FFF751FFB0B140F2CC421049CA
:10D3E000104802F0B5F943F00203314685F83030B9
:10D3F000D4F8EC0203689B6D984795F831301BB167
:10D4000031462046FFF782FF236820469B6F02B01B
:10D41000BDE87040184700BF631807080401158075
:10D42000211807086E190708036810B50446DB6F5A
:10D43000984794F81C33042B02D0B4F8FA32A3B9FD
:10D4400094F8F632022B10D1B4F8FA1231F08F00B2
:10D450000BD111F00F030AD0B4F8F83223B92046EB
:10D46000C9B2FFF797FF012010BD0020FCE7184666
:10D47000FAE70000036873B50E465B6F04469847F1
:10D4800016F0700F01D1310706D100231C491D4849
:10D490001A46009302F0F4FB7500182305F01E05F0
:10D4A00045EAD615023D03FB054393F83020D20729
:10D4B00009D42046FFF7E1FED8B140F2F14212490B
:10D4C000124802F045F993F831301BB1314620463D
:10D4D000FFF71CFF1823314603FB054595F8303054
:10D4E00023F0020385F83030D4F8EC020368DB6DDA
:10D4F0009847236820469B6F02B0BDE870401847EC
:10D500006318070804011580211807086E19070819
:10D51000036810B50446DB6F984794F81C33042B5E
:10D5200002D0B4F8FA32A3B994F8F632022B10D133
:10D53000B4F8FA1231F08F000BD111F00F030AD0BA
:10D54000B4F8F83223B92046C9B2FFF793FF01209F
:10D5500010BD0020FCE71846FAE700002DE9FF4166
:10D56000984603680E4603925B6F0746984736F06D
:10D570008F0403D116F00F0F039A06D10023204920
:10D5800020481A46009302F07BFB7500182305F033
:10D590001E0545EAD615023D03FB057595F83030AA
:10D5A000DB070AD43846FFF768FE044688B140F22C
:10D5B000AF521549154802F0CBF8AB8D434505D95C
:10D5C00023462246124913480094DCE795F83110AF
:10D5D00039B13B6838469B6F9847204604B0BDE898
:10D5E000F081D7F8EC0201680C6E3146A047044682
:10D5F0000028EED095F83130013385F83130E8E776
:10D600006318070804011580211807086E19070818
:10D610007C19070805011580036837B50D465B6F57
:10D620000446984715F0700F01D12A0706D1002350
:10D63000154916481A46009302F022FB6B00182287
:10D6400003F01E0343EAD513023B02FB034393F8A6
:10D650003030DB070AD42046FFF70FFE054660B1E5
:10D6600040F2E9520A490B4802F072F8D4F8EC0291
:10D67000294603685B6E98470546236820469B6FE2
:10D680009847284603B030BD631807080401158089
:10D69000211807086E1907082DE9FF41984603680D
:10D6A0000E4603925B6F0746984736F08F0503D10D
:10D6B00016F00F0F039A06D10023224922481A467A
:10D6C000009302F0DDFA7400182304F01E0444EA0B
:10D6D000D614023C03FB047494F83030DB070AD400
:10D6E0003846FFF7CAFD054688B140F20A6217497D
:10D6F000174802F02DF8A38D434505D22B462A4644
:10D70000144915480095DCE794F831303BB13B688B
:10D7100038469B6F9847284604B0BDE8F081D7F89B
:10D72000EC02314603689D6E4346A847054638B172
:10D7300094F83130A4F82E80013384F83130E6E7D4
:10D74000E085E4E7CD1907080401158021180708D2
:10D750006E190708EB19070805011580036837B52E
:10D760000D465B6F0446984715F0700F01D12907ED
:10D7700006D10023124913481A46009302F080FA9A
:10D780006A0002F01E0242EAD5131822023B02FB95
:10D79000034393F83020D2070AD42046FFF76DFDEB
:10D7A000054630B140F249620749084801F0D0FF10
:10D7B000DD8D236820469B6F9847284603B030BD17
:10D7C0006318070804011580211807086E19070857
:10D7D000036870B50446DB6F0D46984794F81C2328
:10D7E00084F81C53AA42D3B226D0032B09D9032DA7
:10D7F0008CBF00260126012B05D9012D03D88EB13F
:10D8000003E00026F7E786B100264FF434720021CA
:10D8100004F11C001AF0A4FC002384F81D3384F8E2
:10D82000F23216B12046FFF7CEFC23682946204687
:10D830001B6EBDE87040184770BD036810B5044604
:10D84000DB6F9847D4F8EC0294F8F8120368DB6AAF
:10D850009847B4F8F8322BB902212046FFF7B8FFF9
:10D86000012010BD0321F8E7036810B50446DB6F03
:10D87000984794F8F81284F81D1351B9D4F8EC02C3
:10D8800003681B6A984703212046FFF7A1FF012088
:10D8900010BD0123204684F8F232032384F80C33B0
:10D8A0002368DB6E9847F2E7036810B50446DB6F28
:10D8B000984794F8F532C3BB94F8F7320B2B34D861
:10D8C000DFE803F0060B331033151A331F24292E1B
:10D8D0002046BDE81040FFF735BB2046BDE81040AC
:10D8E000FFF716BE2046BDE81040FFF79DBD20465D
:10D8F000BDE81040FFF7A1BF2046BDE81040FFF78C
:10D90000E5B82046BDE81040FFF7BEBA2046BDE8A6
:10D910001040FFF7A9BF2046BDE81040FFF7C3BA8B
:10D920002046BDE81040FFF7D7BA002010BD0368BD
:10D9300010B5DB6F04469847002094F8103384F844
:10D940000C0394F82D03D4E9C52190B1012B0BD819
:10D95000022304F53D712046012284F80C3323682C
:10D96000BDE810409B6E18472046BDE81040FFF709
:10D97000EABB042B12D12046FFF796FF30B9D4F84A
:10D98000EC020368BDE81040DB6C184794F80C33D8
:10D9900073B92046BDE81040FFF77CBB032BEED0E7
:10D9A000012084F8083384F80A03C4E9C021F0E7B1
:10D9B00010BD036810B50446DB6F9847022120466E
:10D9C000FFF706FF0023204684F81E33FFF7FBFB1A
:10D9D00023682046DB6DBDE810401847036810B58A
:10D9E00004465B6F984794F8F1323BB1D4F8EC02EF
:10D9F00003689B699847002384F8F13294F81C333C
:10DA0000012B03D901212046FFF7E2FE0023204627
:10DA100084F81D3384F81E332368BDE810409B6FE3
:10DA20001847036810B504465B6F984794F8F032C6
:10DA300053B12046FFF7D2FFD4F8EC020368DB684D
:10DA40009847002384F8F032236820469B6FBDE896
:10DA50001040184738B503680D460446DB6F9847F9
:10DA600045B994F81C332BB129462046BDE838400F
:10DA7000FFF7AEBE38BD036870B50446DB6F98474C
:10DA800094F82D3394F8106303B97EB92046FFF75C
:10DA9000F4FB054650B901464FF4347204F11C0002
:10DAA0001AF05EFB84F81D5384F8F252002384F8C8
:10DAB0000C3394F82D3323B12046BDE87040FFF7B6
:10DAC00042BBD4F8EC02036856B1DB6998472046A4
:10DAD0000421FFF77DFE2046BDE87040FFF7DABA6B
:10DAE000DB6CBDE8704018472DE9F04F914685B0DA
:10DAF00002680E4603930446526F904716F0700F6B
:10DB000003D116F00F0F039B06D1002326492748A7
:10DB10001A46009302F0B4F894F8F282B8F1000FBC
:10DB200007D1236820469B6F9847404605B0BDE863
:10DB3000F08F75004FF0180B05F01E0545EAD6155D
:10DB4000AF1E0BFB074797F830A01AF0010A05D06B
:10DB50004FF48E621649174801F0FAFDB9F5806F4F
:10DB600004D940F2714212491348F5E7D4F8EC02A7
:10DB700031460268D2F850804A46C04780460028A5
:10DB8000CFD0013D0E990BFB0545281DF8F75AFE35
:10DB900097F8303087F831A043F00103A7F82C90B4
:10DBA00087F83030BDE700BF63180708040115800F
:10DBB000211807080C1A07082E1A07082DE9F04744
:10DBC000054698461E4B04460F46914645F81C3BB9
:10DBD00000F53B7A2E4630461836F6F7E3FEB2459E
:10DBE000F9D1BDF820304FF434720021284623814A
:10DBF000A4F80490A4F806801AF0B2FA28220021B2
:10DC000004F53D701AF0ACFA00230122204684F896
:10DC10000C33C4F8EC72A4F8F03284F8F232C4F891
:10DC2000343384F8303384F81C2384F81D3384F8AB
:10DC30001E33C4E9C833C4E9CA33BDE8F08700BF66
:10DC40005C1A07080D4B70B50360044690F8F0327B
:10DC50002BB140F262520A490A4801F079FD04F5FD
:10DC60003B7504F11C06FFF7DCFEB54204D0183DFD
:10DC70002846F6F79EFEF8E7204670BD5C1A0708B6
:10DC800021180708461A070838B503680D460446E8
:10DC9000DB6F984715F0700F01D12B0701D1FEF70C
:10DCA00009FF6B00182003F01E0343EAD5118B1EF9
:10DCB00000FB034393F831206AB10139013A00FBBC
:10DCC000014483F8312004342046F8F7C8FD10B130
:10DCD0002046FCF78EFA38BD38B503680D46044679
:10DCE000DB6F984715F0700F01D12B0701D1FEF7BC
:10DCF000E1FE6B00182003F01E0343EAD5118B1ED2
:10DD000000FB034393F831206AB10139013A00FB6B
:10DD1000014483F8312004342046F8F7A0FD10B107
:10DD20002046FCF766FA38BD4FF0FF3100F079B9B4
:10DD300037B504464C3001911546FDF7C9FD0199F0
:10DD400021B90A46204600F014F803E02DB9204618
:10DD500000F048F8204603B030BD2A46F2E710B57F
:10DD6000044600F052F804F14C00F7F71BF9204686
:10DD700010BD032938B5044607D9D31C23F003038B
:10DD80009A1A8A1A22F003011A4600230D46E2600D
:10DD9000C4E904330DBB22622560C4E9065100F0DA
:10DDA0000BFA00F00BFA2581606004F13000A572D7
:10DDB00084F82450C4E90A5500F020FA00280BDB4F
:10DDC00004F1440000F012FA002805DB04F14800D9
:10DDD00000F00CFA00EAE07038BD23696D080133E9
:10DDE0002361D7E737B505460846019119F068FD6C
:10DDF000044638B1024601992846FFF7BAFF6C6124
:10DE000003B030BD4FF0FF30FAE770B50446056847
:10DE1000B5B9A36A1BB14FF0FF31E06A984704F12E
:10DE2000480000F0E5F904F1440000F0E1F904F1E4
:10DE3000300000F0EBF96069BDE8704019F048BDB2
:10DE4000EE6836B9EB6913B105F124009847AD6867
:10DE5000DEE7F36913B106F124009847F668F0E7AE
:10DE600073B506462731483021F00305019000F0D4
:10DE7000C0F906F11803B46901985CB9F3699D42D1
:10DE800023D8346A5B1B6219F36101233262256077
:10DE9000A37107E02268954213D8E26872B11A6054
:10DEA000A368936000F0A7F900234FF0FF32E3610D
:10DEB000C4E905322434204602B070BDA2681A605D
:10DEC000F0E704F10803A468D7E700F094F9F2E75B
:10DED00051F8083C73B505460C460BB10846984707
:10DEE000EB6833B1A4F12406B34202D82B6AB342E3
:10DEF00004D2002304F81E3C02B070BD05F14800B6
:10DF0000019000F076F905F11802AB690198ABB108
:10DF10001D6854F8241C8D420CD30FD144F8183CD2
:10DF200013689B6844F81C3C166002B0BDE8704062
:10DF300000F061B903F108029B68E8E7002344F8A8
:10DF4000183C1368EEE7F8B54B6900F14407054645
:10DF50000C469B1A1646002BACBFD318131C4B6102
:10DF6000038938468B8000F044F9284603687BB368
:10DF700059696269A1EB020CBCF1000F25DB9142EB
:10DF800026D19B68A36013B104F108021A610368EB
:10DF90002246002142F80C3F99601A61AB6A046086
:10DFA00020616BB195F8242052B12A68A24207D1B2
:10DFB000E2682AB96169E86A891B21EAE171984738
:10DFC0003846BDE8F84000F016B903F10800CDE787
:10DFD000A36013B104F108021A610023E360DDE7D6
:10DFE000F8B5144605460F46A2F1240600F0E6F8FF
:10DFF00054F8103C02463146034444F8047C284659
:10E0000044F8103CFFF79FFF296914F81E4C05F1F6
:10E0100030008C40E968761A00F0FAF83443204664
:10E02000F8BD2DE9F74F04460F464FF0000800F009
:10E03000C5F804F14406054607EB000984F824807E
:10E04000304600F0D6F8636801A95B1B002B2368FB
:10E05000D8BF656001931BB15A69521B002A37DD96
:10E06000236003B11C61C1F80080019D15B12389B3
:10E0700001332381304600F0BEF801A965BB019D44
:10E080004FF0010A002D34D100F098F8002F82469D
:10E090005CDBA9EB0005002D5ADCA36A9BB130467E
:10E0A00000F0A7F8A36A43B1226832B15169E06A6F
:10E0B000A1EB0A0121EAE17198470123304684F877
:10E0C000243000F098F80023A37203B0BDE8F08F6D
:10E0D00003F108019B68BEE7A8682B4600229A60FE
:10E0E0001A46DB68002BFAD10A6005F108010546E3
:10E0F000C4E72B6AD5F808B013B105F1240098479E
:10E10000AA69002A0BDB6B6913446B6100F056F8B7
:10E11000294602462046FFF716FF5D46B2E7E36850
:10E1200073B1AB420CD8236AAB4209D3AB792269F5
:10E130000133DBB213FA02F214BFAB7185F806A00B
:10E1400005F124012046FFF7C3FEE6E74FF0FF3557
:10E15000304600F04EF823683BB15969A1EB0A0143
:10E1600021EAE1718D4228BF0D46304600F043F8A8
:10E17000294604F1300000F04EF8A37A7BB1304616
:10E1800000F037F8A37A3BB100233046A37203B006
:10E19000BDE8F04F00F02FB8304600F02CF800F04A
:10E1A0000DF805464CE740F8101C704740F80C1C71
:10E1B000704740F8081C704701F0B6BE07B501F083
:10E1C000B6FB70B1084B6846196800F079FF4FF450
:10E1D0007A720023DDE9000116F06AFF03B05DF8F2
:10E1E00004FB02F0E3FDF9E7906300240020704790
:10E1F000704701F0A5BB01F0B9BB0000024908B5AA
:10E2000002F0AEFD002008BD2C1B070802F0B1BDD6
:10E21000012102F0ABBD08B5012341EAE1721946C4
:10E2200002F0C2FD431E5842584108BD30B52A4C89
:10E2300089B005462378BFF35B8FDA0711D42046F7
:10E2400002F08AF868B1254A4FF440712448FFF77C
:10E250006FFD204602F0A2F8224A2349204802F02E
:10E2600063F8224C2378BFF35B8FDB0713D420467F
:10E2700002F072F878B14FF4006218211C4B1D486F
:10E280000095FEF737FB204602F088F8154A1A4938
:10E29000184802F049F8174802F0D0FE10F0EF00DD
:10E2A00016D1164B154A0E49CDE90230034604A893
:10E2B000FCF708F804A90F4802F03EFF044604A842
:10E2C000F6F777FB24B12F220D490E4801F040FAF2
:10E2D000034809B030BD00BF505E0024B05E00248A
:10E2E000545E0024000000245FDD040890550024E3
:10E2F0005056002494550024E910050829DD04082F
:10E300004B1B0708621B070808B50248FFF78EFF82
:10E3100008BD00BF711B070870470000EFF31083B2
:10E3200072B6054A117831B9DB43044903F00103A1
:10E330000B70012313707047B1610024B061002499
:10E3400008B5EFF31083DB4313F0010304D036224A
:10E350000549064801F0FCF9054A1370054B1B7886
:10E3600003B162B608BD00BF991B0708B51B0708BB
:10E37000B1610024B0610024014B1878704700BFE0
:10E38000B1610024094B30B51A46094CD3F89450BA
:10E39000A542FBD1036829B181680B604FF440733B
:10E3A000536130BDC1681B04F7E700BF0064025829
:10E3B0000003008070B50E460446154613F07EF843
:10E3C000013609D02046002113F09CF8294620464A
:10E3D000BDE8704013F092B870BD0022FFF7EABFAD
:10E3E000FFF7E8BF70B50E460446154613F066F811
:10E3F00001360CD020462946FFF7C4FF012113F057
:10E4000081F820460021BDE8704013F077B870BD58
:10E410000022FFF7E7BFF8B5069F04460E461D46EB
:10E4200052B91A46FFF7C6FF013616D039462046C4
:10E43000BDE8F840FFF7A6BF13F040F801360CD056
:10E4400020463946FFF79EFF012113F05BF829466D
:10E450002046BDE8F84013F051B8F8BD00487047B9
:10E46000D01B0708024B1B680BB1024818477047C6
:10E47000380D0024D01B07081FB5431C10D105B070
:10E480005DF804FB83420AD18968039014F0D6F941
:10E490000021039805B05DF804EB14F087BA0C3145
:10E4A000B1F900305A1CEDD100230246024903485D
:10E4B000009301F0E5FB00BFFC1B07083001018061
:10E4C000884207B502460AD0431C08D0013105D066
:10E4D000002305490548009301F0D2FB0146084698
:10E4E00003B05DF804FB00BF0D1C0708300101807C
:10E4F000B1F900305A1C01D118467047834201D14E
:10E50000486870470C31F3E7421C13B504460AD043
:10E51000FFF7EEFF431C06D10023224603490448BF
:10E52000009301F0ADFB02B010BD00BF1E1C070838
:10E5300030010180B1F900305A1C01D118467047F2
:10E54000834201D1886870470C31F3E7421C13B550
:10E5500004460AD0FFF7EEFF431C06D100232246F3
:10E5600003490448009301F08BFB02B010BD00BFCB
:10E570003E1C0708300101802DE9F047466896F8F7
:10E58000327087BB03685B689847346A84422AD03C
:10E590003369041B96F934201C40B3683062A4FB35
:10E5A0000345CAB1736A14EB030845F10009002A58
:10E5B0001BDBC2F12001A2F1200328FA02F429FAA0
:10E5C00002F509FA01F129FA03F30C431C4304FA9A
:10E5D00002F2A8EB02027262D6E90A321B1945EB7D
:10E5E0000202C6E90A32BDE8F087D6F80CA03B4625
:10E5F00040464946524616F0ABFD04460D460AFB1E
:10E600001082E8E7824206D98A420BD9884294BF39
:10E61000002001207047884206D98A428CBF002022
:10E620000120704701207047002070472DE9F34713
:10E6300046680446376B27F07F4727F0FF07002F17
:10E6400063D1FFF799FF7368002B61D0D3E9000114
:10E65000D6E90A238B4208BF824205D323685B694F
:10E6600002B0BDE8F04718476568D5E90A32D5F829
:10E6700014A0B0EB030861EB0209D5E906234B4572
:10E6800008BF424520D3EB6895F933C0A3FB0801CE
:10E6900003FB0911BCF1000F13D0AA68531EC01868
:10E6A00041F10001BCF1000F1CDBCCF12002ACF108
:10E6B000200320FA0CF001FA02F221FA03F31043CE
:10E6C0001843824528BF82462A6A336A92442A69DF
:10E6D0000AEA0202934209D140F2C91212491348D0
:10E6E00001F036F83B4616F033FDEAE723681046A2
:10E6F00001921B69984723685B689847019A014615
:10E70000306AFFF77FFF0028A8D102B0BDE8F0878C
:10E710007369306A32691844236810401B6902B07B
:10E72000BDE8F047184700BF711C0708831C0708A5
:10E73000436893F830202DE9F3470646002A7FD13D
:10E7400093F83230002B7BD103681B6898473368FD
:10E75000DB69984703682BB91A463B493B4800934D
:10E7600001F08EFA19463A4C2246B1FBF4F402FB52
:10E7700014141146002CF7D1354C01257768B4FBF1
:10E78000F2F11F24B960013C03D305FA04FC614592
:10E79000F9D1B3FBF2F287F8334001231F24FA606A
:10E7A00003FA04F5AA4201D0013CF9D287F83440BB
:10E7B00043681D1F1C2D05D90023264926481A46EB
:10E7C0000093CDE7202B4FF0070418BF012004FA77
:10E7D00005F40CBF4FF0FF3098404FEAE4794FF05A
:10E7E00000037C6118BF00F1FF30A4FB01459A468D
:10E7F000386112F1FF3001FB095543F1FF31201858
:10E8000045EB010116F0A4FC3368C7E906015B681B
:10E81000C7E900AA984773683862002101220020E6
:10E82000C3F824A01A8683F832A0C3E90A0130464F
:10E83000FFF7A2FE304602B0BDE8F047FFF7F6BE94
:10E8400002B0BDE8F08700BFA71C07080E010480D6
:10E8500040420F00C01C0708050104802DE9D003C9
:10E8600016461F4642680024059B8B605368C1E929
:10E87000006733B9CB606CB95160BDE8D003FFF7D6
:10E88000D5BED3E900894F4508BF4645F2D31C46A3
:10E89000DB68EEE7D2E90A23E160BB4208BFB2427F
:10E8A000EBD2BDE8D003704738B505460C46FFF7FC
:10E8B0003FFF01F045F86B681C60BDE8384001F08F
:10E8C00055B8F8B5054601F03BF8D5E90034DB68EA
:10E8D000984794F832301BB1BDE8F84001F046B8D3
:10E8E000012384F831306368ABB12846FFF744FE5A
:10E8F0006168D4E90A67D1E900239F4208BF9642C4
:10E9000009D36B685A68CB6863602368002BEAD030
:10E9100090689847E7E70023284684F83130FFF7EE
:10E9200085FED9E710B586B0CDE904210393089C94
:10E93000029001F005F80298FFF71EFE0599029873
:10E940000094DDE90332FFF789FF06B0BDE810400F
:10E9500001F00CB838B505460C4600F0F1FF6A68C6
:10E960005368A34209D1DB6828465360FFF75EFE77
:10E97000BDE8384000F0FABF1346002BF8D0DA6843
:10E98000A242F9D1E268DA60F2E738B50446FFF74F
:10E99000CFFE00F0D5FF2046FFF7EEFD6368D3E918
:10E9A0000A4500F0E3FF2046294638BD70470000C5
:10E9B00000487047FC1C0708024B1B680BB102485B
:10E9C000184770473C0D0024FC1C070808B5BFF32E
:10E9D0005F8F164B1968080AC1F3072110F0FC0F6E
:10E9E00004D13B221249134800F0B2FE0022104627
:10E9F0005A608A4216D11022DA600F4A1A61132235
:10EA0000DA600E4A1A611122DA600D4A1A610D4A63
:10EA1000DA600D4A1A6107225A60BFF34F8FBFF3C5
:10EA20006F8F08BD9A6001321861E2E790ED00E057
:10EA3000411D0708501D070839F002063907021367
:10EA40003FF50B131200008039000213B1F90C20BE
:10EA5000B1F9041014F060BE19F030BC2DE9F04F8C
:10EA60008B4D8046894692462DED028B08EE103A7A
:10EA70006B6B83B01BB19847EB6B0133EB632B6976
:10EA8000DBB1002218F0800F1A7025D1B9F1000F08
:10EA900011D0686803781BB149461AF06DFB50B974
:10EAA000A8680378002B00F0ED8049461AF064FB5B
:10EAB000002840F0E780AB692B62AB6B3BB10023D1
:10EAC000EC6BEB63013CAB6B9847002CFADC03B0BA
:10EAD000BDEC028BBDE8F08FBAF1000FEBD0B9F1BD
:10EAE000000FE8D0EB6A002BE5D02B7803EA080290
:10EAF000D106E2D01A06D5E9047402D4B8F1010FA8
:10EB000012D118EE103A5246214638461DF0E6FC66
:10EB1000B8F1010F54D12B6B002B51D028699847C5
:10EB20002B6B5C489847C6E713F0400064D09B0607
:10EB300044D5594A2146384619F0B0FD84423DDD9E
:10EB400000283BDD0744241AB8F1080F52D03AD808
:10EB5000B8F1020F3CD0B8F1040F49D00026B346FB
:10EB60006B6ADBB10021524618EE103A8DED018A36
:10EB700008461DF0B3FC002E30446B6A18BF042613
:10EB800030449847454A03462146384619F086FDE9
:10EB9000A04203DA0028C4BF3F18241AB8F1080FB6
:10EBA0006DD02ED8B8F1020F31D0B8F1040F63D078
:10EBB0003B4A2146384619F071FD2EE0002CC3DC9B
:10EBC000EB6A2869AEE7B8F1100FC7D1354B00E00A
:10EBD000354B324A2146384619F060FDA0420646C0
:10EBE0000DDA002801DD0744241A4FF0010BB7E7C6
:10EBF0002E4BEEE72E4BECE7002CAFDCE0E70026D7
:10EC0000F3E7B8F1100FD3D14B462A4A01E04B4647
:10EC1000294A2146384619F041FDA042D0DA0028A1
:10EC2000CEDD261A074418EE103A524631463846D1
:10EC30001DF054FC8642C3DD0028C1DD361A0744AE
:10EC4000002EBDDDAB6A73B19847144A03463146C6
:10EC5000384619F023FD8642B2DD0028B0DD361AB1
:10EC60000744002EACDDBBF1000FA9D0134A31469A
:10EC7000384619F013FDA3E74B46114AC9E74B4646
:10EC8000104AC6E7BAF1000F7FF42CAF13E700BFBC
:10EC9000400D00246F2107085D1D0708D5F1060807
:10ECA000E9F80608751D0708631D0708691D0708B0
:10ECB0006F1D0708A81D07087B1D0708B71D07085B
:10ECC0008A1D0708991D07080CB407B504AB53F853
:10ECD000042B0193FFF7C2FE03B05DF804EB02B012
:10ECE00070470000024B1B6803B11847704700BF14
:10ECF0002862002407B5019000F022FE019803B0BD
:10ED00005DF804FB07B5019000F030FE019803B0F8
:10ED10005DF804FB80687047007B704738B50D4B89
:10ED20000D460273044603600023C0E901310A481E
:10ED3000FCF740FC02F082F855B1084B1A681C60E1
:10ED400062600548FCF736FC02F096F8204638BDB4
:10ED50006560F6E7CC1D0708306200242C620024B1
:10ED6000144B10B5036004461348FCF723FC02F073
:10ED700065F8A3682BB1114962680B68A34212D1F0
:10ED80000A600F4B0C481A68A24204BF00221A60A6
:10ED9000FCF710FC02F070F8237B13B9201F01F080
:10EDA000B5FD204610BD19465B68A342FBD14A6001
:10EDB000E7E700BFCC1D0708306200242C62002466
:10EDC0005862002410B50446FFF7CAFF1021204600
:10EDD00001F038FD204610BDF8B5064617480D462F
:10EDE000FCF7E8FB02F02AF8154B1C68A4B1A768F1
:10EDF00087B1384619F064FFA8420BD12A46314644
:10EE0000384619F07DF828B90C48FCF7D3FB02F01E
:10EE100033F811E06468E9E7072DF5D12A46314659
:10EE2000084819F06DF80028EED10448FCF7C2FB41
:10EE300002F022F8044B1C682046F8BD3062002422
:10EE40002C620024BC1D0708586200240020704773
:10EE50000368012200211B6970B504469847051E0E
:10EE60000DDB23680222002120461B6998470646D5
:10EE700023682946354600221B69204698472846C4
:10EE800070BD000070B50E46002504460F49C0E96C
:10EE9000005530461AF000F82946304420602368B7
:10EEA0001A782F2A07D10133236051B92A22084941
:10EEB000084800F04DFC002AF7D0013301312360EF
:10EEC000EDE7FFF789FF6060204670BDA3F50608F7
:10EED0003E1E07084B1E070800687047406808B5CB
:10EEE00020B1FFF719FF431E5842584108BD10B525
:10EEF0000446FFF7F3FF10B1606800B1043810BD9D
:10EF0000406808B520B1FFF707FFB0FA80F040096C
:10EF100008BD10B50446FFF7F3FF10B1606800B1FB
:10EF2000043810BD4068003818BF012070476FF0EA
:10EF3000570070476FF0570070476FF057007047E9
:10EF400000207047F8B50D46036804468F182E461A
:10EF50001B6D9847BE42236806D09B6C204616F86E
:10EF6000011B98470130F5D1236820465B6D984717
:10EF7000701BF8BDF8B50D46036804468F182E4681
:10EF80001B6D9847BE42236807D0DB6C204698472C
:10EF9000431C02D006F8010BF4E7236820465B6DA2
:10EFA0009847701BF8BD00207047002070477047DD
:10EFB0000F4B002213B5044640F8043BFFF7AEFEAA
:10EFC0000C4B0D492046236060336360002363616E
:10EFD00001F0FAFC0346606128B902460090074937
:10EFE000074800F04DFE01F0A3F9204602B010BD25
:10EFF000DC1D0708001F0708801E0708831E07087E
:10F00000190101800A4B03F10802683310B5044668
:10F0100002604360406917F01BFA064B20462360EC
:10F02000503340F8043FFFF79BFE204610BD00BF61
:10F03000F81E0708A01E070810B50446FDF7ACF936
:10F04000094BA0692360FFF7A0FC00220023C4E95C
:10F050000C230023C4E90801C4E90A01C4E90E3302
:10F06000204684F8403010BDC01F07084FF0FF3025
:10F070007047000038B590F83F50044625B18E2205
:10F080000849094800F064FBFDF7A6F994F8403000
:10F09000A5872BB184F84050BDE8384001F01EB878
:10F0A00038BD00BF821F07088F1F070810B5044630
:10F0B00001F1300000F084FBC4E90001204610BDDE
:10F0C00010B504468869FFF760FCC4E900012046DA
:10F0D00010BDD0E90C32013342F10002C0E90C321C
:10F0E000D0E90A3213F57A7342F10002C0E90A321C
:10F0F0007047D0E90A2312F57A7243F10003FDF755
:10F1000061B9F8B50D4604468869FFF73EFCD5E9BC
:10F110000A32C61A61EB0207002F08BFB6F57A7FE4
:10F1200005D200220023C4E900232046F8BD002FA9
:10F1300008BFB6F5FA6F01D20122F3E7002E4FF4B3
:10F140007A72304677F101034FF00003B4BF00211B
:10F15000394615F0FDFFC4E90001E6E791F83F30BC
:10F16000F7B505460C4613B991F83C6026B1E52287
:10F170001149124800F0ECFA6846FFF7C2FF4FF45D
:10F180007A71A663DDE90032A3FB016701FB027718
:10F19000D4E90A10891947EB0000C4E90A10D4E940
:10F1A0000C105B1840EB02022846C4E90C32C5E99A
:10F1B000003203B0F0BD00BF821F0708991F070887
:10F1C0002DE9F743994690F83F300446904623B125
:10F1D00058223149314800F0BBFA90F83C3063B90D
:10F1E00001466846FFF7BAFFDDE900234B4508BF3B
:10F1F000424505D3012384F83D3003B0BDE8F083D8
:10F2000021466846FFF752FF009B4FF47A71B8EB36
:10F210000306019B69EB0307A8FB012301FB0933EC
:10F22000D4E90851551994F8402043EB0108012313
:10F23000A38762B9A269126892F8202032BB84F8D1
:10F24000403000F035FF002F08BF052E0DD20023FF
:10F2500084F83E3094F8403023B9012384F84030DC
:10F2600000F026FF2A4643460AE094F84030002B7F
:10F27000EDD10123B5F57A6284F83E3048F1FF33D1
:10F28000204603B0BDE8F043FDF79CB8002F08BF4F
:10F29000052EDCD3EDE700BF821F07088F1F07088C
:10F2A000024B4FF080625A60704700BF00ED00E0F3
:10F2B00008B50121383000F071FA08B1FFF7F0FF0E
:10F2C00008BD012310B580F83F300446836B0BB1B5
:10F2D000FFF7E6FF2046FFF70CFF10BD90F83C302B
:10F2E00010B504464BB1002380F83C3090F83E3016
:10F2F00013B9012380F83D3010BD90F83F30002B4A
:10F30000FAD0836B01338363FFF7CAFF2046FFF710
:10F31000E0FE2046FFF7EDFEEEE70000024B4FF067
:10F3200000725A60704700BF00ED00E010B504465F
:10F33000FDF752F8002384F83F30FFF7EFFF10BDD0
:10F34000102300F007B8202300F004B8302300F0A9
:10F3500001B840239C46F0B404AE7546E80801D3DA
:10F36000EFF309860E4F0FCE0FC70FBC0FC74046F5
:10F37000494652465B460FC71DCE3100A60A00D350
:10F3800004316E0900D248311FC7EFF30980694686
:10F39000EFF3148663C76046014900F079F800BFB7
:10F3A000580F0124F0B52C4E85B000242B4F354664
:10F3B0002146013456F8042B384600F0A5FA0D2CEE
:10F3C000F6D1AB6C264C02936B6C264801932B6CE8
:10F3D0000093696BD5E90E2300F096FA2168224864
:10F3E00000F092FAE16AA26AA36AA06AD2B2266B1E
:10F3F000C3F30723E76B000CCDE9016700901B48BE
:10F4000000F082FAA36A1E0603D5616B184800F06B
:10F410007BFAA36A180403D5A16B164800F074FAAE
:10F42000EB6C190712D5144800F06EFA2B6DDA0751
:10F430000FD5124800F068FAEB6C5B074CBF104820
:10F44000104805B0BDE8F04000F05EBA0E4800F08C
:10F450005BFA0E48EEE700BF580F0124C41F0708EF
:10F4600000ED00E0D21F0708212007082F20070821
:10F470007E2007088C2007089A200708A920070883
:10F48000D9200708E5200708C9200708B620070883
:10F4900007B504460D461A48012100F088F968BBFB
:10F4A000184800F031FA302C19D0402C1CD0202CF8
:10F4B0001FD1154C154800F027FA154800F024FA22
:10F4C000FFF770FF134800F01FFA0D4B00221A706F
:10F4D00000232A4610492046009300F0D1FB0F4834
:10F4E0000F4C00F011FAE8E70E480F4C00F00CFA50
:10F4F000E3E70E480E4C00F007FADEE70024E7E7EA
:10F50000AC0F0124F12007083E01FF801A210708F3
:10F5100047210708522107087121070829210708F8
:10F520003F01FF80322107084001FF803D2107088D
:10F530003D01FF802DE9F0410C467746154600F06D
:10F5400015FCE4B154F8088CDDB1284618F0B8F980
:10F55000064648B1A8454246214628BF2A4618F02B
:10F5600001FD204618F0B4F93B462A4621463046B4
:10F5700000F0B4FB00F00AFC3046BDE8F081A04684
:10F58000E2E72E46F0E7F7B50D461646774600F05F
:10F59000EDFB06FB05F21046019218F091F90446C6
:10F5A00018B1019A002118F0DBFD3B46324629468E
:10F5B000204600F0ABFB00F0E9FB204603B0F0BDB5
:10F5C00038B5104B0446104D1B681048EB60FBF734
:10F5D000F1FF01F033FC2A46234618351446083360
:10F5E00003CCAC4243F8080C43F8041C2246F5D186
:10F5F000206818600548FBF7DDFFBDE8384001F0E2
:10F600003BBC00BF606400245C620024786200247C
:10F61000F8B50D461646074600F0A8FB2048FBF754
:10F62000C9FF204C01F00AFC15F1090F32D805F191
:10F630000801384618F054F960B3A26800F10807D1
:10F64000194B2A4405604360A26022692368013295
:10F650002B44226162682360934250F8042C88BFD7
:10F660006360031F002AB8BF9B18A2691B68521B66
:10F6700023F001031344A3610948FBF79BFF01F04A
:10F68000FBFB32462946384600F014FB00F07EFBB7
:10F690003846F8BD6369002701336361ECE700BFBA
:10F6A000786200245C620024EFBEADDE00B57246D5
:10F6B0005DF804EBFFF7ACBF70B50C460546164687
:10F6C00000F054FB1C48FBF775FF01F0B7FB1CB3BF
:10F6D00054F8042C194B9A422BD154F80C2CA4F159
:10F6E0000C0354F8081C002AB8BF9B181A680023A2
:10F6F00044F8043C22F00102114B1868401A1860CB
:10F7000018690138186198690144891A9961A4F14E
:10F710000801284617F000FA0748FBF74BFF01F0F5
:10F72000ABFB3146204600F009FBBDE8704000F01D
:10F730002DBB2146EDE700BF78620024EFBEADDEB1
:10F740005C62002400B572465DF804EBFFF7B4BFBD
:10F7500007B50B46009201460022014800F090FADE
:10F760004401FF8003460122D3E84F0FC3E8412F35
:10F77000C0B20029F8D17047D0E85F3F5B18C0E8FD
:10F78000523F002AF8D198B27047D0E85F3F5B1A29
:10F79000C0E8523F002AF8D198B27047034653E8B8
:10F7A000000F401A43E80002002AF8D170470346D0
:10F7B000D3E84F0FC3E8421FC0B2002AF8D1704708
:10F7C00038B5044600F0BCF8D4E9004500F0CEF8A6
:10F7D0002046294638BD0000254C264D264680B5DA
:10F7E00088B000F0ADF8A52101A8FEF711FE0427AE
:10F7F000DFF88480D4F89430AB42FBD1039B4046C1
:10F80000019A1A604FF44073636101F07BFAD6F8F5
:10F810009430AB42FBD1019B4046049A1B04136019
:10F820004FF44073736101F06DFA013FE2D1042798
:10F83000DFF84880D4F89430AB42FBD1039B4046BC
:10F84000019A1A604FF44073636101F05BFAD6F8D5
:10F850009430AB42FBD1019B4046049A1B041360D9
:10F860004FF44073736101F04DFA013FE2D1BEE7FE
:10F870000064025800030080F0490200801A06006C
:10F8800073B5002201460446022000F003FE0D2657
:10F8900000F056F80022254614F8013B1BB900F091
:10F8A00065F802B070BD0A2B09D10D2A07D00122DC
:10F8B0000DF1070102208DF8076000F0EBFD012239
:10F8C0002946022000F0E6FD14F8012CE3E70000D1
:10F8D00000B5A3B002460B46842101A81CF0FEFD32
:10F8E000832806D9074B1A681B79CDF883208DF839
:10F8F0008730002802DD01A8FFF7C2FF23B05DF8C2
:10F9000004FB00BF812107080FB407B504A951F813
:10F91000040B0191FFF7DCFF03B05DF804EB04B0CA
:10F920007047EFF31080C04300F001007047EFF321
:10F930000580003818BF01207047FEF71DBD00008C
:10F9400008B5FEF7EBFC064A1368591C04D13F22A8
:10F9500004490548FFF7FCFE0133136008BD00BFF2
:10F96000A0620024A0210708B0210708044A1368F8
:10F9700023B1013B13600BB9FEF7E2BC704700BF37
:10F98000A062002408B50B48FFF7ECFE28B1FFF792
:10F99000D7FFBFF34F8F20BFFDE7FFF7C8FF08B1C8
:10F9A000FFF71AFFFFF7BDFF0028F9D0012000F094
:10F9B000D9FE00BFE06200242DE9F0414B4C0E4619
:10F9C00098B08046216817464948C1F34173032B1C
:10F9D000C1F307430CBF4D428DB22A46FFF794FF97
:10F9E0006FF498731D44132D0FD8DFE805F00A62F9
:10F9F00065686B716E740E0E0E0E0E0E0E0E0E0EF0
:10FA00000E77A1683B48FFF77FFF4046FFF738FFBE
:10FA100061683948FFF778FF4EB13848FFF730FF8B
:10FA20003046FFF72DFF39463548FFF76DFFA168D7
:10FA30003448FFF769FF2368334A1A44012A05D97D
:10FA4000324A934202D0033A93424BD1A06820B18C
:10FA5000C06C80F00800C0F3C000E368002B43D006
:10FA600059682B4A002908BF1146E269294D0392C3
:10FA7000A26902926269019222690092264A0028D4
:10FA800018BF2A462548FFF73FFF04A801F00CF9EC
:10FA9000079B216801939DF8183021480093DDE908
:10FAA0000423FFF731FF1F48FFF72EFF18B0BDE812
:10FAB000F081A1681C48A6E7A1681C48A3E7A168DB
:10FAC0001B48A0E7A1681B489DE7A1681A489AE770
:10FAD000A1681A4897E7A168194894E71948FFF701
:10FAE00013FF92E70020B8E70949BEE7E46200246B
:10FAF000F621070847220708EF2207080023070816
:10FB0000082307080C230708C2FE007F4001FF807E
:10FB1000E1210708EB2107087021070820230708C7
:10FB200079230708F02307085D2207086D220708DC
:10FB30007C2207088F220708A3220708B72207089C
:10FB4000C6220708DC22070870470000F0B5294DDF
:10FB50008FB00E46174635EA200528BF05463022ED
:10FB6000002102A818F0FCFA234B01AC01952B44AC
:10FB70000396012B05D9214B9D4202D0033B9D42A8
:10FB800032D1F36B0293736B08931D4B5B69DA6B95
:10FB9000049305925A6B1B6B06920793FFF7D0FEF6
:10FBA000184A13680133012B136009D12646164DFC
:10FBB0000FCE0FC50FCE0FC50FCE0FC533682B600C
:10FBC000124D0FCC0FC50FCC0FC50FCC0FC523683E
:10FBD000A5F130002B600E4B1B6843B19847FFF72F
:10FBE000C5FE00200FB0F0BD02970894CDE7FFF7E7
:10FBF000ABFFF4E70101FF80C2FE007F4001FF8000
:10FC00007C0C0024A4620024AC620024E462002482
:10FC1000A86200240FB41FB501210D48CDF804E0FF
:10FC2000FFF7C5FD019A044680B901460948FFF770
:10FC30008DFF224621460848FFF7BEFE07A9069819
:10FC40000391FFF745FE0548FFF71AFEFFF79AFEFE
:10FC5000AC0F01240001FF800A2407086F21070868
:10FC600000207047014B1878C0B27047AC0F0124D8
:10FC700000B5114672465DF804EBFFF767BF000060
:10FC800080B506460C460A480121F04617461D4637
:10FC9000FFF78DFD48B9424639463046FFF756FF1B
:10FCA000029A29462046FFF787FEFFF76BFE00BF4A
:10FCB000AC0F012438B50B46064904460D6835B132
:10FCC00005490978012902D801460020A8472046A5
:10FCD00038BD00BF186300244463002437B50446D0
:10FCE00010461A46074B1D6845B1074B1B78012B80
:10FCF00004D80B46009021460120A847204603B0B7
:10FD000030BD00BF186300244463002437B50446A7
:10FD100010461A46074B1D6845B1074B1B78012B4F
:10FD200004D80B46009021460220A847204603B085
:10FD300030BD00BF18630024446300240A4609490B
:10FD4000034610B40C684CB107490978012905D85D
:10FD5000A446002103205DF8044B60475DF8044B86
:10FD6000704700BF186300244463002408B50548A9
:10FD7000FBF720FC01F062F8034A1378013313709B
:10FD800008BD00BF1C63002444630024054A0648E4
:10FD900008B51378013B1370FBF70CFCBDE8084075
:10FDA00001F06AB8446300241C63002409B9C82820
:10FDB00005D010F0030F0CBF01200020704708464B
:10FDC000704700002DE9F04180460C4641B338B33E
:10FDD0004569A5F14607882F22D88168D0E9003609
:10FDE0004FF4616041433C2000FB06161B49284646
:10FDF0001E44D8F80C30013B01FB03631146FFF7AA
:10FE0000D5FF0C26D8F81010CE2D06FB0010144993
:10FE100051F820100B4409D122B912498B4207D363
:10FE2000002019E0012A03D10F49F7E7462D0FD032
:10FE3000691E8910A1F111001AB9C82DC8BFA1F11E
:10FE4000120040F26D1202FB0707044A02FB07335F
:10FE50002360012000236360BDE8F0818051010030
:10FE6000202407088022310000D12F00194670B5E8
:10FE7000002A52D03C24B0FBF4F304FB13001060C2
:10FE8000B3FBF4F004FB103418235460B0FBF3F41C
:10FE900003FB140307209360231DB3FBF0F0C0EBBA
:10FEA000C000181A46239061536155692846FFF730
:10FEB0007DFF38B1B4F5B77F0DD30135A4F5B77424
:10FEC0005561F2E7B4F5B67F05D901356FF4B67325
:10FED00055611C44E9E7124B30251249D4615C435B
:10FEE0000B2305FB00151361002355F8046BA64294
:10FEF0000FD9013B136113690C2505FB003051F844
:10FF000020300120E41A064BB4FBF3F40134D46032
:10FF100070BD01330C2BE8D1EDE71046F8E700BFC8
:10FF2000805101002024070838B5064C23683BB9EE
:10FF3000054DFEF793FA01462846FFF77DF8256048
:10FF4000206838BD906300244863002408B58368A6
:10FF500023B9054B1B6893F83D0008BDC06898475E
:10FF60000028F6D0F9E700BF90630024F7B50446F7
:10FF70004FF0FF366FF00047164D2046FFF7E6FFC3
:10FF800030BBD4E90023BB4208BFB24202D028688C
:10FF9000FFF716F901A8FEF7ADFE2046FFF7D6FFE2
:10FFA00098B9D4E90023BB4208BFB24207D100F0A0
:10FFB000B9F801A8FEF7A6FEBFF36F8FDDE72B6847
:10FFC00093F83C30002BF2D1F3E701A8FEF79AFE3C
:10FFD00003B0F0BD9063002430B587B00D4D0446EA
:10FFE000CDE902230A9B04930B9B0593FFF79CFF2B
:10FFF00002A8FFF7BBFF2868FFF73CF868462968AE
:020000040805ED
:10000000FFF7ACF82046DDE90023C4E9002307B080
:1000100030BD00BF906300242DE9F0410E4D86B045
:1000200006460F4604A829689046FFF73FF82B685C
:10003000DDE904019B6BC41A02A861EBE375A21908
:10004000CDE9007845F10003FFF7C6FF0298001BD9
:1000500006B0BDE8F08100BF9063002410B5054CE8
:10006000236813B9FEF7FAF920602068BDE8104054
:10007000FEF78BBCA06300240449054AD1E9003196
:10008000D2E90002181842EB01017047A86300246E
:1000900098630024FFF7E2BF014BD3E900017047EA
:1000A000A8630024014BD3E9000170479863002442
:1000B00013B5074C01212046FFF75EFB034628B924
:1000C0000090228803490448FFF7DAFD02B010BD12
:1000D00094630024802407082301048013B5094C8D
:1000E00001212046FFF751FB4FF6FF73984206D1DE
:1000F00000232288044905480093FFF7C1FD02B0A0
:1001000010BD00BF94630024A224070824010480CA
:10011000034B188880B2B0FA80F04009704700BFE6
:1001200094630024F8B5FFF70BFCFFF797FF064632
:100130000F46FFF7EDFF0446A0B113F095FCFFF763
:100140008DFF05468CB10F48D0E90043A21B63EB3D
:100150000707521947EB0101C0E90021BDE8F8404B
:10016000FFF704BC13F06EFCE9E7074CD4E900206C
:10017000931B60EB07005B1940EB0101C4E9003100
:10018000ECE700BF98630024A86300246FF01C0014
:1001900070476FF0150070470120704700207047CE
:1001A00070470000034B186818B14FF0FF31F8F7A3
:1001B00093BD7047F0740024024B186808B1F8F73B
:1001C000A3BD7047F0740024F8B515460C468F188F
:1001D000054EBC4205D014F8011B304610F0F0FB70
:1001E000F7E72846F8BD00BF1816012438B511F00E
:1001F00001048DB205D0084813F042F9041E18BF5F
:100200000124EB0605D5044813F04AF908B144F07F
:100210001004204638BD00BF1816012410B50C4646
:100220002AB1044810F098FB2070012010BD104640
:10023000FCE700BF1816012438B5084B04461546E4
:100240000360074B1B6833B90648FEF7FFFB2946DE
:10025000044813F07BF9204638BD00BFE8250708A5
:10026000F8730024181601240020704700207047FE
:1002700038B5044654F8040B036821469B68984738
:10028000051E05DC06D06D42002416F073F80560EB
:10029000204638BD2C46FBE773B50D46014668463F
:1002A000FEF7F0FD6846FEF722FE044638B916F068
:1002B00061F8132303604FF0FF3002B070BD036894
:1002C00068469E69FEF708FE2A4601462046B0476A
:1002D000041E04DA644216F04DF80460EBE70020D7
:1002E000EBE70000002307B51A46024902480093D5
:1002F000FFF7C6FCC024070829010180074A084906
:1003000013681844884283BF064B0C224FF0FF301D
:1003100010608CBF1A601846704700BF800E002422
:1003200000FC072494160124012070470120704727
:10033000002118F0A1B808B5F9F79CFD08BD08B573
:10034000F9F7A0FD08BD08B5F9F7A2FD08BD08B58D
:10035000F9F7A6FD08BD000010B50446037803F0C8
:100360000303012B08D0FFF71DFF237803F00302DE
:10037000012A03D1FFF720FF00200AE02AB14FF441
:10038000D46204490448FFF7E3F943F00203237001
:10039000012010BDE4240708F624070808B50378F7
:1003A00003F00302022A05D040F2A9620649074879
:1003B000FFF7CEF923F0030343F001030370BDE818
:1003C0000840FFF7F9BE00BFE4240708142507081A
:1003D0003F2870B504462EDC184D55F820305A1CC5
:1003E00013D1022811DCFFF741FF034658B920461C
:1003F000FFF73AFF034630B9114E3378BFF35B8FF6
:10040000DB0704D50F4B45F82430184670BD304645
:10041000FFF7A2FF0028F5D04FF4E1320A4909485E
:10042000FFF70AFF3046FFF7B9FF084A08490548B9
:10043000FFF77AFFE6E70023E7E700BF800D00241F
:10044000B06300245C640024302607080000002408
:10045000A101050838B505460024FFF7B9FF0B4B8D
:1004600043F8254030B915F085FF092303604FF0AC
:10047000FF3038BD03685B699847051E04DA6D429A
:1004800015F078FF0560F2E72046F2E7800D0024C2
:10049000FFF7E0BF13B5CDE90021FFF799FFDDE9D4
:1004A000002140B915F066FF092303604FF0FF34C7
:1004B000204602B010BD0368DB689847041EF7DAD7
:1004C000644215F057FF0460F0E713B5CDE9002151
:1004D000FFF77EFFDDE9002140B915F04BFF09234E
:1004E00003604FF0FF34204602B010BD03689B68E4
:1004F0009847041EF7DA644215F03CFF0460F0E709
:1005000010B5FFF765FF044628B915F033FF09233E
:100510000360204610BD0368DB699847041EF8DAC3
:10052000644215F027FF04600024F2E7402337B54A
:100530000546CDF8010068468DF8003016F0AAF99E
:10054000044630B12846FFF7DBFF10B12046FFF725
:10055000EFFE204603B030BD2DE9F04F85B00646D2
:100560000F469046FFF7E3F9054630B100233246C7
:100570002C492D480093FFF783FBFFF7D2F90028A1
:10058000F4D0B8F1000F09DA15F0F4FE1623036079
:100590004FF0FF34204605B0BDE8F08F3046FFF73E
:1005A000AFFF044658B3214A2C46DFF884A04FF031
:1005B0000D0B935D9146A84521DD7A5D0A2A1BD17A
:1005C0000D2B039318D0AC420CDA2A1B3919304694
:1005D000FFF760FF0028039BDADB0444A542D9DC67
:1005E00009F80630012251463046FFF753FF002834
:1005F000CEDBCFD009F806B07B5D0135DBE7A04547
:10060000C8DDA8EB040239193046FFF743FF002884
:10061000BEDB24181FBF3F19044B17F8012C9A5555
:10062000B8E700BF4B2507082F010180F4630024C1
:1006300085250708FFF764BF7FB504460D461646BB
:10064000FFF775F930B1002322461D491D4800937C
:10065000FFF716FBFFF765F90028F4D0002E06DA45
:1006600015F088FE162303604FF0FF3018E0204697
:10067000FFF746FFE8B1144E01220DF10F012046AD
:10068000FFF723FF0028EFDB0AD09DF80F300D2B7A
:1006900008D1325D0A2A3355EED00A2301202B708F
:1006A00004B070BD0A2B02D1325D0D2AF3E7335539
:1006B000F4E7324629462046FFF707FFF0E700BF80
:1006C000872507082F010180B463002413B5CDE905
:1006D0000021FFF77DFEDDE9002140B915F04AFE5B
:1006E000092303604FF0FF34204602B010BD0368B9
:1006F0001B699847041EF7DA644215F03BFE04605C
:10070000F0E7FFF7E3BF10B5FFF762FE30B915F071
:1007100031FE092303604FF0FF3010BD03689B6971
:100720009847041E04DA644215F024FE0460F2E7E0
:100730000020F2E70A4D044608B52B68986815F0CA
:1007400067FF2B68D86815F063FF0120FFF7DBFF18
:100750000220FFF7D8FF0CB1FFF73EF8FEE700BF1D
:10076000B00E002408B5FFF7E5FF38B50D46FFF7DA
:100770002FFE044630B915F0FDFD092303604FF04C
:10078000FF3038BD0368DB6998470028204614BF56
:100790004FF400534FF400436B6023689B6A984703
:1007A00028610020EDE7FFF7E0BF000008B50378FF
:1007B00003F00302022A05D040F2B262054906485E
:1007C000FEF7C6FF23F002030370BDE80840FFF701
:1007D000F3BC00BFE424070814250708084B724641
:1007E00013B5014604461868FEF712FF034628B900
:1007F0000090224603490448FFF742FA02B010BDB8
:10080000B00E0024C32507081F010180FFF7E6BFD3
:10081000044B72460146186800B55DF804EBFEF71C
:10082000F7BE00BFB00E0024FFF7F2BF044B7246C4
:100830000146186800B55DF804EBFEF73DBF00BF48
:10084000B00E0024044B72460146186800B55DF8EE
:1008500004EBFEF731BF00BFB00E002410B5044614
:100860000421FFF7EFFF204610BD000073B50146DD
:100870006846FEF707FB6846FEF739FB054628B9D0
:1008800015F078FD1323036000240AE011494FF4AA
:100890008470FFF7BDFF044630B915F06BFD0C23E3
:1008A0000360204602B070BD2B686846DE68FEF724
:1008B00013FB214602462846B047051EF1DA6D4279
:1008C0004FF484712046FFF7BDFF15F053FD05601E
:1008D000DAE700BF5057070838B5054600680368D7
:1008E000DB68984704464FF484712846FFF7AAFF57
:1008F000002C06DA644215F03DFD04604FF0FF3035
:1009000038BD0020FCE7FFF791BF000010B504469A
:100910000B48FAF74FFE00F091FA0A4A40230021F3
:1009200052F8040BA04208BF42F8041C013BF7D167
:100930000348FAF73FFEBDE8104000F09DBA00BF43
:1009400034640024800D002410B512480324FAF703
:1009500031FE00F073FA104B53F824207AB10134C1
:10096000402CF9D115F006FD18234FF0FF34036039
:100970000848FAF71FFE00F07FFA204610BD4FF03E
:10098000FF32044843F82420FAF714FE00F074FA0A
:10099000F3E700BF34640024800D002410B5044642
:1009A000FFF7D2FF002807DB044B054A43F820403D
:1009B00000231354034A135410BD00BF800D0024BC
:1009C000B4630024F463002473B506460191FFF775
:1009D000E5FF051E13DB0199FFF7A8FD044630B9BA
:1009E000084B53F82520964204D143F825002046B1
:1009F00002B070BD15F0BEFC09230360F7E70024C8
:100A0000F5E700BF800D00240EB42DE9F04187B05A
:100A10000190FFF799FF041E13DB0023019904A83E
:100A2000214E0393FEF72EFA04A8FEF77BFA054643
:100A300068B915F09FFC1323036046F824504FF06B
:100A4000FF34204607B0BDE8F04103B0704704A86A
:100A5000FEF756FA074604A85FB1FEF75AFA03906C
:100A6000039B124A46F8243000231355104A1355AD
:100A7000E7E7FEF73CFA05460028DAD0036804A849
:100A8000D3F80880FEF728FA0D9B024603A92846F2
:100A9000C04705460028E3D06D4215F06BFC0560A9
:100AA00046F82470CBE700BF800D0024B463002417
:100AB000F463002470B50E461549054617F024FF6F
:100AC000044618B9FFF784FC204670BD114928463A
:100AD00017F01AFF20B901200124FFF779FCF3E792
:100AE0000D49284617F010FF20B902200224FFF715
:100AF0006FFCE9E72B78402B02D1D5F80140E3E702
:100B000026F480312846BDE87040FFF77DBF00BF66
:100B100050260708572607084826070810B5044638
:100B20000A48FAF747FD00F089F9094B1B6803B141
:100B30009847084B1B6813B1D4E900019847034854
:100B4000FAF738FD00F098F9002010BD6864002421
:100B50008C0E0024840E00241FB502460B46002193
:100B60006846CDE90211CDE90023FFF7D7FF05B0B4
:100B70005DF804FB38B504461048FAF71BFD00F099
:100B80005DF90F4B1B682BB1984718B90020002165
:100B9000FFF7E2FF0B4B1B685BB198470025C4E9E8
:100BA0000001A5600548FAF705FD00F065F9284643
:100BB00038BD4FF0FF300146F0E700BF6864002405
:100BC000880E0024900E00241FB5044600216846BC
:100BD000FFF7D0FFDDE900010CB1C4E9000104B06A
:100BE00010BD000010B5044620B925220C490D485F
:100BF000FEF7AEFD2022002117F0B2FAFFF74AFA05
:100C0000C4E90001FFF738FAC4E90201FFF744FA2A
:100C1000C4E90401FFF746FAC4E9060110BD00BFAC
:100C200079260708862607082DE9F041044620B9F1
:100C300032221B491B48FEF78BFD1022002117F0C2
:100C40008FFAF8F7DDFF0646800016F039FE0546FC
:100C500020B3F7F795FA314628462E46F8F7E0FF1D
:100C600005EB8008464506D1F7F7A0FA2846BDE80F
:100C7000F04116F02DBE3068F8F76EFF074656F8C3
:100C8000040BF8F77BFF63683B441B1AA0686360A2
:100C90003844E368A0600133E360E3E7BDE8F08136
:100CA000792607088626070810B5044620B9902241
:100CB00010491148FEF74CFD4C220021043017F07A
:100CC0004FFA4FF204134FF000614FF010522360BF
:100CD0004FF4002321634FF4001123626362074B3A
:100CE0002261216462611B68636002232372044BEA
:100CF000E36010BD792607088626070800ED00E0AE
:100D000058600100034B596A5A6A521A8242FBD357
:100D1000704700BF000C00401FB500230446CDE91A
:100D20000013031D6846029310230393F6F79AFFFE
:100D3000206020B9352203490348FEF709FD04B0BD
:100D400010BD00BFAA260708B926070810B504463B
:100D50000249FFF7E1FF204610BD00BFBD2607088E
:100D600010B50446FFF7D8FF204610BD0068F6F71F
:100D700091BF10B504460068F6F7FAFF204610BD93
:100D800010B49DF804400CB942F0020200685DF80E
:100D9000044BF6F7C3BF07B5009313460022FFF7D5
:100DA000EFFF03B05DF804FBFFF7F5BF13B5FEF7E7
:100DB000C7FDF7F753FA094B04461A6818608242D8
:100DC000074A82BF11680131116011680191FEF775
:100DD000CDFD2046019902B010BD00BF94640024EF
:100DE000906400241FB50023044603620C4B0029C5
:100DF00008BF1946031D684602931C230091039304
:100E00000B230193F7F750FF206038B9FEF72AFF54
:100E100020B93D2203490448FEF79AFC04B010BDF6
:100E2000DD2607080D2707081727070810B5044611
:100E30000021FFF7D7FF204610BD000037B504465C
:100E40004FF0FF310068F7F747FF054620B9236AE6
:100E50000133236203B030BDFEF704FF03460028D0
:100E6000F8D12A46024903480093FEF709FF00BF64
:100E70003B27070815010280036A013B13B5036293
:100E80000068F7F741FF044648B1FEF7EBFE034662
:100E900028B90090224603490348FEF7F1FE02B04C
:100EA00010BD00BF4D2707081701028010B504468A
:100EB0000068F7F741FF204610BD00001FB504464B
:100EC000002310466A46CDE90033231D0293102308
:100ED0000393F8F75FF8206020B9372202490348EE
:100EE000FEF736FC04B010BD7727070885270708F2
:100EF00010B504464FF6FF72FFF7E0FF204610BD25
:100F000013B500680C46F8F75DF8024670B1C11CD5
:100F10004FF0000006D15CB100900023054906485F
:100F2000FEF7AEFE931CF7D102B010BD0120FBE727
:100F30002046F9E794270708140102800068F8F7B3
:100F400069B810B504460068F8F792F8204610BD5D
:100F500008B538B1F6F71AFD20B1E322024903487B
:100F6000FEF7F6FB08BD00BFC3270708621B070892
:100F7000F8F716BE2DE9F047DDE908579946044613
:100F80006B07884692464FF0000118BF25F0070610
:100F90004FF0440200F178000CBF2E46083617F0DF
:100FA000DFF8B5FA85F300214D4420225B0904F1F6
:100FB0001C006161AD1B84F83C3084F83D1025F0C5
:100FC000070517F0CDF8064BC4F830A0002F08BF76
:100FD0001F46E562A662A761C4F83480BDE8F087C9
:100FE0005728070813B5049CCDE9003413460A4678
:100FF0000021FFF7BFFF02B010BD70B500F154052E
:1010000004462846FFF71AFF04F140006669FFF71F
:1010100095FF0023636194F83D302BB100242846EE
:10102000FFF72AFF204670BD012384F83D30002ED3
:10103000F4D03046F8F7CAFD0446F0E713B504468D
:1010400054300190FFF7FAFE636901989BB194F860
:101050007940FFF711FF432C27D015D8132C26D049
:101060000BD8012C04D0022C02D0002C18BF102465
:10107000204602B010BD0424EBE7232C19D0332CFA
:1010800014BF10240524F3E7732C14D006D8532C76
:1010900013D0632C14BF10240824E9E7832C0ED04E
:1010A000932C14BF10240B24E2E70624E0E703246A
:1010B000DEE70424DCE70924DAE70724D8E70A247A
:1010C000D6E713B5044654300190FFF7B7FE6369C5
:1010D00001983BB19C6B1B6BE41AFFF7CDFE2046D9
:1010E00002B010BD1C46F8E70D4B10B50446036076
:1010F000FFF783FF94F83C302BB1A06A08B1FFF7EB
:1011000002FC0023A36204F15400FFF7CFFE04F1B8
:101110004000FFF716FF201DF3F74BFC204610BDE3
:101120007C28070810B50446FFF7DEFFBC212046E7
:10113000FFF788FB204610BD70B500F1540504464A
:101140000E462846FFF77AFE636913B994F83D30DE
:101150002BB12846FFF790FE6FF0030070BDA36A25
:1011600053B100232349E26AB3EB920F18D2A26A6B
:1011700042F823100133F6E7E06A1F4B1F499842FB
:1011800094BF20F003004FF0FF30FFF74DFBA0624B
:101190000028E6D12846FFF76FFE6FF00400DDE778
:1011A00044233146201D636204F178032362F5F77E
:1011B00049FB04F1180221461148F8F7A1FC6061CF
:1011C00090B994F83C302BB1A06A08B1FFF79BFBB3
:1011D0000023A3622846FFF74FFE04F14000FFF70B
:1011E000ADFE6FF00200B9E72846FFF745FE00208C
:1011F000B4E700BFA52E5AE2FBFFFF7F5057070858
:101200000512050810B504460430F8F7F2FF04F1A2
:101210005400FFF713FE002304F140006361012333
:1012200084F83D30BDE81040FFF788BE0120002162
:101230007047D0F8600100217047000000487047F7
:1012400084280708D0E944017047FF207047000058
:101250002DE9F04F89B09046994605469DF84830F3
:10126000C3469DF8502090F8FA71DDE915610591AB
:10127000032B20D8DFE803F01C022A0302270F2AE1
:1012800005F1040A3B4608BF95F8FD21504603923C
:10129000002211460092CDE90122FAF717FC04461C
:1012A000B0B12A4A02202A49A346FDF70DFD09E004
:1012B0004FF0FF3BE3E74FF0FF3B264A2449022073
:1012C000FDF702FD584609B0BDE8F08F0327D6E7C9
:1012D000059B4FF0FF329DF84C105046079307AB2B
:1012E000CDE900635B46FAF781FC2246214683463E
:1012F0003B465046CDE90244CDE90044FAF7E6FB0F
:1013000004460028CDD1BBF1000F05D0124A0220BF
:101310000F49FDF7D9FCD5E795F80101A0B1B9F166
:10132000000F08BFB8F1040F04D1337843F00A036B
:101330003370C7E7B9F1000F08BFB8F1020FC1D190
:10134000337823F00403F3E78346BBE7B4280708A8
:10135000842807088A280708D228070838B50446D1
:1013600019461046D4F8183101331FD104F58472A0
:1013700001F034FD431CD4F8605109D0204401220F
:10138000002390F85411114205D0723354F82350C1
:101390002846E91738BD01335200042B52B2F2D16E
:1013A000044A02200449FDF78FFCF1E74FF4805016
:1013B0000021EFE7F0280708842807080068704735
:1013C00030B5039D00241C702C708C7814F0200F15
:1013D00015D04A7AC0F8E02001221A700B7A03F087
:1013E0001F0380F8FD310B7A5B119B0080F8FB3105
:1013F000022380F8F93180F8FE31002030BD102A38
:101400000FDD0A7CD2060CD5CA7EC0F8E02001228E
:101410001A702A708B7E03F01F0380F8FD318B7EDB
:10142000E2E762060FD5CA7AC0F8E02001221A70FE
:101430008B7A03F01F0380F8FD318B7A5B1180F803
:10144000FB310223D7E70B7CDD070ED5CB7DC0F83F
:10145000E0308B7D03F01F0380F8FD318B7D5B1145
:101460005B0080F8FB310123C3E7E20609D5CB7BA3
:10147000C0F8E0308B7B03F01F0380F8FD318B7BDD
:10148000EDE7E3070DD54B7BC0F8E0300B7B03F0B5
:101490001F0380F8FD310B7B5B1180F8FB310123CA
:1014A000A9E70323C0F8E030A7E700002DE9F043E7
:1014B00085B006460D461746DDF83880DDF84890C1
:1014C00000F0C4F8044640B10E4A02200E49FDF770
:1014D000FBFB204605B0BDE8F083109B3A46294649
:1014E000301DCDF80890CDE900830C9BFAF7DCFBAA
:1014F00004460028EDD02B46044A03490220FDF79C
:10150000E3FBE6E718290708842807086B29070882
:101510002DE9F04700238AB0054642F210740126F7
:1015200000274FF000084FF00009DFF864A08DF8A5
:1015300027300120FFF70CFD0DF127034FF0FF329C
:10154000052104930023284600934FF0FF33CDE993
:101550000667CDE90289FFF7A9FF20B152460A4983
:101560000220FDF7B1FB9DF82730DA0708D5013CD2
:10157000DFD10220054A0449FDF7A6FB204600E022
:1015800001200AB0BDE8F08784280708A6290708CB
:1015900087290708F0B500238BB004468DF8273063
:1015A00090F802315BB1FFF7B3FF40B9214A2249FD
:1015B0000220FDF789FB4FF0FF300BB0F0BD002398
:1015C000002600274FF0FF320493062100932046A7
:1015D0004FF0FF33CDE90667CDE90267FFF766FFFD
:1015E000054608B1154AE2E72046FFF791FF08B922
:1015F000134ADCE701220023052120460095CDE9AE
:1016000006230DF127034FF0FF3204934FF0FF3311
:10161000CDE90267FFF74AFF08B10A4AC7E79DF81C
:1016200027309A07C9D4084A02200349FDF74CFB2A
:10163000C1E700BFD029070884280708FA2907084E
:10164000162A0708352A0708562A0708F0B5D0F8E1
:10165000F44087B0054601341CD0120E8DF81720D7
:10166000FFF798FF70B901234FF0FF32D5F8F4105F
:1016700000930DF11703CDE90100281DFAF714FBC3
:1016800007B0F0BD0D4A02200D49FDF71DFB4FF0DC
:10169000FF30F5E790F8FA1103290DD012F17F46DB
:1016A0006FF0807243F1FF374FF0FF339F4208BF66
:1016B000964201D2034AE6E70020E1E78D2A0708B7
:1016C00084280708A12A07082DE9F04786B091462B
:1016D00005468846109BDDF838A0059352460F9BBF
:1016E000FFF7B4FF044628B1244A25490220FDF73C
:1016F000EBFA3AE095F8FD312F1D95F8F9210393A7
:10170000384695F8FE31029395F8FB31CDE9002378
:1017100095F8FA3195F8F811FAF7D8F90446064623
:1017200008B1184AE1E795F8FB0105AB4146B0FA6C
:1017300080F04009CDE90093424253463846FAF71B
:1017400055FA3246044631463846CDE90266CDE9BF
:10175000006695F8FA31FAF7B9F9054648B12C4612
:10176000084A07490220FDF7AFFA204606B0BDE857
:10177000F087002CF9D0044AB7E700BFE82A070831
:1017800084280708B4280708302B07082DE9FF41F3
:1017900000F1BC0804460D46174640461E46FFF7BA
:1017A0004DFB2046DDE90A23CDE90076CDE9022391
:1017B0002A46D4F8E010FFF787FF68B16FF47A6427
:1017C000064A07490220FDF77FFA4046FFF754FB1F
:1017D000204604B0BDE8F0810446F6E7412B070837
:1017E00084280708F0B585B0164605460A9F0B9B6E
:1017F0003A460391FFF72AFF0399044638B10B4A92
:101800000B490220FDF760FA204605B0F0BD0C9BA5
:101810004FF0FF32281DCDE900633B46FAF715FA79
:1018200004460028F0D0034AEAE700BF552B07081A
:10183000842807089E2B070870B586B00546164613
:101840000591FFF703FF0599044638B10A4A0B4991
:101850000220FDF739FA204606B070BD034600901D
:101860003246CDE90100281DFAF71EFA0446002889
:10187000F1D0034AEBE700BFB02B07088428070824
:10188000F92B07082DE9F04F054689B08846144624
:101890001E4600F1BC09DDE91223134362D0D5F8DE
:1018A000F0714FF0000B204631463A465B4613F08C
:1018B0004FFC12995118049113994B410593DDE99E
:1018C000040159454FF0000B08BFB84248462CBFF1
:1018D000BF1A129FBA46CDE906ABFFF7AFFA28460A
:1018E000FFF758FE60B1204C0220204A2049FDF746
:1018F000EBF94846FFF7C0FA204609B0BDE8F08F83
:1019000006AB4246022128460293CDE90046FFF786
:1019100069FF38B1174A022015496FF47A64FDF760
:10192000D3F9E6E7DDE906239B4508BF9742F1D1ED
:10193000E419129B2846B84446EB0B06DB1B1293B6
:10194000139B63EB0B031393FFF7E2FD30B90A4AD5
:1019500002200749094CFDF7B7F9CAE74846FFF7E7
:101960008BFA98E70024C7E75CF0FFFF0B2C070811
:1019700084280708A32B07081E2C07085DF0FFFF2B
:101980002DE9F04F1446064689B000F584721946D9
:1019900020461D4601F022FA3318074693F85431C9
:1019A0000593129B14EB0308139B45EB0309D6E93F
:1019B00044234B4508BF424509D2604A604C02208F
:1019C0006049FDF781F9204609B0BDE8F08F336822
:1019D00022463046196B2B46884702460B46204666
:1019E000294613F0B5FB13430FD118F1FF323368CA
:1019F0003046196B49F1FF33884702460B46404693
:101A0000494613F0A5FB134301D04F4AD6E7002304
:101A10000493DDE91223134300F08E80D6F818B149
:101A2000BBF1FF3F46D106F590730598CDE90273EF
:101A3000CDE90045DDE9122301F0EEF9049006EB53
:101A40008003D3F8B8B1D3F8C8A14FF000095246CB
:101A5000204629464B46D04613F07AFB13430CD15F
:101A6000129BE3180693139B45EB03030793DDE9F1
:101A700006234B4508BF524509D2049B0220334A36
:101A80003049CDE902A3CDE90045FDF71DF906F186
:101A9000BC0A5046FFF7D2F93046FFF77BFD60B134
:101AA0002B4C02202B4A2749FDF70EF95046FFF731
:101AB000E3F988E74FF4805AC7E7DDE91223594676
:101AC0003046CDE9002322462B46FFF7B5FE38B15C
:101AD000214A02201B496FF47A64FDF7F5F8E5E727
:101AE00014EB0804129B45EB0905B3EB08031293B2
:101AF000139B63EB09031393DDE9122313430CD00B
:101B000006EBC703D3E95A23AB4208BFA2423FBF4B
:101B10000137F31993F8543105933046FFF7F8FC79
:101B200030B90E4A022007490D4CFDF7CDF8BDE74C
:101B30005046FFF7A1F96CE7002444E7432C07085F
:101B40005BF0FFFF84280708632C07088E2C07082A
:101B50005CF0FFFFD22C0708F72C0708122D0708AE
:101B60005DF0FFFF30B591F839308BB091F8382037
:101B700004461B0103F0100343EA1213082B6ED036
:101B800021DC022B19DCD3B10023002400254FF007
:101B9000FF320493382100934FF0FF33CDE906451F
:101BA000CDE90245FFF782FC20B1464A46490220B2
:101BB000FDF78AF800200BB030BD042B3BD0434A20
:101BC00004204149F4E7102BF9D10122002309AD8B
:101BD0006521CDE90623002200230495CDE90223E7
:101BE00000234FF0FF3200934FF0FF33FFF75EFC0E
:101BF00020B1374A02203449FDF766F89DF82430B9
:101C000001226121204603F07F0304958DF82430E2
:101C10000023CDE9062300220023CDE9022300237F
:101C20004FF0FF3200934FF0FF33FFF73FFC0028E7
:101C3000C0D0284ABAE70023002400254FF0FF3225
:101C40000493352100934FF0FF33CDE90645CDE9EC
:101C50000245FFF72BFC0028ACD01F4AA6E7012263
:101C6000002309AD6521CDE9062300220023049558
:101C7000CDE902230023194A00930023FFF716FC45
:101C800020B1174A02201049FDF71EF89DF82430B4
:101C900001227121204643F0400304958DF8243041
:101CA0000023CDE9062300220023CDE902230023EF
:101CB0000A4A00930023FFF7F9FB00283FF47AAFAC
:101CC000084A73E73D2D070884280708682E07088F
:101CD000092E0708392E07086D2D0708030080001C
:101CE0009D2D0708D92D0708304B9F21D0B51B78B3
:101CF0008AB00326002709AA8DF824300023044661
:101D000004924FF0FF32ADF8253000934FF0FF33CF
:101D1000CDE9066700260027CDE90267FFF7C6FB7D
:101D200040B10220224A2349FCF7CEFF4FF0FF309A
:101D30000AB0D0BD9DF824309D2B27D00ED8012BA2
:101D400028D01F2BF4D19DF82530892B01BF3123DA
:101D5000C4F8E830012384F80231E9E7BF2B12D040
:101D6000C22BE5D19DF825300020202B84F8F0000F
:101D70001FBF012384F800310323C4F8E430152386
:101D8000C4F8EC30D4E784F80301D1E70123C4F8A8
:101D9000E430CDE79DF82520022AC9D19DF8262000
:101DA000202AC5D184F80131C2E700BFA03407085A
:101DB000A52E0708842807083F2A2DE9F047824608
:101DC0008AB040F3B08091F83F3013F040021DD04C
:101DD000032300258AF8FA319AF8FA31032B11D13E
:101DE00000220AF104001146CDE90222CDE90022C9
:101DF000F9F76CFE30B16FF47A654C4A4C49022019
:101E0000FCF762FF28460AB0BDE8F087D90710D575
:101E10000024002504924FF0FF330092B7214FF0C9
:101E2000FF32CDE90645CDE90245FFF73FFB88BB10
:101E3000CEE713F0020212D0FFF7ACFB00284AD124
:101E4000002200230490B72100905046CDE90623DC
:101E5000CDE902234FF0FF324FF0FF33E5E713F0F7
:101E600010013FD0012600270DF127044FF0000894
:101E70004FF000098DF8272000924FF0FF334FF00C
:101E8000FF32B5210494CDE90667CDE90289FFF759
:101E90000DFB08B1274D9FE79DF82730504643F0D2
:101EA00001038DF82730FFF775FB054698B90490BC
:101EB0004FF0FF324FF0FF33B12150460094CDE98F
:101EC0000689CDE90267FFF7F1FA0028E2D1032382
:101ED0008AF8FA3180E7184A02201549174DFCF7B5
:101EE000F3FE79E713F0080214D080230022049156
:101EF00017218DF827300023CDE906230122002386
:101F0000CDE902230DF127034FF0FF3200934FF08C
:101F1000FF338AE713F004054FF00203D8D0C52140
:101F2000C0F8F41055E700256CE700BFB428070897
:101F3000842807085EF0FFFF8D2A07085CF0FFFF8A
:101F4000D0B5044690F8020188B0F0B191F8343071
:101F500013F008021CD0002100284FF000034FF0BE
:101F600000004FF0FF32049300934FF0FF33CDE9B0
:101F70000601CDE902010CBFF02199212046FFF7AF
:101F800095FA58B31C4808B0D0BD91F83D30DFE752
:101F9000DB061DD50026002704924FF0FF33009288
:101FA00066214FF0FF322046CDE90667CDE9026792
:101FB000FFF77CFA0028E5D14FF0FF324FF0FF33F6
:101FC000992104900090CDE90667CDE90267D5E735
:101FD0000A4A02200A49FCF777FED3E72046FFF7BA
:101FE00097FA30B90220074A0549FCF76DFE06480A
:101FF000C9E70020C7E700BF5EF0FFFFBB2E070860
:1020000084280708422F07085DF0FFFF2DE9F04103
:10201000012288B000230026002704910D460521E7
:102020008046CDE9062300234FF0FF3200934FF0A6
:10203000FF33CDE90267FFF739FA044640B1114A90
:1020400011490220FCF740FE204608B0BDE8F081AF
:10205000D8F8E430013BF7D0013500904FF0FF3263
:10206000D8F8EC100495CDE90630CDE902674FF0C1
:10207000FF334046FFF71AFA04460028E4D0034A2B
:10208000DEE700BF352A070884280708612F070804
:10209000D0F8E83001332DE9F04F054689B08B4682
:1020A00029D1FFF777FA50B14FF0FF34344A354960
:1020B0000220FCF709FE204609B0BDE8F08F00229F
:1020C000002304900121CDF800B0CDE90623D5F816
:1020D000E4304FF0FF32CDE902304FF0FF332846B5
:1020E000FFF7E4F904460028E5D0274A02202549F5
:1020F000FCF7EAFDDFE7D0F8E4A0BAF1020F05D063
:102100004FF4CC6221492248FDF722FBFFF742FA47
:102110000028C9D14FF000084FF000090126002720
:1021200004904FF0FF324FF0FF3301212846CDF8E5
:1021300000B0CDE90689CDE90267FFF7B7F904469B
:1021400018B1144A0F495046D2E72846FFF722FA41
:102150000028A9D10BF1010104944FF0FF324FF098
:10216000FF3300912846D5F8E810CDE90689CDE97E
:102170000267FFF79BF9044600289CD0064AE1E776
:10218000822F070884280708962F0708EB2F0708D7
:10219000003007081B3007083C3007083F4BF7B5F5
:1021A0001A7800230446ADF80130ADF8053090F8F8
:1021B00002318DF800208DF8042053B991F83A309F
:1021C000C3F30213052B4CD8DFE803F050033D4264
:1021D00003030123C4F8F830C4F8FC30D4F8F83015
:1021E000591C09D0D4F8FC104A1C05D002AA13448B
:1021F00001228A4003F8082C01A92046FFF706FFB8
:102200009DF806309DF802202046BDF800101343CB
:10221000BDF804209DF800700A4301A99DF80160F3
:10222000ADF804208DF80630FFF732FF2046FFF7A7
:102230006FF9E8B91A4A02201A49FCF745FD4FF038
:10224000FF3003B0F0BD0023C0F8F8300623C3E729
:10225000072300203E25C4E93E033F23C4E93A5347
:10226000BCE7114A04200F49FCF72EFD0020E8E7E7
:10227000002501A92046ADF804508DF80650FFF75F
:10228000C5FE9DF804301F409DF805301E4057EAFA
:10229000060301D1054ACEE72846D2E7A034070855
:1022A0001E2C0708842807085D3007087B300708C4
:1022B0002D4B30B51B788BB005468DF824300023AC
:1022C000ADF82530FFF724F940B9284A0220284903
:1022D000FCF7FAFC4FF0FF300BB030BD95F803412E
:1022E00044B1012C20D02846FFF712F90028ECD089
:1022F0000020F1E72846FFF74DF908B11D4AE5E750
:10230000002200230490982100902846CDE906235E
:10231000CDE902234FF0FF324FF0FF33FFF7C6F84D
:102320000028E0D0144AD1E709A92846FFF76EFE3D
:1023300008B1124ACAE7D5F8F83093B9D5F8FC309D
:102340009C4044F00304E4B29DF8243009A92846D7
:102350001C408DF82440FFF79BFE0028C3D0084A9C
:10236000B4E70324F0E700BFA03407089D30070856
:10237000842807088D2A0708D0300708F630070898
:102380002C310708D0F8E430032B30B5054687B070
:1023900005D040F2045226492648FDF7D9F9264BCC
:1023A000002204301B781146ADF815208DF814304A
:1023B0000223CDE90222CDE90022F9F787FB48B1DB
:1023C0001E4A4FF0FF341E490220FCF77DFC2046D8
:1023D00007B030BD05A92846FFF718FE08B1194A15
:1023E000EFE79DF81630284643F002038DF81630CB
:1023F000FFF7D0F8044608B1134AE2E705A92846DA
:10240000FFF746FE08B1114ADBE72846FFF780F8E0
:1024100008B90F4AD5E705A92846ADF814408DF84C
:102420001640FFF7F3FD0028D1D00A4AC9E700BFE4
:10243000EB2F070864310708A0340708B428070801
:10244000842807087F310708822F07089E31070874
:102450001E2C0708D031070810B50446F2F778FAA9
:10246000204610BDF8B518480D46F9F7A3F8FEF759
:10247000E5FC164A1068092820DC154B1B68991EDC
:102480001C4603F1120631F9027FAF4219D0B14266
:10249000F9D1143321460234B1F9006001360AD172
:1024A0000D800130002410600748F9F783F8FEF72B
:1024B000E3FC2046F8BD9C42ECD1F2E76FF001044A
:1024C000F2E74FF0FF34EFE798640024C46400247F
:1024D000C06400247FB52F4E0446BDF9285040F853
:1024E000046B0B9ECDE90256BDF924600196BDF93F
:1024F00020600096F9F7A2FA04F1BC00A4F8B850E5
:10250000FEF794FC0C9B29462046C4F8F4310023C6
:10251000C4F8003284F80432FFF7A4FFC4F8B40012
:1025200050B101301C494FF0020007BF2B461B4A37
:102530000A231B4AFCF7C8FB0020002100224FF0B1
:10254000FF33C4E944014FF40030C4F8602184F83B
:1025500054210121C4F8F801032084F8FD2184F8F6
:10256000FE210222C4F81831C4F8E830C4F8FC3067
:10257000C4F8281184F8F010C4E93802C4E93D33E6
:1025800035224FF080732046C4F8EC20C4F80031A7
:1025900004B070BDAC34070884280708F13107087F
:1025A0002832070810B513480C46F9F703F8FEF770
:1025B00045FC114B1B6803F114011A460233B2F9B2
:1025C0000000A0420AD14FF6FF7313800B4A136834
:1025D000002B01DD013B1360002403E08B42ECD1B2
:1025E0004FF0FF340348F8F7E5FFFEF745FC2046BF
:1025F00010BD00BF98640024C0640024C46400249B
:1026000070B500F1BC06054688B03046FEF716FCF2
:1026100095F804423CB93046C5F80042FEF72CFC60
:10262000204608B070BDD5F80032013BC5F8003235
:1026300023B130460024FEF71FFCF1E70020002103
:1026400004934FF0FF3200934FF0FF33CDE90601C2
:10265000CDE9020104212846FEF728FF044630B1E7
:102660006FF47A640A4A0B490220FCF72DFB002321
:10267000304685F80432FEF7FFFBD5F8B430002B66
:10268000CED1B5F9B8102846FFF78CFFC8E700BFD8
:102690006632070884280708F0B5D0E900450968C4
:1026A00087B0EE0701EB650042BF6E1089590C59E7
:1026B0000F99D1E900670E99CDE904670968039184
:1026C0000D99097802910C99097801911B78009372
:1026D000D2E90023A04707B0F0BD7FB5CDE90423C0
:1026E0000CAB014604AA043003930BAB02930AAB74
:1026F000019309AB009308ABFFF7CEFF07B05DF87D
:1027000004FB0000034A0346C26007C983E80700D0
:10271000704700BF9434070810B588B0059108A928
:1027200002AC019001E90C0005A984E80C00FFF758
:10273000E9FF019808B010BD37B56C46054684E83E
:102740000C0094E80C00FFF7E7FF284603B030BD0B
:1027500008B5F7F741FD0068003818BF012008BD33
:102760002DE9F047044616461D469DF820709DF859
:1027700024809DF82890FFF7EBFF28B940F2022251
:1027800008490948FCF7E4FFE068FEF717FE324607
:1027900001462B4620460897CDE90989BDE8F04758
:1027A000084700BF9C120708280D070830B587B0FE
:1027B0000D9903919DF8301002919DF82C10DDE9E0
:1027C0000E4501919DF82810CDE904450091FFF7D1
:1027D000C7FF07B030BD000090F802312DE9F0438B
:1027E00017469DB004460D461268002B38D02420B1
:1027F00008AB00214FF05A084FF008090126039357
:1028000000230096CDE90401CDE901892846FFF7B0
:10281000CDFF50B1434A4FF0FF3543490220FCF74A
:1028200053FA28461DB0BDE8F0830C220023CDE901
:10283000042314AB6022CDE902930023CDE90068A4
:102840002846FFF7B3FF06460028E3D104F5847855
:1028500008A8414600F042FB00280DDA334ADAE7C7
:1028600079680820CDE9041308A903915A21CDE91C
:10287000011001210091E3E7414608A800F018FB90
:10288000002801DA2A4AC6E7796808A800F060FA49
:1028900008A9C4F8F0012046FFF752FB054608B12D
:1028A000244AB8E7414608A88DF81E608DF81F60DD
:1028B00000F05AFA002801DA1F4AACE70DF11F03B5
:1028C0007A6808A9204600930DF11E03FEF778FDF3
:1028D0009DF81E309BB194F8003113B12046FFF7EC
:1028E00051FD08A92046FFF759FC08B1134A92E7A9
:1028F0009DF81F301BB108A92046FFF733F994F863
:10290000F0303BB17A6808A92046FFF755FA08B1C4
:102910000B4A80E72046FEF7FBFD002881D1094ADB
:1029200079E700BF7B320708842807089F32070831
:10293000BE320708DE3207080F33070846330708A0
:1029400077330708AA3307082DE9F047D0F8B450C9
:102950008EB00446B5B16B1C0CD1A5F6A575B0F9C7
:10296000B830584A02205849FCF7AEF928460EB054
:10297000BDE8F0870A23554A53490220544DFCF71D
:10298000A3F9F3E700F1BC0704F104083846FEF7A9
:1029900055FA94F8FA312A4629464046CDE90255BF
:1029A000CDE90055F9F792F850B14A4A6FF47A65CB
:1029B00045490220FCF788F93846FEF75DFAD5E76D
:1029C00094F804320BB9C4F80052D4F8006201360E
:1029D000012EC4F80062EFD10023D4F8F411404670
:1029E00084F8FB3184F8FD31F9F7A6F8054608B103
:1029F000394ADBE72046FEF78BFD30B9374A022023
:102A00003149374DFCF760F9D6E72046FFF76CF9FE
:102A1000002801DA334AC9E7DFF8E09004F584784A
:102A20002B4621464A460AA8C4E94255C4E94855FE
:102A3000CDE90495FFF780FE41460AA800F058FA58
:102A400082460AA8FFF708FDBAF1000F06DA264A07
:102A50001D490220254DFCF737F9ADE72B464A46C4
:102A600021460AA8CDE90695FFF766FE42460AA967
:102A70002046FFF7B1FE82460AA8FFF7EDFCBAF147
:102A8000000F01DA1A4AE3E72B464A4621460AA814
:102A9000CDE90895FFF750FE41460AA800F086FAF6
:102AA00005460AA8FFF7D8FC002D01DA114ACFE746
:102AB0002046FFF7FDFB054608B10F4AC8E784F83A
:102AC000046279E7F13107088428070828320708EB
:102AD00059F0FFFFB4280708C6330708AA330708D0
:102AE0005DF0FFFFE0330708003407085EF0FFFFEA
:102AF00021340708473407086C34070851120508C9
:102B000030B587B00C9CD4E90045CDE904450B9C59
:102B1000246803940A9C247802941B780193137808
:102B20000093D1E90023FFF7D8FD07B030BD7FB592
:102B3000CDE904230CAB08AA04A902930BAB0193C3
:102B40000AAB009309ABFFF7DBFF07B05DF804FBAE
:102B500008B51420FDF75AFE4FF6FF71831E00F1F1
:102B6000120223F8021F9342FBD1014B186008BDEB
:102B7000C06400244FF484720249034808B5FCF78E
:102B8000E7FD00BF1D3507082635070810B50422EC
:102B90000949044615F0B4F910B96379012B07D03F
:102BA0000220064A0449FCF78FF84FF0FF3010BDB1
:102BB000A0790130FBE700BF3C3507084135070825
:102BC00037B5837804460D46012B08D00220514AC0
:102BD0005149FCF779F84FF0FF3003B030BD42683F
:102BE000130EFF2B40F08A8003780C2B28D91F2B63
:102BF00076D003F17F02D2B20C2A01D90020ECE793
:102C0000813B0C2BFAD801A252F823F0952C050831
:102C1000FD2B0508FD2B0508AF2C0508FD2B05082D
:102C2000FD2B0508E52C0508E92C0508FD2B0508FA
:102C3000FD2B0508FD2B0508FD2B0508F92C0508C3
:102C40000C2BDBD801A151F823F000BF812C050823
:102C5000FD2B0508FD2B0508CD2C0508FD2B0508CF
:102C6000D92C0508DD2C0508FD2B0508FD2B0508D2
:102C7000ED2C0508F12C0508FD2B0508F52C0508A1
:102C800022F07F422A60C3789B00502BA8BF5023BC
:102C90006B60B3E7214A08201F49FCF715F8636809
:102CA00023F07F43AB61E3789B00EB61A6E71C4A0E
:102CB00008201949FCF708F8636823F07F43C5F83A
:102CC000D030E3789B00C5F8D43097E7154A124915
:102CD0000820FBF7F9FF91E7134AF8E7134AF6E7F4
:102CE000134AF4E7134AF2E7134AF0E7134AEEE710
:102CF000134AECE7134AEAE7134AE8E77F2B3FF66B
:102D00007DAF0093114A037808200349FBF7DCFFED
:102D100074E700BF6A3507083C3507089535070892
:102D2000B2350708DF350708213607087736070868
:102D3000CD360708DB360708193707086A37070852
:102D4000B53707080C3807083D38070893380708D7
:102D5000282981BF90F8280003110120984098BFCE
:102D60004FF4807070470000F8B54B681C2B24D9D5
:102D7000012301F1B00401F1C0064FF0FF379C467A
:102D800044F8047B027F0CFA02F2012AE2600CD9BB
:102D9000457F44F8045C8D6DAA4200D305B98A656D
:102DA00091F84C201A4381F84C205B00B44200F1AA
:102DB0000200DBB2E4D10020F8BD4378FF2B0B61A9
:102DC000F9D10220034A0449FBF77EFF4FF0FF30A0
:102DD000F2E700BFE33807083C350708F0B50446C2
:102DE0000D46D2E902018D4208BF844211D2136A16
:102DF0007BB1012B0BD060320020834209DDF2E869
:102E00000267AF4208BFA64202D20130F5E70020B8
:102E1000F0BD4FF0FF30FBE72DE9F04F89B00326FE
:102E20004FF00809159F059007F1A80BDDE9128AFC
:102E3000CDE9002318F1FF3306934AF1FF330793DE
:102E4000149B093307EBC307059B13EA090F1ED038
:102E50005BF8264000254046514622462B4612F09C
:102E600077F9134313D1DDE90023AB4208BFA24237
:102E70000DD3069B1B190293079B6B410393DDE95E
:102E80000201D7E900238B4208BF824208D2013EEB
:102E90004FEA5909D8D2044A02200449FBF714FF2B
:102EA000304609B0BDE8F08F0D3907083C350708FA
:102EB00013B54368002408205A1CD208C1E9022433
:102EC000CDE900240349044AFBF7FEFE204602B088
:102ED00010BD00BF3C3507083D39070890F90700D1
:102EE000C017704710B50446F3F7E4FB204610BD49
:102EF0002DE9F04F8BB04FF0080B4FF0000A5A2726
:102F000008AB0022CDF808B0804603930123894620
:102F10005E46CDE90037CDE904BA0023FFF746FC51
:102F200050450ADA4FF0FF341D4A1E490220FBF7D4
:102F3000CBFE20460BB0BDE8F08F08A8FFF726FEB9
:102F4000041EF6DB0025CDE906BAA54226D0069B75
:102F500001215A4640460493079B0197059308AB0D
:102F60000091CDE902635346FFF720FC002808DA00
:102F700002206B1C0C4A0B49FBF7A6FE4FF0FF30FA
:102F8000D8E7494608A8FFF71BFE0028D2DB1BF153
:102F9000080B05F101054AF1000AD6E70020C9E750
:102FA000693907083C350708873907088B692DE917
:102FB000F04F05468DB00C460BB1C86978B90123B6
:102FC00000252362D4E90232636213F1FF3342F138
:102FD000FF32C4E9183228460DB0BDE8F08F7849B9
:102FE000FDF722FC804638B9764A022076494FF038
:102FF000FF35FBF769FEEEE70027E369082203903F
:103000002846CDE904375A23CDE901320123A269CC
:1030100000933B46FFF7CAFBB8420ADA6B4A6A499B
:103020000220FBF751FE4FF0FF354046FDF76BFCE9
:10303000D1E7294608A8FFF755FF98F8006016F079
:1030400002064FD1E36947460DF11F0A08EB030959
:103050003D460837B94533D317F8063C0120002117
:1030600017F805BC6A68CDF80CA0CDE9040103F09F
:103070000F019B0908A8029117F8071C0093002371
:103080000191FFF793FB002809DA2F464FF0FF3933
:103090004F4A02204C49FBF717FE3D4617E09DF8CA
:1030A0001F3076001BEA030FF6B217F8083C18BF72
:1030B00046F00106DB0712D43B789D07C8D53D4694
:1030C0004FF0FF39434A40490220FBF7FDFD08A8B5
:1030D000FFF7C2F9B9F1000F08D03F4A9FE74FF060
:1030E0000009DAE745463E46B946F0E7E269424460
:1030F0002978880710D505F108039A420CD3A878DF
:10310000831C05EB83039A420DD2344A05E00BB9C8
:10311000FFF730FD1D46EBE7314A2B490220FBF754
:10312000D3FD304A7BE76F78B74203D0C907EED5AD
:103130002D4AF2E7431C0A2B236207DD009302208D
:103140000A232A4A2049FBF7BFFD6CE76FF04C0ABF
:10315000043504F1240904F14C0C04F1600E002341
:103160000F21AAEB040A2A6815F8046B22F0FF026B
:1031700006F00F0602F58072314049F8042B013A3F
:103180000CF8016B13440AEB0C021E46DF17904249
:1031900003F10103EEE80267E5DC00230122A365E9
:1031A00012EA010505D03033002554F82330A36519
:1031B0003BE701335200042BD2B2F1D135E700BF17
:1031C00050570708AF3907083C350708C9390708C1
:1031D0002F3A0708EC390708623A0708BA3A070895
:1031E0008C3A07084E3B0708FF3A0708753B07086B
:1031F00042884378007843EA022340EA032070477C
:103200000B0A017043700B0C090E8370C17070477C
:10321000036A0239023B8B4283BF4389406B01FB47
:10322000030000207047024600F10B01002012F855
:10323000013B03EBC0138A4203EB500303F0FF0092
:10324000F5D17047026810B504465AB1114611F81D
:10325000013B1F2B11D93A2BF9D11378303BD8B24F
:10326000092802D94FF0FF3006E002329142F9D12D
:10327000032B1846F6DC216010BD014B1878FBE7E4
:10328000DC64002438B50D46044618B90920002333
:103290002B6038BD0368002BF8D01A78002AF5D0CF
:1032A0008188DA889142F1D1587802F0BBFF10F0A2
:1032B0000100EBD12368EBE70328CA7E8B7E08BFB1
:1032C000487D43EA022302BF0A7D42EA002243EA24
:1032D00002431846704713128A76CB760378032B85
:1032E00001BF120C0A7512124A75704738B5C378BF
:1032F000044613B90025284638BDD0E90E21012324
:10330000407802F0BBFF054680B9A16BE36A626AB0
:10331000CB1AE0709342EDD2A378022BEAD10A4493
:103320000123E16B607802F0A9FFE4E70125E2E701
:1033300038B5836B05460C468B420FD0FFF7D6FF9E
:1033400058B922460123E96B687802F079FF00281A
:103350001CBF4FF0FF340120AC6338BD0020FCE7F8
:1033600038B500230446C3704FF0FF338363FFF783
:10337000DFFF002851D1E46B237894F8FF5194F8D3
:10338000FE01EB2B40EA052503D01833DBB2012BFD
:103390003CD84AF655239D4207D10822214904F121
:1033A000520014F0ADFD002836D0227BE37A43EAC8
:1033B0000223A3F50072B2F5606F27D8607B28B3B3
:1033C000591E421E0B40024013431FD1E27BA37BD8
:1033D00053EA02231AD0237C013B012B16D8A27C8E
:1033E000637C53EA022311D0227DE37C43EA02236B
:1033F0007F2B06D804F12000FFF7FAFEB0F5803FDE
:1034000004D3E27DA37D53EA022308D14AF6552076
:1034100085420CBF0220032038BD0420FCE70020B9
:10342000FAE700BFE83B070801292DE9F843044605
:103430000E46174640F28380036A8B427FD9037899
:10344000022B45D0032B5AD0012B78D101EB510927
:103450008389C16AB9FBF3F31944FFF769FF054695
:1034600060BBA38916F00106E06B09F10108B9FB06
:10347000F3F203FB12920FBFFBB2835C03F00F0168
:103480003B011CBF03F0F0030B4383540123E16AAB
:103490002046E370A389B8FBF3F31944FFF748FF14
:1034A000054658B9A389E16BB8FBF3F003FB108024
:1034B0003EB1C7F307170F540123E3702846BDE858
:1034C000F8830B5CC7F3032723F00F031F43F2E7D6
:1034D00083895B08B1FBF3F3C16A1944FFF728FF46
:1034E00005460028EAD1A2897600B6FBF2F302FB7A
:1034F0001366E36B9F5598193F124770DCE7838989
:103500009B08B1FBF3F3C16A1944FFF711FF0546AD
:103510000028D3D1A389B60027F07047B6FBF3F19A
:1035200003FB1161E66B0E443046FFF761FE00F0CD
:10353000704047EA00013046FFF762FEBCE7022513
:10354000BCE70129F8B504460E4664D9036A9942DE
:1035500061D20378022B30D0032B45D0012B5AD1F6
:1035600001EB51058389C16AB5FBF3F31944FFF7F9
:10357000DFFE10B14FF0FF30F8BDA1896F1C20466F
:10358000B5FBF1F301FB1355E36BB7FBF1F15D5DA7
:10359000E36A1944FFF7CCFE0028EBD1A289B7FB00
:1035A000F2F302FB1373E26BD05CF30745EA0020F1
:1035B0004CBF0009C0F30B00DEE783895B08B1FB59
:1035C000F3F3C16A1944FFF7B3FE0028D2D1A289F0
:1035D0007600B6FBF2F302FB1366E36B9A19985D73
:1035E000527840EA0220C7E783899B08B1FBF3F3D6
:1035F000C16A1944FFF79CFE0028BBD1A189B6001F
:10360000B6FBF1F001FB1066E06B3044FFF7F0FD14
:1036100020F07040B0E70120AEE7B1F5001FF8B52B
:1036200004460D4601D30220F8BDCA06FBD18268CC
:1036300006680161DAB93378022B01D9336BABB973
:103640003389B3EB551FEED9336BA361A369626174
:10365000002BE8D0B2890020B5FBF2F10B4402FB4D
:103660001151F56BA3612944E161DDE71A467389C5
:10367000B7895F43BD4211460CD32068FFF761FF55
:10368000431C02460BD00128CDD9336A8342CAD9E4
:10369000ED1BEFE73046FFF7BBFDA061D6E7012049
:1036A000C2E72DE9F041804605680F4649B96E69C9
:1036B000C6B12B6AB34298BF0126AB69A3B90024F7
:1036C00006E02846FFF73DFF0128044603D8012401
:1036D0002046BDE8F081421C51D02B6A8342F7D8C6
:1036E0003E46EAE70126E8E7BE4215D12B6A741C84
:1036F000D8F80000A34298BF02242146FFF721FF1B
:103700000128E4D0431C3AD0D8B16B69012B03D90E
:103710002A6A934238BF1E46344601342B6AA342BC
:1037200002D8012ECBD902242146D8F80000FFF799
:1037300008FF40B10128CAD0013020D0B442ECD1FA
:10374000BDE7002CE8D04FF0FF3221462846FFF7B6
:103750006BFE90B957B92A6AAB69023A6C61934221
:1037600010D92B7943F001032B71B1E7224639467A
:103770002846FFF759FE0028EDD00128A7D14FF0C9
:10378000FF34A5E7013BAB61EBE72DE9F3410C46C4
:10379000064611460568012C47D92B6AA34244D935
:1037A0004AB9A046214630682746FFF7CAFE0446BC
:1037B00058B9002006E04FF0FF322846FFF734FEEC
:1037C0000028EED002B0BDE8F08101282DD0431CC6
:1037D0002DD0002239462846FFF726FE0028F1D1D9
:1037E0002A6AAB69023A934205D20133AB612B7965
:1037F00043F001032B717B1CA34212D041462846A3
:10380000FFF706FD394600902846FFF701FD6B895A
:10381000A0466A46013B042118440190687802F0F2
:1038200057FD2B6AA342BDD8C3E70220CAE7012097
:10383000C8E770B50446FFF759FD0546002840D19A
:103840002378032B35D12679012E32D10146A28966
:10385000E06B14F085FCE36B55224121722083F864
:10386000FE21AA2283F8FF215223E26B13705370CA
:103870006123D1709370E26B82F8E73182F8E40142
:1038800082F8E50182F8E611E06BA16900F5F470B9
:10389000FFF7B6FCE06B616900F5F670FFF7B0FC6E
:1038A000A26A3346E16B01326078A26302F0E6FC63
:1038B000257100226078114602F00AFD003818BF19
:1038C000012070BD2DE9F0470027D0F80090064692
:1038D0000C468F758369002B00F09C80C36A01330E
:1038E00027D100232E251A4643E002378046D9F817
:1038F0001030D85B48B3B8F1000F05D100F5205364
:103900009BB2B3F5006FF0D340F2B51140EA084026
:1039100002F018F9FF28C5F1FF0A0DD9BAF1010F1D
:1039200012D963190212D8759A7502231D4400201A
:10393000DBE7B8463D46DAE730B1BAF1000F0DD00B
:10394000631998750123F1E70025B8F1000F4FF0D6
:10395000000318BF00252544AB75C2E75546F4E7C0
:103960000B2B03D81A46531C224451720B2814D037
:103970000246F169501C895C2029F7D0052908BF4F
:10398000E5210928ECD10B2BF2D804EB030703F156
:1039900001027D72E7D11346EAE7E2180021517275
:1039A000A27D12BBBBB16FF0080504F1090208202B
:1039B0002D1BAB1812F8011B81B12E298BB22BD015
:1039C000A3F14101192904D8F169097B084200D00B
:1039D00020331373EDE73F23A37501232344002213
:1039E0009A75F3691B7B03B96372F369DB7A03F0A1
:1039F0003F032372F16901F11C00FFF7F9FB20601E
:103A0000CA7D8B7D43EA0223E3804A7E0B7E43EA34
:103A10000223A380BDE8F0871020DAE700232DE918
:103A2000F04F0B6087B00F461646FFF70BFC051EE4
:103A3000C0F25B81B44B53F82540002C00F0578155
:103A40003C6006F0FE0623786BB1607802F0EAFB7A
:103A5000C10708D41EB110F0040600D00A26304673
:103A600007B0BDE8F08F0023E8B22370607002F069
:103A7000DBFBC20700F13D810EB14307EED404F138
:103A80000C020221607802F023FC064608B10126F0
:103A9000E5E7A089A0F50073B3F5606FF7D8431E82
:103AA0000342F4D1E36B002B00F0F58000212046A7
:103AB000FFF756FC022840F0FE80E56B02AF05F5EB
:103AC000E371B84605F206250846FFF791FB103171
:103AD00048F8040B8D42F7D1002557F8041B002944
:103AE00000F0E1802046FFF73BFC012800F2DC807B
:103AF000E56BB4F80C902A7BEB7A43EA02239945F4
:103B000040F0DF80E87DA97D51EA002104D105F174
:103B10002400FFF76DFB0146616295F810A0D4F810
:103B200038B00AF1FF3384F802A0012B00F2C980FB
:103B30006B7B6381002B00F0C4805A1E1A4240F058
:103B4000C080AA7C95F8118048EA02280FFA88F212
:103B5000A4F8088000924FEA5912B8FBF2F702FB72
:103B6000178292B2002A40F0AC802A7DE87C50EAAD
:103B7000022005D105F120000193FFF739FB019BDD
:103B800095F80FC0AA7B52EA0C2200F09A8001FB44
:103B90000AFC174407EB0C0E7045C0F09280A0EBB6
:103BA0000E009842B0FBF3F7C0F08B80574B9F425A
:103BB00000F287804FF6F5739F4240F29C804FF0F1
:103BC000030A02375A440BEB0E03BAF1030F2762C4
:103BD000C4F828B0E262636375D195F82B2095F89C
:103BE0002A3043EA0223009A1A4313B2002B68D109
:103BF000BF0005F12C00FFF7FBFA206309F1FF334A
:103C00001F44B7FBF9F989455BD84FF0FF33BAF190
:103C1000030FC4E905334FF08003237130D195F8C9
:103C2000312095F8303043EA0223012B28D10BF1E3
:103C300001012046FFF77CFB10BBE16B207191F87E
:103C4000FF2191F8FE3143EA02234AF655229342BE
:103C500016D10846FFF7CCFA2D4B984210D101F54A
:103C6000F270FFF7C5FA2B4B984209D101F5F470B9
:103C7000FFF7BEFAA06101F5F670FFF7B9FA6061CF
:103C8000254A84F800A0138801339BB21380E38097
:103C90000023E361E3E602F0C1FAE06300287FF469
:103CA00005AF1126DBE603200135042D7FF415AFA7
:103CB000042806D1EBE604283FF4E9AE01287FF69C
:103CC00017AF0D26CBE6B8F1000FFAD0BAF1020F0C
:103CD0004FEA470362441ABFDB1907F001071F468A
:103CE000226318BF07EB530788E70B26B7E60C26BD
:103CF000B5E60326B3E640F6F57A57458CBF4FF09C
:103D0000020A4FF0010A5CE7CC640024F5FFFF0FC4
:103D10005252614172724161C86400242DE9F3413D
:103D200004460191FFF7E2FA054600284DD10199BA
:103D30002046FFF76DFAA2892946A0630746E06B8B
:103D400014F00EFA6289A5895543B5F5004F28BFD6
:103D50004FF40045A389AB4228D2284602F05EFA10
:103D6000804608B96D08F5E7A3899D421ED92A4609
:103D7000002114F0F5F9A3890026B5FBF3F563895A
:103D8000B34209D8404602F04BFA6089801B18BF45
:103D9000012002B0BDE8F0812B46BA194146607897
:103DA00002F06CFA0028EDD12E44E8E7E56B00261E
:103DB0006389B342E9D90123BA192946607802F030
:103DC0005DFA0028E1D10136F2E70120E1E72DE9B3
:103DD000F04107690446884606682037B7F5001F9A
:103DE00024BF00238361836983B1B289B7FBF2F0FA
:103DF00002FB1072002A38D101336169A36139B91D
:103E00003389B3EB571F30D80023A36104200AE0A5
:103E10007389013B034228D13046FFF792FB01280A
:103E2000054602D80220BDE8F081421C01D10120E4
:103E3000F9E7336A834212D8B8F1000FE4D0616920
:103E40002046FFF72EFC0546D0B10128EAD0431CDE
:103E5000EDD001463046FFF761FF0028E7D1294643
:103E600030466561FFF7D4F9A061B289002027616F
:103E7000B7FBF2F302FB1373F76B1F44E761D2E762
:103E80000720D0E7C16A4B1C2DE9F04104460568C4
:103E9000066918D1E5274FF00108A1692846FFF708
:103EA00047FA60B9E3691F7085F803802369B3425C
:103EB0000DD201462046FFF78AFF0028EDD00428E6
:103EC00008BF022003E0FFF7A8FB0028E2D0BDE80E
:103ED000F08100002DE9F04F002185B00446D0F8B4
:103EE00000A0FFF79AFB0746002840F092804FF0B1
:103EF000FF094FF0FF33C846E3620093A1695046C3
:103F0000FFF716FA0746002840F08380E5692E780F
:103F1000002E00F08280EA7AE52E02F03F03A371C2
:103F200003D0100704D50F2B04D0009BE36253E0AD
:103F30000F2B59D194F82B30590643D4720649D52A
:103F4000236906F0BF0695F80D90E3626B7B4B4545
:103F500042D1EA7EAB7E53EA02233DD12F78012283
:103F6000DAF810B007F03F077B1E0D275F432C4B9C
:103F700013F8011B681815F80180407848EA0028FA
:103F80006AB3FF2F039327D8404601F00FFE791C38
:103F900002903BF81700019101F008FE029A82425C
:103FA0001AD101994246039B0F461E499942DFD11F
:103FB0002B785B0603D512B13BF8173063B9013E8D
:103FC0005FFA86F800212046FFF701FF0746002828
:103FD00094D01EE0B045B9D04FF0FF08F2E74FF69D
:103FE000FF718845E1D0F7E7B8F1000F04D128460A
:103FF000FFF719F948450CD094F82B7017F001071A
:1040000093D10B2204F12001284613F079FF0028F8
:104010008BD1384605B0BDE8F08F0427F9E700BF23
:10402000853C0708923C07082DE9F04F036885B0EE
:104030000646894600930B782F2B01D05C2B09D1C3
:104040004A461378914601322F2BFAD05C2BF8D0D8
:10405000002301E0009BDB69B36099F800301F2B5F
:1040600000F2138180230021304686F82B3005B002
:10407000BDE8F04FFFF7D1BA2F2811D05C280FD040
:104080007F2806D80146A34814F0B8FB002840F06A
:104090003D81FF2F00F03A812BF817400137F8E0FF
:1040A00049460B78894601312F2BFAD05C2BF8D08A
:1040B0001F2B8CBF00240424F8E0022F04D1BBF88E
:1040C00002302E2B00F0F580ABF102013FB131F848
:1040D0001730202B01D02E2B01D1013FF6E7002312
:1040E0002BF81730002F00F011813BF81300194610
:1040F00001332028F9D009B92E2801D144F0030456
:10410000ABF1020333F817002E2801D0013FF9D19B
:104110004FF020334FF0000A7362D0463362C6F886
:10412000273008233BF811504A1CADB1202D03D095
:104130002E2D05D1BA4207D044F003041146F1E711
:104140009A4504D2BA423AD10B2B2FD101E00B2B66
:1041500027D144F003040B2396F82020E52A04BF5E
:10416000052286F82020082B04BF4FEA88085FFA52
:1041700088F808F00C030C2B03D008F00303032B82
:1041800001D144F00204A00700F1A88018F0010F4B
:1041900018BF44F0100418F0040F18BF44F00804CE
:1041A0009CE0BA4202D044F00304D5D84FEA880814
:1041B0003A460B234FF0080A5FFA88F8BEE77F2DD6
:1041C00015D9284640F2B511CDE9022344F0020387
:1041D000019301F0B7FC10F0800F0546DDE90223E2
:1041E00016D000F07F054C494D5D019C45B3294632
:1041F0004A48CDE9012314F001FBDDE90123F8B9B8
:10420000A5F1410189B219291ED848F0020810E031
:10421000FF28EAD9591E8A4503D344F003049A467D
:104220008CE706EB0A0100120AF1010A019C81F8F1
:10423000200006EB0A010AF1010A81F820507DE70F
:1042400044F003045F25F4E7A5F1610189B219295F
:104250009EBF203D48F00108ADB2EAE7002A08BF42
:10426000052050E05A074ED4B379DB0650D5009BA9
:1042700032699989B2FBF1F301FB1323009AD16BE8
:1042800010781944FFF718F8B06033680027D3F8A6
:1042900010B019F8010B40B140F2B51101F072FCF9
:1042A000044698B31F283FF6E7AE0424012F7FF49D
:1042B00004AFBBF800302E2B7FF406AF002306F1CD
:1042C00020022BF817309F428CBF2E212021013372
:1042D0000B2B02F8011BF6D144F02004304686F87F
:1042E0002B40FFF7F7FD96F82B300028BAD00428B2
:1042F00009D1990603F00402B0D5002AC5D0802365
:10430000002086F82B3005B0BDE8F08F0620FAE7D4
:104310000520F8E7C13B0708053C0708CA3B07082A
:104320002DE9F04F90F82BB089B004461BF0A005A2
:1043300040F0928007683B6933F815200AB10135D7
:10434000FAE704F120060DF1140A1BF0010F96E8BC
:1043500007008AE8070000F0868040234FF001083C
:1043600084F82B30B4463B69B8F1050F9AE8070092
:10437000ACE803002CF8022B4FEA12428CF8002024
:1043800015D9991E424631F8020F88B14FF0100C32
:1043900000F0010E40080EEB4202D30344BF82F44A
:1043A000883282F02102BCF1010CF1D1EBE74246E8
:1043B0000DF1130C072102F00F0E914612090EF1B8
:1043C0003000392888BF0EF1370001390CF8010997
:1043D00002D0B9F10F0FEED808AB7E205A1802F8C0
:1043E000140C04F11F0000228446914206D01CF8F0
:1043F00001EF02F10109BEF1200F20D1072902F1DE
:10440000010297BF08AB4FF0200C03EB010C013108
:1044100098BF1CF814CC072A00F802C0EED9204639
:10442000FFF758FD8146D0B908F10108B8F1640FD3
:1044300098D14FF00709484609B0BDE8F08F4A46C9
:10444000D3E7804601212046FFF7C1FC8146F8B141
:10445000B9F1040FEDD0EEE74FF00609EBE70428C1
:10446000E9D184F82BB01BF0020F4FF00001204679
:10447000D4F800A01BBF0C350D230125B5FBF3F5C7
:1044800018BF0135FFF7C9F881460028E0D1804602
:10449000A1695046FEF74CFF81460028D8D1E36958
:1044A0001B78E52B01D0002BCBD108F10108454545
:1044B000C8D1013D55D021692046A1EB4511FFF738
:1044C000ACF881460028B6D14FF6FF783046FEF7AB
:1044D000AAFE0190A1693846FEF72AFF814600280E
:1044E000A9D1E369E9B2019A4FF00D0CD7F810E0B9
:1044F0005A734FF00F02DFF8A8A0DA724A1E187341
:104500000CFB02F284469876D87640451AF8019B57
:104510000CF1010C18BF3EF8120003EB090B18BF99
:10452000013203F809004FEA2029002808BF40465D
:10453000BCF10D0F8BF80190E7D1404502D03EF859
:1045400012200AB941F040011970012300212046D0
:10455000FB70FFF73CFC814600287FF46CAF013D07
:10456000B8D1A1693846FEF7E3FE814600287FF402
:1045700062AF20224946E06913F0F2FDE36903CE01
:1045800018605960B27831889A72198194F82B308A
:10459000E26903F0180313730123FB704BE700BFBC
:1045A000853C07082DE9F84FFF270646D0F8008024
:1045B00004253C464FF6FF79B169002972D0404688
:1045C000FEF7B6FE0546002855D1F0690378002BAA
:1045D0006BD0C27AE52B02F03F02B27150D02E2B85
:1045E0004ED022F0200108294AD00F2A4DD1590679
:1045F00044D503F0BF043369477BF362437BBB427E
:104600003ED1C27E837E43EA02230FFA83FCBBBB0A
:1046100003780D22D8F81050012123F04003DFF871
:1046200090E0013B53431EF801AB00EB0A0292F805
:1046300001B010F80A2042EA0B2219B3FF2B1FD851
:1046400025F81320114601330CF1010CBCF10D0FBC
:10465000E9D10278520605D521B1FF2B10D80022EE
:1046600025F81320013CE4B200213046FFF7AFFBF0
:1046700005460028A0D00023B3610CE0A342BDD0C2
:10468000FF24F1E74A45DFD0FAE73CB9FEF7CBFD5E
:10469000B84203D100252846BDE8F88F4FF0FF331C
:1046A000F362F8E7002DF5D0E5E70425E3E700BF66
:1046B000853C07087FB5CDE9001003A81446039197
:1046C000FEF7C0FD051E19DB0D4E56F8252022B160
:1046D0000023D06B137001F0A3FD019B13B10022E6
:1046E0001A70DA6346F825302CB1002201A9684619
:1046F000FFF794F90446204604B070BD0B24FAE796
:10470000CC6400242DE9F04391B016460546019192
:10471000002800F0D58002F03F0703A901A83A461F
:10472000FFF77CF9002840F0C980039B4FF400702C
:10473000049301F073FD8046002800F0C380039BC2
:104740000199186104A8FFF76FFC044620B99DF990
:104750003B30002BB8BF062416F01C0F75D0002C80
:1047600048D0042C3CD104A8FFF7DAFD0446002809
:1047700036D147F0080701F032FD014600900B9852
:104780000E30FEF73DFD0B9800991630FEF738FD10
:10479000039C0B992078FEF78FFD2023002206460C
:1047A000CB7220460B99FEF796FD0B9B0022012150
:1047B0001A775A779A77DA77039BD9701EB3314606
:1047C00004A8D3F83890FEF7E0FF044640B9494604
:1047D0000398FEF7ADFD013E039B04465E6190B178
:1047E000404601F01DFD0CB100232B60204611B0A6
:1047F000BDE8F0839DF8163013F0110F2FD170072C
:1048000056D43107B7D4039C39070B9EA36B48BF1E
:1048100047F0400731466E622B622078FEF74CFD70
:104820000146A86006F11C00FEF7E2FCE388BA0628
:104830000646AB804FF00003E8602C602F746B7469
:10484000EB616B610DD40024CAE7002CC8D19DF840
:104850001630DA062ED4B407D5D5D807D3D5072419
:10486000BEE70028EFD06389A48968615C43B44245
:104870001AD22868361BFEF764FE0128014615D9B6
:10488000431CF4D10124A961002CA9D10398838988
:10489000B6FBF3F203FB1266002ED4D0FEF7B8FC91
:1048A00050B11044E8619BE70024ECE70224EAE7FA
:1048B000082495E7042493E7022491E7044693E74C
:1048C000092493E7112491E72DE9F04F994685B02B
:1048D0000023884603A90446C9F800301746FEF7AE
:1048E000D1FC064618BB667C0EBB94F810A01AF0EB
:1048F0000103019300F08D80E2686369D21A974248
:1049000028BF17469FB1039862698389B2FBF3F110
:1049100003FB1123002B5ED14389013B0B40009325
:1049200015D142B9A06801280AD80226667430461B
:1049300005B0BDE8F08FA1692068FEF702FEF2E73E
:10494000431C03D10123019E6374F0E7A061DDF8ED
:104950000CB0A1695846FEF75BFC0028E5D0009B2F
:104960001D18BBF80C30BB4234D8BBF80A209BF8AA
:104970000100B7FBF3FA009B03EB0A0191424146A9
:1049800088BFA2EB030A2A46534601F059FC0028CF
:10499000D8D1DDF80CB09BF8032062B1DBF8380009
:1049A000401B504507D2BBF80C20DBF83C1002FB43
:1049B000008013F0D7FABBF80C500AFB05F5D9F8C4
:1049C00000307F1BA8442B44C9F8003063692B4496
:1049D000636197E7E561039863698589E169B3FBE2
:1049E000F5F205FB1232AD1ABD4228BF3D46FEF777
:1049F0009FFC0028A6D1039A60699189B0FBF1F36E
:104A000001FB1303D16B40462A46194413F0AAFA5E
:104A1000D5E707268BE7F7B501A90546FEF732FC77
:104A2000044660BB2C7C14F0400428D001F0D7FB76
:104A3000296A07460198FEF77BFC0446F8B96E6ABE
:104A4000F37A314643F02003F372AA682868FEF730
:104A500042FCE96806F11C00FEF7D2FB394606F17C
:104A60001600FEF7CDFB01230198B474F474C370F3
:104A7000FEF7DFFE2B7C044623F040032B74204618
:104A800003B0F0BD2DE9F04F994685B0002388466C
:104A900003A90446C9F800301646FEF7F3FB0546A5
:104AA00048BB657C3DBB237C9A0740F1BD806369B0
:104AB0004FF0000BF34228BFDE43002E00F0A88029
:104AC000039862698389B2FBF3F103FB1123002B86
:104AD0007CD14789013F0F401BD182B9A06830B912
:104AE00001462046FEF7DDFD002800F091800128F8
:104AF00007D102256574284605B0BDE8F08FA1698D
:104B0000EFE7431C01D10125F4E7A368A06103B9D5
:104B1000A0600398E369826B9A4244D0DDF80CA050
:104B2000A1695046FEF774FB0028E2D0BAF80C30B9
:104B30003A18B3423CD89AF801000192B6FBF3FB55
:104B4000BAF80A3007EB0B019942414688BFA3EB44
:104B5000070B5B4601F092FB07460028D3D1039B6D
:104B6000019A996B891A594507D29A89D86B02FB29
:104B7000018113F0F7F9039BDF70039B9F890BFB07
:104B800007F74FF0010BD9F80030F61B6269B84403
:104B90003B441744C9F80030E3686761BB422CBF4F
:104BA000E360E76089E7FEF7A1FB0028B6D0AAE73B
:104BB0006169E368994208D350460192FEF796FB7B
:104BC0000028A0D1039B019A9A63E261039863696C
:104BD0008789E169B3FBF7F207FB1232BF1AB742CC
:104BE00028BF3746FEF7A4FB00288CD1039A6169E1
:104BF0009089B1FBF0F300FB1313D06B41463A46AA
:104C0000184413F0AFF9039B4FF00102DA70BAE7D2
:104C1000237C43F040032374BBF1000F3FF46BAFE0
:104C20002046FFF7F8FE66E7072564E713B504465C
:104C3000FFF7F1FE28B901A92046FEF723FB00B9D2
:104C4000206002B010BD2DE9F3410D4601A90446D4
:104C5000FEF718FB0646002863D1667C002E60D163
:104C6000E368AB4204D2227C12F0020F08BF1D465B
:104C7000002263696261B5B90020E268636993420A
:104C800081BF227CE36042F040022274019A918944
:104C9000B3FBF1F201FB1233002B42D0E3698342F4
:104CA00018BFE0613DE0019A518997894F4373B382
:104CB000013B6A1EB3FBF7F1B2FBF7F28A4226D33F
:104CC0007A42A1691340ED1A63610029D4D0BD4234
:104CD00063690CD93B44A5EB07086361237C9A0701
:104CE0002AD52046FEF7DDFC054648BB0146636930
:104CF00001982B4463618389B5FBF3F203FB1255E2
:104D0000002DB9D0FEF784FA48B11044B5E7A16888
:104D100081B92046FEF7C5FC0128014605D10226CF
:104D20006674304602B0BDE8F081481C01D101260E
:104D3000F6E7A160A161C8E72068FEF702FC05461E
:104D40006B1CF4D0012DEAD9019B1B6AAB42E6D95A
:104D50002946A5614546BAE77FB505460191002879
:104D60003AD0002203A901A8FEF758FE044650BB22
:104D7000039B4FF400702B6001F050FA064668B3B5
:104D8000039B019918612846FFF74EF90446A0B924
:104D900095F92B30002B08DBAB79DB0618D5039B8C
:104DA000E9691878FEF788FAA860039B0021284675
:104DB000DB88AB80FEF731FC0446304601F030FA68
:104DC000042C07D00CB100232B60204604B070BD2A
:104DD0000524F2E70524F6E70924F6E71124F4E7B1
:104DE00013B501A90446FEF74DFA00B9206002B0E0
:104DF00010BD2DE9F3410F4601A90546FEF742FA21
:104E0000044628B947B901462846FEF706FC044681
:104E1000204602B0BDE8F0814FF4007001F0FEF9C9
:104E20000646C0B1019B18612846FFF7BBFB10F096
:104E3000FB0804460BD139462846FEF743FD4146A0
:104E40002846FEF7C4FF042814BF04460024304659
:104E500001F0E6F9DCE71124DAE770B58EB00E4612
:104E60000022019002A901A8FEF7D8FD0446C8B9A6
:104E70004FF4007001F0D2F90546C0B1029B0199D0
:104E8000186102A8FFF7D0F8044640B99DF9333005
:104E9000002B0ADB1EB1314602A8FEF713FD28469F
:104EA00001F0BEF920460EB070BD0624F7E71124CC
:104EB000F8E72DE9F04385B00F4616460022019031
:104EC00003A901A8FEF7AAFD044648B9039DD5F839
:104ED0002080AB69A8F102023560934204D83B60A0
:104EE000204605B0BDE8F0832B78012B1AD14FF096
:104EF0000208064641462846FEF723FB431C40D0E5
:104F0000012840D000B90136039B08F101081B6A53
:104F10004345EFD8039B3E601A799E6142F001023F
:104F20001A71DDE7E96A0646054635B9039801F1CD
:104F30000109FEF7FDF940BB4946DDF80C9099F8F0
:104F40000020D9F83C30022A03EB050010D15B5D4C
:104F50000235427853EA022308BF0136B9F80C3013
:104F6000B8F10108B5FBF3F203FB1255DDD1D1E72F
:104F7000FEF73EF930F0704305F1040508BF013635
:104F8000ECE70124ACE70224AAE70446A8E773B5DE
:104F900001A90646FEF776F90446C0B9747CB4B997
:104FA000337C9A072DD57569F3689D420FD28DB970
:104FB0002246B1683046FEF7E8FB0446B5607369E7
:104FC000F360337C43F04003337404B174742046BF
:104FD00002B070BDB1693068FEF7B3FA431C0146F8
:104FE0000BD001280BD0019B1B6A8342E7D9B26921
:104FF0003046FEF7CAFB0446E1E70124DFE702245E
:10500000DDE70724E3E72DE9F0419CB0022201909F
:1050100003A901A8FEF702FD0446F8B9039B4FF46B
:105020000070049301F0FAF8054600284FD0039B66
:105030000199186104A8FEF7F7FF044658B99DF8D6
:105040003B309A0641D41B063FD49DF8168018F0D9
:10505000010F07D00724284601F0E2F820461CB0D3
:10506000BDE8F081039F0B993878FEF725F918F019
:10507000100F06460BD104A8FEF704FF04460028D3
:10508000E9D1CEB90398FEF7D4FB0446E3E7FB6908
:105090008342DFD02146129010A81097FEF7BDFA88
:1050A00004460028D7D110A8FFF77CFA0446002850
:1050B000D0D00428CFD1DEE70246314604A8FEF75F
:1050C00064FB04460028C6D1DCE70624C3E71124AC
:1050D000C4E7F0B595B00222019003A901A8FEF73C
:1050E0009DFC044600287BD1039B4FF4007008937D
:1050F00001F094F80546002800F08380039B019995
:10510000186108A8FEF790FF0446002875D004280F
:1051100063D19DF84B1011F0200170D1039B04A8BE
:105120000493FEF7BEFA044600285CD001285CD048
:10513000431C5F425F4101F052F80646002F56D1F2
:1051400021460398FEF7EAFD002850D1039B4FF05B
:1051500020321021DB6B1A605A60C3F807202E2220
:10516000039BDB6B1A70039BDA6BD1723146D86BF1
:105170001630FEF745F803982246C16BFEF7ABF8F0
:105180000398C36B03F12002114653F8047B93424A
:1051900041F8047BF9D1C36B2E22012783F821202B
:1051A000C16B0A9A2031FEF796F8039B08A8DF70BE
:1051B000FFF7B6F8D8B90F9831461630FEF720F849
:1051C000224603980F99FEF786F80F9B102203984A
:1051D000DA72C770FEF72DFB0446284601F020F86E
:1051E000204615B0F0BD0727A5E70227A3E7002258
:1051F000214604A8FEF7C9FAEEE70824EDE70624E5
:10520000EBE71124ECE770B5A4B0CDE900106846D7
:10521000FEF718F80028C0F29F80022203A901A817
:10522000FEF7FCFB0446002840F08F80039B4FF400
:1052300000700C9300F0F2FF0546002800F08E800D
:10524000039B019918610CA8FEF7EEFE04460028A6
:1052500078D19DF85B3013F0A00F79D1139B04AC8B
:1052600003F120061868083353F8041C2246B342A1
:1052700003C21446F6D10CAE18AC0FCE0FC40FCE3D
:105280000FC496E80F0084E80F00009918A8FEF7F5
:10529000CBFE044648B91A9A0E9B9A4203D11C9A37
:1052A000109B9A4203D008244CE004284AD118A845
:1052B000FFF736F80446002844D11F990DF11D036D
:1052C0000DF12D0001F10D0253F8044B834242F819
:1052D000044BF9D11888012610809B7893709DF8B3
:1052E0001B30039CDA0658BF43F02003CB72E670F4
:1052F000CB7ADB061DD50E9A1A9B9A4219D02078DC
:10530000FDF7DAFF01462046FDF782FF014608B3AC
:105310002046FEF70DF80446A0B90398C16B91F83A
:1053200021302E2B05D11A9A2031FDF7D4FF039B93
:10533000DE700CA8FEF7A6FD044618B90398FEF728
:1053400078FA0446284600F06BFF204624B070BD72
:105350000624F7E70224F5E70B24F6E71124F4E727
:105360002DE9F04F2DED028B91B00C461F460990B0
:1053700009A80092FDF766FF0028C0F26983974BE9
:1053800053F820300BB100221A70C5B2944B284656
:10539000002C08BF1C4600F047FFC20700F15A83EB
:1053A000430700F1598363680B933BB90BAA0321B0
:1053B000284600F08DFF08B101230B930B9A531E72
:1053C000B3F5004F01D21A4201D001230B930DF126
:1053D0002A020221284600F07BFF08B1012532E0B5
:1053E000BDF82A90A9F50073B3F5606FF6D809F1FE
:1053F000FF3313EA090FF1D16378D4F808800293E0
:10540000013B012B029B88BF0123029308F1FF336C
:10541000B3F5004F1DD24FEA5912B8FBF2F302FB6D
:105420001383002B18BF4FF40078E668B6F1807F35
:1054300012D8731E334218BF0026B945B7FBF9F3E3
:1054400006930BD91125284611B0BDEC028BBDE89F
:10545000F08F4FF40078E8E70026EEE7009B94F821
:1054600000A0B3B9069B03FB09F000F0D7FE044689
:105470000028E7D000230CAA012128460C9300F055
:1054800027FF40B1009B002BA8D1204600F0C8FEAA
:10549000A4E7009CEEE71AF0080307930FD10C9BDA
:1054A0003F2B0ED93F3B3F270C930C9B7F2B0AD8F9
:1054B000009B13B9204600F0B3FE0E25C3E7074654
:1054C000F3E7079FF1E7B6FBF9F3802B0AF001063B
:1054D00028BF80231AF0020219D0C6F10306F6B2E3
:1054E0000392019300F07BFE032EDDF83090019BC8
:1054F000039A089055D1A3B94FEA59463949012377
:1055000031F8020B70B1B04225D85B00F8E736B92C
:10551000009B13B9204600F083FE132593E7022673
:10552000DEE71846BDF82AC0B9FBF3F10CEB8106A3
:10553000A1F57F410736F639B6FBFCF603962A4EF5
:10554000B142B5D800211E464FF0200A03464FF065
:10555000030B0591ABE20020E4E70298B1FBF0FCFD
:1055600000FB1C1CBCF1000F05D0019801390AF1A9
:10557000010A013001900298B1FBF0F10398084450
:105580000390B3E2BBF1020F32D14FF6F5710498EC
:10559000884217D9002B40F0CF827300402B00F2D5
:1055A0005D82002B40F060824FEA193C0F490126D2
:1055B00031F8020B002800F05882604500F2558255
:1055C0007600F5E740F6F5710498884218D8002B6C
:1055D0007FF46EAF7300802BE3D969E7CC640024BD
:1055E000B03C0708A03C0708FFFFFE0F923C0708ED
:1055F00040F6F573049A9A423FF65AAF4FF0010B0A
:1056000009F1FF330EAA042128463B440E970F935D
:1056100000F05EFEBDF82A200021204612F0A0FD19
:10562000BD4BBBF1030F84F80EA01A684FEA2A2A7B
:1056300008BF4FF00008667322605A680C996260D8
:105640001A89B1F5803F9B7A84F811804FEA2828A7
:10565000A372BDF82A302281E3724FEA232384F833
:105660000FA02373029B84F81280237480F0C18101
:10567000E17409122175089B0022394604F11C00CF
:105680004B446276E2769946F82363753F2323768E
:10569000FF23A376FDF7B4FDBBF1030F494640F0AD
:1056A000AD8104F14300FDF7ABFD039904F1240043
:1056B000FDF7A6FD022384F82D2084F82C30012369
:1056C00084F82E2084F83030062384F82F2084F8C4
:1056D0003230802384F8312084F84030292384F844
:1056E000332004F1470284F842308C4B03F110015F
:1056F00053F8040B8B4242F8040BF9D119884FF090
:10570000550A9B784FF0AA091180284693702146CC
:1057100001233A4684F8FEA184F8FF9100F0AEFD23
:10572000804600287FF4AEAEBBF1030F3AD10123CF
:10573000BA1D2146284600F0A1FDBDF82A204146A9
:10574000204612F00DFD522341227221237004F5F0
:10575000F47063706123E270A37084F8E731049BF6
:1057600084F8E41184F8E511591E84F8E621FDF768
:1057700047FD0223FA1D214684F8EC312846012317
:1057800084F8ED8184F8EE8184F8EF8184F8FEA13D
:1057900084F8FF9100F072FD012321462846FA1893
:1057A00000F06CFD069B0021BDF82A2020464FF03A
:1057B000000AFF275A4312F0D3FCBBF1010F584BEC
:1057C00018BF6FF0070308EE103ABBF1030F40F06B
:1057D0002F816FF007036770A77023704FF00F03DE
:1057E000E77027716771A771E77127726772A772F7
:1057F000E372DDF80C80069B2146019A284643455A
:1058000028BF4346994600F039FD014600287FF441
:1058100039AEBDF82A20204612F0A2FC019BB8EB5D
:1058200009084B440193E6D10AF10103029A4FF0B3
:10583000010A9A42C9D8059BBBF1030F18BF1E4647
:10584000069B2146019A2846B34228BF33461F468D
:1058500000F014FD00287FF415AE019BF61B3B44BD
:105860000193EDD1BBF1030F00F0E8800C9BB3F581
:10587000803F80F0E680BBF1020F0CBF4FF0040ABE
:105880004FF0010A079B002B40F0A2800C9B0DAA51
:10589000012128460E93079B0F9300F019FD002865
:1058A0007FF4F0ADDDF8349005234FF008084FF693
:1058B0003E42B9FBF8F1914207D94FEA4808013B53
:1058C0005FFA88F8F5D14FF0FF084FF480520021BD
:1058D000204604F5E37612F043FC642304F5FB72E2
:1058E000B9FBF3F302923F2201930EAB93464A4574
:1058F0005FD253F8047B642F03D816BF01994F463B
:105900004F43D0192CBF0121002181450AD3002922
:1059100000F09A8006E000BFD13B0708DD3B070896
:10592000F8FFFF00A9EB0207114630460393FDF78D
:1059300067FC3946301DFDF763FC029B06F804AC9A
:10594000B342039BB2FBFBF1B1FBF8F008FB101C68
:10595000C1EB811106F8050CA2EB010106F807CC9A
:105960004FEA900C3A4401F101012CF03F0C41EA5E
:105970000C0106F8061C02F1FF31B1FBFBF7B7FB87
:10598000F8F008FB107CC7EB871706F8010CA1EBB9
:1059900007014FEA900706F803CC01F1010127F057
:1059A0003F0741EA070106F8021C02D01036002A20
:1059B0009DD1552300222146284684F8FE31AA2392
:1059C00084F8FF31012300F059FC00287FF45AAD20
:1059D00000222846114600F07BFC009B054600286B
:1059E0007FF451AD002B7FF42EAD204600F018FC63
:1059F00029E504F12000FDF703FC3CE604F1270053
:105A0000FDF7FEFB039B04F12B02A3751B12E3754C
:105A1000802384F82430292384F82630484B03F16E
:105A2000100153F8040B8B4242F8040BF9D165E6E0
:105A300018EE101A2046FDF7E3FBDAE64FF00C0AE9
:105A400020E74FF0060A1DE7002F7FF46DAFB0E7A7
:105A50000B25F8E40325F6E40A25F4E4002A7FF494
:105A60004BAD802B3FF624AD1E4640F6F5704FF04F
:105A7000010AB9FBF6F18142BDF82A0094BF01EB9F
:105A80004101023100F1FF3C8BBF4FF0020B0131AD
:105A900049004FF0010B9CBF490803316144B1FB41
:105AA000F0F103914FEA4811B1FBF0F105910AEBD7
:105AB0000701BBF1030F019103998C46DDE9011049
:105AC00000FB0C100599DDF82CC000EB010E0CF169
:105AD000FF31CCF1000C714401EA0C01A1EB0E0185
:105AE0007FF43BAD01988A4408440190C7EB06114E
:105AF0000EEB01008145FFF4DBAC0599BBF1030F10
:105B00000398A9EB010184460298A1EB0A0100FB6E
:105B10001C11B1FBF6F104917FF434AD4FF6F57131
:105B2000049888423FF66CAD002B7FF4C1AC012E87
:105B30007FF6BEAC7308DEE4002A7FF4DCACB7E489
:105B4000F13B07087F2810B501D880B210BDB0F531
:105B5000803F12D240F2B51399420ED1084900227B
:105B600031F8024B93B2844203D00132802AF7D13C
:105B7000134603F18000C0B2E8E70020E6E700BF6B
:105B8000C03C07087F280DD940F2B513994208D1CF
:105B9000FF2806D800F10040034B803833F810008E
:105BA00070470020704700BFC03C0708B0F5803F39
:105BB000F0B522D21F4A83B21F49B0F5805F28BFDB
:105BC0000A46141D34F8042C2146AAB1934213D37B
:105BD00034F8025C2E12EFB252FA85F5A84222DAAE
:105BE000082E09D8DFE806F0050A10121416181A54
:105BF0001C00801A34F810301846F0BD981A00F0D6
:105C000001001B1A9BB2F7E7103BFBE7203BF9E7CB
:105C1000303BF7E71A3BF5E70833F3E7503BF1E792
:105C2000A3F5E353EEE70434002ECBD101EB47029A
:105C3000C7E700BFC03D0708B23F0708036800225E
:105C40009B6F184713289ABF014B18564042704764
:105C5000BC41070803680122D3F88430184738B5DF
:105C6000036804460D46DB6F984723686D6920463C
:105C7000D3F880309847284638BD38B503680446C5
:105C80000D46DB6F98472368ED682046D3F88030D7
:105C90009847284638BD38B5036804460D46DB6F83
:105CA000984723682D692046D3F8803098472846C6
:105CB00038BD00002DE97043254E054656F82000FA
:105CC0000368DB6A9847002908BFB0F5803F04D31A
:105CD000AA2220492048F9F73BFD84B2B4F5007FA1
:105CE00038BF4FF40074A4F50073B3F5606F03D9A7
:105CF000B12218491948EEE756F8250003685B6A97
:105D00009847804656F8250089460368DB6A98471D
:105D1000494508BF404503D2B2220E491048DAE790
:105D200056F8250003689B6A9847804656F8250078
:105D300089460368DB6A9847494508BF404503D256
:105D4000B32204490748C6E72046BDE8708300BF78
:105D50000865002496400708A8400708C0400708C7
:105D6000E940070825410708F8B503680446DB6FDA
:105D70009847A36D013308D123686FF015052046BD
:105D8000D3F8803098472846F8BD002204F154012A
:105D9000104F1046FEF78EFCA36D064657F8230001
:105DA0000368DB6898472368054620B1D3F8803044
:105DB00020469847E7E7A26DD3F8803047F82200E5
:105DC0004FF0FF322046A26598473046BDE8F840C4
:105DD000FFF738BF0865002408B1FAF794BD704793
:105DE00073B51446064628220021204612F0B8F961
:105DF00033683046DB6F984701A96A4606F15400C4
:105E0000FFF757F83168054648B13046D1F8803081
:105E10009847284602B0BDE87040FFF713BF009ACC
:105E200093895089C4E90033136A023B4343C4E9B0
:105E30000235019B43433046C4E90435C4E90635C5
:105E4000FF236362D1F880309847284602B070BDC6
:105E5000036870B50C460546DB6F98472046FEF791
:105E6000E5FE2B6806462846D3F8803098471CB1DB
:105E700028212046FAF7E6FC3046BDE87040FFF7DF
:105E8000E1BE0368F7B50D46DB6F01920446984703
:105E9000019928466F69FEF7D6FE064650B1236881
:105EA0002046D3F880309847304603B0BDE8F04034
:105EB000FFF7C8BE2846FFF76AF806460028EED16D
:105EC00028463946FEF7BFFE236805462046D3F82C
:105ED000803015B198472846E7E79847284603B031
:105EE000F0BD036870B50C460546DB6F9847204649
:105EF000FEF776FF2B6806462846D3F88030984791
:105F00001CB130212046FAF79DFC3046BDE87040B8
:105F1000FFF798BE0368F0B516460F69C7B0DB6F90
:105F200005460C469847B7420ADD00212046FEF799
:105F300060FF2B682846D3F88030984747B0F0BD03
:105F4000B742F6DA69462046FEF753FF2769002874
:105F5000EFD19DF81630002BF2D1EAE7036870B557
:105F60000D460446DB6F984728460021FEF741FFA7
:105F700023682046D3F88030BDE870401847036896
:105F800070B50E46C6B00546DB6F144698473046DE
:105F90006946FEF72EFF2B6806462846D3F8803068
:105FA00098472EB1304646B0BDE87040FFF74ABE74
:105FB0009DF8160088B19DF8083013F0100F14BF3B
:105FC0000323052384F8003123782BB9FF220DF138
:105FD0001601204612F02EFF012046B070BD006869
:105FE0007047F8B51F46036806460D46DB6F14463A
:105FF0009847022F12D1EB681C4421462846FEF731
:1060000022FE336804463046D3F880306D699847E5
:1060100044B12046BDE8F840FFF714BE012FECD193
:106020006B69E9E72846F8BD38B503680D460446B4
:10603000DB6F98472846FEF7EEFC236805462046AE
:10604000D3F8803098472846BDE83840FFF7FABDBE
:1060500030B585B00D460446009303680192DB6FAE
:10606000984703AB2846DDE90021FEF70BFD2368C6
:1060700005462046D3F8803098472DB1284605B014
:10608000BDE83040FFF7DEBD039805B030BD30B548
:1060900085B00D460446009303680192DB6F984774
:1060A00003AB2846DDE90021FEF70EFC2368054618
:1060B0002046D3F8803098472DB1284605B0BDE87A
:1060C0003040FFF7BFBD039805B030BD036870B521
:1060D0000446DB6F0D4616469847A36D013307D083
:1060E00023682046D3F8803098476FF0150070BDC4
:1060F00018480023014650F8042BFAB941F8235000
:10610000201DA365303384F8562084F854303A2398
:1061100084F85530F8F7FEFD324604F1540104F1DD
:106120001400FEF7C7FA236805462046D3F88030EE
:1061300098472846BDE87040FFF784BD0133042B23
:10614000D9D123682046D3F8803098476FF00B00F0
:10615000CDE700BF08650024054B10B503602C3364
:10616000044640F8043FF8F7FBFD204610BD00BF91
:106170007C410708A0F10400EEE700BF074B03F1E4
:106180000802983310B5044602604360FFF7ECFD47
:106190002046FFF7E1FF204610BD00BFD0410708B1
:1061A000A0F10400FFF7EABF10B50446FFF7E6FFD1
:1061B0005C212046FAF746FB204610BDA0F1040002
:1061C000FFF7F2BF10B50446FFF7C6FF14212046C3
:1061D000FAF738FB204610BDA0F10400F2E707B53E
:1061E0006846FAF7F1FC684611F09CF9D0E90232F2
:1061F000DB0243EA0243426843EA4213026802EBCD
:10620000D27243EA620342690069503A013043EABC
:10621000426343EA405003B05DF804FB11F050BB09
:1062200011F056BB0020704708B5044B53F820000E
:1062300003689B689847C0B208BD00BF086500248A
:106240007FB5164605461C460391FFF733FD0A4A03
:106250000346039952F82500A3FB04450268CDE9E3
:1062600000455469A3FB0623A047002814BF04205F
:10627000002004B070BD00BF086500242DE9FF4771
:1062800016461C468046DFF844900391FFF712FD46
:10629000A0FB0667A0FB044559F8280032460368B6
:1062A000CDE90045D3F81CA03B46D04750B959F87A
:1062B0002800324603990368CDE900459C693B46B6
:1062C000A04700B1042004B0BDE8F08708650024B1
:1062D000F0B5054685B00C46164604294DD8DFE8D2
:1062E00001F0030C28303300264B53F82030002BEC
:1062F00045D00024204605B0F0BD224B53F82000C5
:1063000000283CD003689B6B9847044628460391BD
:10631000FFF7D0FC00230246039920460EF018FF39
:106320003F2804D8BA2218491848F9F711FA306002
:10633000DFE7144B53F820300BB3FFF7BBFC308082
:10634000D7E701231360D4E70E4F57F82030B3B1DD
:10635000FFF7B0FC3268766857F8251001360B68F5
:10636000B61AA6FB0067CDE900671D6AA0FB0223F1
:106370000846A8470028BCD0BCE70424BAE7032499
:10638000B8E700BF08650024964007086441070885
:1063900038B50446154600F05FFD0A4B4022002147
:1063A0002360903304F11400636011F0D9FE4FF0C4
:1063B000FF33A3651DB129462046FFF74BFC20465D
:1063C00038BD00BFD841070810B50446EEF7C0FA43
:1063D000204610BD10B504460021EEF7B6FA20465F
:1063E00010BD10B50446FFF7F5FF204610BD10B5EF
:1063F0000446F0F75FF9204610BD08B5F3F7ECFE50
:106400000068003818BF012008BD0000044BC360BD
:1064100003460A6843F8042B002242605A60704722
:10642000B041070813B50446019121B9F0F73CF9D2
:10643000204602B010BD01A9FFF7E8FFF8E7000011
:106440002DE9FF410546174600F104080E4671B9D3
:106450006846FFF7C6FF2F6069464046FFF7C7FF53
:106460006846FFF7B1FF284604B0BDE8F08110464A
:10647000303612F025FC0430FAF7C8F93A23044606
:10648000394643702F230670033000F8013C12F0A8
:10649000A5FB03496846FFF7C5FF2C60DCE700BF9A
:1064A000D95D050808B50348F5F784F8BDE808404C
:1064B000FAF7C4BCE064002408B50348F5F77AF89D
:1064C000BDE80840FAF7D8BCE064002408B50348EA
:1064D000F5F770F8BDE80840FAF7CEBCE064002498
:1064E0002DE9F04F9246A1B00022044609A81146BA
:1064F000FFF74EFF09A8FFF7D5FF236820469B68EA
:106500009847834610B1FFF7E1FF30E0236820464B
:10651000DB6A984703182046029341EB010303937B
:106520002368DDE90212CDE900120022D9690023B7
:1065300088472368834618B1DB6820469847E2E71E
:106540005B6B2046984700283CDA236820469B6A0C
:1065500098470546894611F0B3F9804670B923681B
:106560006FF00B0B2046DB689847FFF7AFFF09A8D9
:10657000FFF704FE584621B0BDE8F08F0026002743
:106580002A46FF2111F0ECFD2368DDE90212974253
:1065900008BF8E4213D2324641462046CDE900590B
:1065A000D3F818B03B46D847834620B1404611F097
:1065B0008FF92368C0E7761947EB0907E4E74046FF
:1065C00011F086F9236820461D6A9B6B98470023CB
:1065D0000022CDE900012046A847236883462046D3
:1065E000DB68BBF1000FA9D19847834600288AD108
:1065F0000246214609A8FFF769FD8346002882D19B
:106600000F23024605A9CDF820A0ADF814304FF4B1
:106610008053CDE906001EA8FEF7A2FE044609A895
:1066200044B1FFF7A1FBFFF751FF2046FFF70AFB3C
:1066300083469CE7FFF798FB834664E7F8B5036859
:10664000044617460E46DB6F9847A36D5A1C0BD0C5
:1066500016B9144A52F82360236820469B6A98476B
:10666000054608B1236811E046B923686FF01205AA
:106670002046D3F8803098472846F8BDFB173A46A5
:106680003046FFF72DFF2368054620B1D3F8803050
:1066900020469847F0E75B6A314620469847054612
:1066A000E0E700BF0865002470B504460D46FFF71B
:1066B000A4FE28B940F2022206490748F9F748F833
:1066C000E068FFF78CFC294603462046BDE8704091
:1066D000184700BF9C120708280D070808B5FFF7E8
:1066E000E3FF08BD38B5051D04462846FFF785FEC3
:1066F00018B121682846FFF7F1FF2846FFF764FE2E
:10670000204638BD30B587B004460A46816D01A8E1
:10671000FFF796FE23682046DB6F98470198FEF747
:1067200072FC236805462046D3F880309847072D31
:1067300009D02846FFF786FA044601A8FFF7D2FFE2
:10674000204607B030BD6FF05904F6E730B58BB086
:10675000044615460A46816D6846FFF771FE2A46D3
:10676000A16D05A8FFF76CFE23682046DB6F9847F4
:1067700005990098FEF747FD236805462046D3F8A3
:10678000803098472846FFF75DFA044605A8FFF7D2
:10679000A9FF6846FFF7A6FF20460BB030BD30B515
:1067A00087B004460A46816D01A8FFF749FE2368B9
:1067B0002046DB6F98470198FEF78BFC236805465F
:1067C0002046D3F8803098472846FFF73BFA044626
:1067D00001A8FFF787FF204607B030BD70B5CCB0E9
:1067E000054616460A46816D01A8FFF729FE2B686B
:1067F0002846DB6F98474FF48C72002106A811F0F1
:10680000AFFC06A90198FEF728FB2968044668B189
:10681000D1F88030284698472046FFF713FA0446FF
:1068200001A8FFF75FFF20464CB070BD9DF8202007
:1068300040F2FF10069B12F0100F336114BF4FF4AB
:1068400080434FF4004312F0010F40F26D1208BF75
:106850000246284613437360D1F880309847DFE73B
:106860002DE9F04188B0054604301E460F460192DE
:10687000F8F750FA2820F9F7B1FFA96D8046019A80
:1068800003A8FFF7DDFDB00756BF06F0010403249F
:106890000134B10505D572054CBF44F0080444F03D
:1068A000100433072B68284648BF44F03004DB6FE0
:1068B0009847039922464046FDF724FF2B6804467B
:1068C0002846D3F880307CB1984728214046F9F714
:1068D000B9FF2046FFF7B6F9044603A8FFF702FF09
:1068E000204608B0BDE8F0819847C7F80080F4E77B
:1068F000F0B5054689B030200F460192F9F76EFFDA
:10690000019A0646A96D03A8FFF79AFD2B68284651
:10691000DB6F984703993046FEF71EFA2B68044652
:106920002846D3F8803098476CB130213046F9F7CB
:1069300089FF2046FFF786F9044603A8FFF7D2FE39
:10694000204609B0F0BD3E60F7E7036808681847C5
:1069500007B5019101A9FFF7F8FF03B05DF804FB4B
:1069600038B5436804460D4643B90B6800F1080189
:106970002846DB6D984700B9656038BD6FF015009B
:10698000FBE710B50446406830B10368A1681B6E90
:1069900098470023636010BD6FF01500FBE700000F
:1069A000044B10B50360044643680BB1FFF7E9FFE1
:1069B000204610BDA842070810B50446FFF7F0FFB7
:1069C0000C212046F9F73EFF204610BD43680A46D9
:1069D00010B523B94B2206490648F8F7B9FE1968E5
:1069E0008C6E816818462346BDE81040184700BFEA
:1069F000944207089C420708436810B523B9512206
:106A000005490648F8F7A4FE1A6881681846D26E50
:106A1000BDE81040104700BF944207089C42070899
:106A2000436810B523B9572205490648F8F790FE88
:106A30001A6881681846126FBDE81040104700BF01
:106A4000944207089C420708436810B523B95D22A9
:106A500005490648F8F77CFE1A6881681846526FA7
:106A6000BDE81040104700BF944207089C42070849
:106A700042680B4670B5044622B9442209490A48C7
:106A8000F8F766FE40F201120021184611F068FB8B
:106A900003466068A1680268556E1A462B46BDE839
:106AA00070401847944207089C420708024A026057
:106AB0000022C0E901227047A842070870B50D46C0
:106AC0004168044641B929680E6B00F10801284667
:106AD000B04700B9656070BD6FF01500FBE710B5F9
:106AE0000446406830B10368A1685B6B9847002397
:106AF000636010BD6FF01500FBE70000044B10B59C
:106B00000360044643680BB1FFF7E9FF204610BD60
:106B10000443070810B50446FFF7F0FF0C21204698
:106B2000F9F790FE204610BD70B54468134624B9AD
:106B3000442206490648F8F70BFE2268956B0A4680
:106B400081682046AC46BDE870406047F0420708C7
:106B50009C42070870B54468134624B94A22064986
:106B60000648F8F7F5FD2268D56B0A46816820468D
:106B7000AC46BDE870406047F04207089C420708F9
:106B8000436810B523B9502205490648F8F7E0FDDF
:106B90001A6881681846126CBDE81040104700BFA3
:106BA000F04207089C420708436810B523B95622F3
:106BB00005490648F8F7CCFD1A6881681846526CFA
:106BC000BDE81040104700BFF04207089C4207088C
:106BD00070B54468134624B95C2206490648F8F7A4
:106BE000B7FD2268956C0A4681682046AC46BDE830
:106BF00070406047F04207089C420708436810B5A0
:106C000023B9622205490648F8F7A2FD1A6881688F
:106C10001846D26CBDE81040104700BFF04207088C
:106C20009C420708436810B523B968220549064805
:106C3000F8F78EFD1A6881681846126DBDE810409D
:106C4000104700BFF04207089C420708436810B590
:106C500023B96E2205490648F8F77AFD1A6881685B
:106C60001846526DBDE81040104700BFF0420708BB
:106C70009C42070843680A4610B523B974220649A6
:106C80000648F8F765FD19688C6D8168184623463B
:106C9000BDE81040184700BFF04207089C420708B3
:106CA000024A02600022C0E901227047044307083B
:106CB0006FF0570070476FF0570070476FF0570044
:106CC0007047002070470368002210B49C6C0123B9
:106CD000A4465DF8044B6047036810B49C6C002325
:106CE000A4461A465DF8044B604703682DE9F0415D
:106CF0000446DB6C0D469847236807462946002268
:106D00009E6C20460223B047236806463A46D3F8D5
:106D10004880294600232046C0473046BDE8F08120
:106D20006FF05700704770470020704703680022DB
:106D30009B6E184703682DE9F041DB6E04460D4653
:106D40009847804640F20110F9F748FD2368002774
:106D500006461B6F29462046984723683246294637
:106D600020465B6E9847002801DD0137F5E7236870
:106D70004246294620469B6E9847304640F2011114
:106D8000F9F760FD3846BDE8F0810000034B10B50F
:106D900004460360FFF7B2FE204610BD58430708C3
:106DA00010B50446FFF7F2FF0C212046F9F74AFD23
:106DB000204610BD73B505460C200E46CDE90032C5
:106DC000F9F70CFD0446FFF76BFF094920462160E7
:106DD0002946DDE90032FFF771FE054630B1236830
:106DE00020465B689847284602B070BD3460FAE7D9
:106DF00058430708034B10B504460360FFF7D0FD66
:106E0000204610BDAC43070810B50446FFF7F2FF5B
:106E10000C212046F9F716FD204610BD73B5054636
:106E20000C200E460192F9F7D9FC0446FFF73EFE0E
:106E3000084B2946019A20462360FFF791FD05463D
:106E400030B1236820465B689847284602B070BD81
:106E50003460FAE7AC430708074B012210B504463B
:106E600040F8043BF7F75AFF044B204603F10802B1
:106E700088332260636010BD5C1E0708D04307089A
:106E800038B50446FFF72BFE0546236820465B68AD
:106E90009847284638BD38B50446FFF772FD0546C9
:106EA000236820465B689847284638BD7047000035
:106EB00010B5032000F034FF04F0DEFC0F49104A47
:106EC0008B69C3F30323D35C03F01F03D8408B69A2
:106ED00003F00F03D35C0B4A03F01F0320FA03F304
:106EE0001360094B18600F200AF02AFB044618B9FA
:106EF000FFF7DCFF204610BD0124FBE700440258E9
:106F0000AE440708A00E00249C0E002438B50446A9
:106F10000AF01CFB0546631C1EBF044B1B78E418DB
:106F20000AF014FB431BA342FAD338BD940E00248D
:106F3000014B1868000C70470010005C014B18688A
:106F4000704700BF00E8F11F014B1868704700BF91
:106F500004E8F11F014B1868704700BF08E8F11FF3
:106F6000034A536823F4600318435060704700BF1E
:106F700000040058024A136A43F001031362704789
:106F80000004005830B5CC030DD5430900F01F05AF
:106F9000012403F1B063AC4008331B011D68A2B9A2
:106FA00025EA04041C608B030ED500F01F01400984
:106FB000012300018B4000F1B04042B9D0F8842099
:106FC00022EA0303C0F8843030BD2C43EAE7D0F84E
:106FD00084201343F6E730B5CC030DD5430900F008
:106FE0001F05012403F1B063AC400C331B011D6885
:106FF000A2B925EA04041C608B030ED500F01F0122
:107000004009012300018B4000F1B04042B9D0F8A3
:10701000C42022EA0303C0F8C43030BD2C43EAE7A1
:10702000D0F8C4201343F6E730B5CC0D1430C1F3CB
:107030000451072504F004048D4002FA01F123589D
:1070400023EA05030B43235030BD8068C0F3800062
:10705000704770470368454A93422DE9F041044662
:107060000F4620D002F1C0524148424902F5864203
:10707000834208BF0A4625699668082D06F01F0658
:1070800025D0092E11D840F22122F240D1070CD58B
:10709000DB6813F0010F19D0636D012043F020036A
:1070A0006365BDE8F081334AE5E7304A93420BD08F
:1070B0002F4802F54072304983420CBF13460B46FD
:1070C0009B6813F4404FE6E72A4BF9E704250AF0E2
:1070D0003DFA804623681A682A4220D0626D42F445
:1070E00000726265DA6812F4406F0FD1627D6AB98E
:1070F0001A6810070AD5626D22F480726265626DAB
:10710000D10403D4626D42F001026265184A9342D1
:1071100021D0D868082D18D11D600020C1E77A1C45
:10712000D9D00AF013FAA0EB0800B84201D8002F1A
:10713000D0D123681B682B40CCD1626D032084F82A
:10714000503042F004026265ABE710F48040E4D1B5
:107150000C221A60A5E7092E05D840F2212222FA56
:1071600006F6F207D5D4014AD068D3E700200240E2
:107170000021024000230240006302580368186C9B
:10718000704700000023F7B50193054690F8503092
:107190000C46012B00F09C81012380F850300068E0
:1071A000FFF753FF002840F08D810A68C2F31300F7
:1071B000C2F3846100286CD18B4028681F27C26904
:1071C00000F1300C13436268960902F01F02C3619C
:1071D00006F00C06974001FA02F256F80C3023EA4A
:1071E0000703134346F80C30FFF72FFF2F68BB68E7
:1071F00003F0080353EA000641D1A268384621682B
:10720000FFF712FFB34B62691B6803F07043B3F1E1
:10721000805F2B68D96845D1C1F382014900D4F859
:1072200010C002FA01F12068BCF1040F42D003F152
:10723000600700F0F84057F82C2002F000420243AB
:107240000A4347F82C202169627E012A57F8212041
:107250000CBF4FF00040002022F00042024347F8EC
:107260002120217E22690129186902F01F0208BF2E
:107270004FF4006620F4F040964006431E612868F3
:107280008368DA073DD50020002385F8503003B02D
:10729000F0BD92FAA2F3B3FA83F303F01F000123C7
:1072A00083408AE711F0100FD968B5D0490801F082
:1072B0000801B4E71A6E810602F0F842B2EB806F63
:1072C00003D11A6E22F000421A665A6E02F0F8429A
:1072D000914203D15A6E22F000425A669A6E02F031
:1072E000F842914203D19A6E22F000429A66DA6E19
:1072F00002F0F8429142C2D1DA6E22F00042DA6620
:10730000BDE7E668236806F0180C734AD0F8C01091
:10731000C3F3130722FA0CF221EA07011A400A43C9
:10732000C0F8C0206D4A964246D1E7B9990E0131A6
:1073300001F01F068906092E01F0F8424FF0010105
:1073400001FA06F12AD91143002F40F085809A0EE8
:10735000013202F01F0202EB42031E3B1B0543F009
:107360000073194325E093FAA3F636B1B6FA86F115
:107370004A1C02F01F02092A62D893FAA3F1B1FA5B
:1073800081F10131890601F0F84293FAA3F1B1FAD3
:1073900081F1013101F01F060121B1401143002F9D
:1073A00049D19E0E013606F01F0606EB460636054D
:1073B0003143A268FFF738FE21680029BFF663AFAA
:1073C0002A68474B47489A42474C03D0474EA2424F
:1073D00018BF30469A42806801D0A24241D1404B4A
:1073E0009E68A3683343DB4303F00103002B63D0A3
:1073F0003F4B00F0E074994236D103023FF543AFB2
:107400003C4B9A427FF43FAF384A936823F0E073D5
:10741000234343F400039360374B384A1B68B3FBA4
:10742000F2F301335B000193019B002B3FF42BAF80
:10743000019B013BF7E793FAA3F6B6FA86F6B1E7AC
:107440000131B6FA86F6890601F0F842711C01F0A6
:107450001F060121B14076E793FAA3F2B2FA82F255
:1074600076E7244B9B68BEE7254B994210D110F07C
:1074700080707FF408AF1F4B9A427FF404AF1B4A21
:10748000936823F0E073234343F080739360FBE63B
:107490001C4B99427FF4F7AE10F480007FF4F3AEFA
:1074A000144B9A427FF4EFAE104A936823F0E073D6
:1074B000234343F48003E9E76B6D012043F020038D
:1074C0006B65E1E66A6D184642F020026A65DBE60C
:1074D0000220DCE60010005CFFFF0F000000FF4709
:1074E00000200240002302400021024000630258B5
:1074F000000084CB006002589C0E0024400D030065
:10750000000052C70000B8CF70B504460068FFF70E
:107510009CFD23689A6802F00802024301D1002012
:1075200070BDDA6890012BD5A08A40F2011290421A
:1075300026D1284A1968490616D5402201211A6029
:107540001846FFF782FD58B1226893689E0707D45A
:10755000936823F0004323F03F0343F0100393604C
:1075600001290FD1042522E0013AE3D1636D012006
:1075700043F010036365A36D43F00103A365CFE7F8
:107580000229DDD12268936818070AD593689B0702
:1075900007D4936823F0004323F03F0343F0200314
:1075A0009360022914D0032914BF04250C2509F087
:1075B000CDFF064623689B682B42B0D009F0C6FF7A
:1075C000801B0528F6D923689B682B42F2D0CDE7B3
:1075D0000825ECE701DC0C0002689368D90770B558
:1075E000044601D5002070BD9168224B194209D094
:1075F000636D012043F010036365A36D43F0010345
:10760000A365F0E7936823F0004323F03F0343F0C2
:107610000103936009F09AFF2268174B054617494A
:107620009A420ED003F1C053154803F586438A42AF
:1076300008BF03468A429B6801D1DB06D2D1114EB6
:1076400012E00F4BF6E79368DB0704D493683340EE
:1076500043F00103936009F079FF401B022803D92E
:1076600023681B68D807C3D522681368D907EAD5F1
:10767000B8E700BF3F000080002002400021024028
:1076800000230240C0FFFF7F3B4B70B504460068FB
:10769000984257D003F1C0533849394A03F586431D
:1076A000884208BF13469E68FFF7CFFC05460028B6
:1076B0005BD194F85030012B57D00123204684F839
:1076C0005030FFF789FF00284CD1636D06F01F0290
:1076D0002A4923F4706323F0010343F48073636544
:1076E00023688B4243D01946656D25F48015656586
:1076F000656D15F4805502D0A56D25F00605A565CC
:107700001C258B421D604FF0000584F8505007D0B7
:10771000092A19D840F2212525FA02F2D50713D5F6
:10772000DA68920105D5626D22F4405242F480522B
:1077300062659A6822F0004222F03F0242F00402A1
:107740009A6070BD0E4BAEE7636D43F480136365C2
:10775000CB689B01F5D5636D23F4405343F480530C
:107760006365EEE784F85050EBE70220E9E7024951
:10777000002AB9D0BCE700BF00200240002102402F
:1077800000230240026838B5936804469168C80730
:1077900001D4002038BD9907FBD4936803F00D0392
:1077A000012B19D1936823F0004323F03F0343F0EA
:1077B000020393600323136009F0C8FE05462368A3
:1077C0009B68DB07E5D509F0C1FE401B0228F6D90E
:1077D00023689B68DA07F2D5636D012043F010033C
:1077E0006365A36D43F00103A365D3E710B590F87B
:1077F00050300446012B16D00123032180F850306D
:10780000FFF782FE58B92046FFF7BCFF38B9636D19
:1078100023F4885323F0010343F00103636500233D
:1078200084F8503010BD0220FCE7000038B5434A10
:1078300005460368934203D002F58072934218D143
:107840003F4B9B6813F4403F14BF012300230BB34D
:1078500004F0D8F96B680446B3F5003F05D0B3F5E2
:10786000403F08D0B3F5803F06D11B0CB4FBF3F4C6
:1078700002E0344BE5E78408FFF75AFB41F20303CB
:1078800098422B6840D8304A94429A6838D942F4DA
:10789000807237E04FF4002005F06CFA6B68044604
:1078A000B3F5101F28D01DD8B3F5E01F22D014D88F
:1078B000B3F5801F08D00AD8B3F5002F04D023F405
:1078C0000022B2F5802FD7D19B0C5B00CEE7B3F539
:1078D000A01FF9D0B3F5C01FF5E7B3F5001FCBD15A
:1078E0004409C9E7B3F5201F08D0B3F5301FC3D151
:1078F000040AC1E70409BFE78409BDE7C409BBE77F
:1079000022F480729A6038BD104A944203D89A6873
:1079100022F44072F6E70E4A944203D89A6822F4A1
:107920004072B4E70B4A94429A6896BF22F44072C0
:1079300042F4407242F40072E4E700BF00200240CB
:107940000023024000630258002D310121BCBE001B
:1079500041787D0181F0FA02002373B5044601935A
:10796000002800F0ED80456D25B9FFF772FBA56595
:1079700084F85050206883689D0005D5836823F003
:10798000204323F03F0383608368D90040F198804F
:107990008368DA0000F1AA80636D012543F01003CB
:1079A0006365A36D43F00103A365FFF74EFB636DB1
:1079B00003F010030343636D40F0BF8023F4817331
:1079C000226843F0020363659368DB070CD45D49CA
:1079D0005D488A4202D0824240F08A808E68836885
:1079E0003343DE0740F18B80FFF7A2FA41F2030335
:1079F000226B9842217F607DA36840F29080102B1B
:107A000040F08D800B0443EA4033134343F01C03E2
:107A1000012902BF226A02F1FF3243EA4243626A4D
:107A200022B102F47872A16A0A4313432068474ADC
:107A3000C1680A401343C360FFF707FB22689368DD
:107A400003F00803034327D1D368217D23F4804347
:107A500023F0030343EA8133E16A0B43D36094F8D4
:107A60003830012B61D1E36B1069591ED4E910360F
:107A7000334343EA0143A16C0B43354901400B43B7
:107A800043F00103136120461369616B23F07043D7
:107A90000B431361FFF7CAFEE3682268012B48D14C
:107AA000116BA36921F00F01013B0B431363636D5D
:107AB00023F0030343F001036365284602B070BD61
:107AC0008368244A23F0104323F03F0343F080539C
:107AD0008360214B1B68B3FBF2F301330193019BDD
:107AE000002B3FF455AF019B013BF7E700255CE716
:107AF0001A4B9B68DB073FF577AF194B06E08A42CC
:107B00000BD0174B1749824208BF0B469A68616831
:107B100022F47C120A439A6066E7124BF6E713439D
:107B200043EA403343EA014372E7136923F0010358
:107B3000A8E7136B23F00F03B8E743F01003636566
:107B40000125BAE7002002400021024003C0F0FFF7
:107B50001EF800FC400D03009C0E0024006002583B
:107B600000630258002302408068C0F38000704721
:107B70000023F7B50193044690F850300E4617469F
:107B8000012B3FD0012380F85030FFF7FBFD002888
:107B900034D1656D07F08047226806F4803625F4FD
:107BA0008855194B25F0020545F002056565916879
:107BB0000B4016493B43334343F0004393609368C3
:107BC000002B11DA019B01330193019B8B42F6D309
:107BD000636D012023F0120343F01003636500235B
:107BE00084F8503003B0F0BD636D23F0030343F01D
:107BF00001036365002384F85030F3E7636D43F0BD
:107C00001003F6E70220EDE7C0FFFE3F00F8C325B2
:107C1000F0B590F850209BB00346012A73D00122A2
:107C20003A4C80F8502000201D681690A54217900D
:107C300008D0596D83F85000104641F02001596575
:107C40001BB0F0BD324E3046FFF78EFF0446186879
:107C5000FFF78AFF204330464FD11A68AA4222D04C
:107C60002C4D2D4CB24218BF2C46D1F800C0274FE6
:107C7000BCF1000F27D0A668BA424D6826F44046F2
:107C800046EA0506A66001D082420ED11F4A9668D8
:107C900082683243D24302F001024AB90020002236
:107CA00083F85020CCE71C4CDFE71C4A9268F1E7D0
:107CB000A268896822F471624CEA010522F00F0281
:107CC0001543A560EAE7A168BA4221F44041A160EA
:107CD00001D082420ED1B96882680A43D24302F0D1
:107CE0000102002ADAD0A26822F4716222F00F02A7
:107CF000A260D3E7094A9268F0E7596D104641F057
:107D000020015965CBE702209AE700BF002002401E
:107D10000021024000630258002302400060025824
:107D200007490302CA6803F4E06322F4E062120424
:107D3000120C134343F0BF6343F40033CB6070472E
:107D400000ED00E0164B30B5DC68C4F30224C4F14A
:107D50000705231D042D28BF0425062B4FF0FF33F4
:107D60008CBF033C002403FA05F5002803FA04F352
:107D700021EA050122EA030201FA04F141EA0203C1
:107D80004FEA0313DBB206DB00F1604000F561400F
:107D900080F8003330BD00F00F00024A1354F9E7B9
:107DA00000ED00E014ED00E0002808DB01234209AB
:107DB00000F01F0003FA00F0014B43F82200704767
:107DC00000E100E000280DDB4309012200F01F0064
:107DD000203302FA00F0044A42F82300BFF34F8F29
:107DE000BFF36F8F704700BF00E100E0BFF35F8F0C
:107DF000044A536A23F4803353620022024B5A60D0
:107E0000704700BF00ED00E090ED00E0064A40F052
:107E10000100064B5860536A43F480335362BFF34A
:107E20004F8FBFF36F8F704700ED00E090ED00E0E3
:107E30004378124A10B593600178D9B14368D36092
:107E4000C37A047B1B0643EA04730B43817A43EA3B
:107E5000C143417B43EA8143817B43EA4143C17B88
:107E600043EA0143417A43EA0123017A43EA4103A9
:107E7000136110BDD1601161FBE700BF90ED00E020
:107E8000044B1B68C3F30313072B0CBF0320012013
:107E9000704700BF00ED00E010B528B190F8353014
:107EA000022B03D08023436501207FE00368504A02
:107EB000934252D04F498B424FD018318B424CD015
:107EC00018318B4249D018318B4246D018318B4241
:107ED00043D018318B4240D018318B423DD001F550
:107EE00056718B4239D018318B4236D018318B42C3
:107EF00033D018318B4230D018318B422DD018310D
:107F00008B422AD018318B4227D018318B4224D093
:107F10001A6822F00E021A601A6822F001021A6032
:107F2000354A934243D1026E136823F48073136081
:107F3000D0E9161303F01F02012393404B60D0E9F0
:107F400019325A60C36E002B46D01A6822F4807230
:107F50001A60D0E91C325A603EE00421934280F856
:107F600035101ED0234A93421BD01832934218D0AA
:107F70001832934215D01832934212D018329342DD
:107F80000FD0183293420CD01832934209D002F528
:107F90005672934205D01832934202D0183293425F
:107FA000FFD01A6822F001021A60002010BD134AA7
:107FB0009342B8D014329342B5D014329342B2D027
:107FC00014329342AFD014329342ACD01432934265
:107FD000A9D014329342A6D00123002480F8353072
:107FE000036D80F834400BB19847DEE71846DDE7B3
:107FF0001000024028000240085402581C54025845
:1080000090F8350070478B680A682DE9F04F1A43E5
:108010000B7C85B091F804A0002B91F80C9091F89E
:108020000D800CBF4FF40023002391F80EE0019364
:108030004B7C91F80FC0002B8E7C0D7F0CBF4FF452
:108040000033002391F81DB002934B691A438B69EA
:1080500013438A7F002ACA7F039208BF4FF48067C8
:1080600091F8202018BF0027002A026810680CBF72
:108070004FF4807400240090486A0343C86A0343A5
:10808000009820F07F4020F47B0020F4FE4020F098
:108090007C000343039843EACA6343EAC95343EAB3
:1080A000885343EA4E5343EA0C5343EA064343EAF8
:1080B000053343EACB2391F828B043EA40230198E3
:1080C00043EA0B130343029803433B431C431460EE
:1080D000CE6B91F8323091F83870002B536891F8DC
:1080E000305023F07C5391F831400CBF4FF4803076
:1080F000002023F4EF2323F4FF6323F0070343EA74
:1081000046634E6B33438E6C43EA076343EA854311
:108110000D6D43EA44430343486C5360D36823F432
:10812000877323F00103034391F8400043EA0023DF
:10813000D36091F84C3091F85440002B136F23F02A
:10814000F2030CBF802000201B041B0C43EA0643F3
:108150002B43CD6D43EA440303431367D2F89000E9
:1081600091F8563020F00300034391F8550043EA9C
:108170004003886DC2F89030D2F8003D23F07203BE
:108180000343C2F8003D91F8603091F86140002B44
:10819000D2F8303D91F8621023F07B030CBF4020F1
:1081A00000202B4343EA041343EAC1030343C2F80C
:1081B000303D05B0BDE8F08F026802F580500368DD
:1081C00023F4F04330B523F002030C68234341F25B
:1081D000040403600B7B10590D79DB0320F450403D
:1081E00043EA05338D6820F001002B43034313510C
:1081F00002F58854487B0B6A256843EA004310481F
:1082000028400343236041F204144B7F087D1B0385
:10821000155943EA0013086903430A4828400343F9
:10822000135141F208140D7F10598B6920F0004161
:1082300043EAC57321F47C110B43135130BD00BFD9
:1082400000C0FEFFEFEFC0FF2DE9F04FD0F840E097
:1082500085B000EB8E0302929A69D468002C03DA91
:10826000022005B0BDE8F08F5B6C002BF8D10D68E3
:108270008F6815F0040C28D0D4684B6A240C2404B1
:1082800023430468D360D36843F48033D360236E00
:1082900043F4801323662B0717D59668CB6AB6B2D2
:1082A00046EA03439360D36843F40033D360D6684F
:1082B0000B6B26F440263343D360636E43F4801384
:1082C0006366236D43F08063236515F010090BD0BE
:1082D00094688B6924F47F5424F03F042343936013
:1082E000D36843F08063D36015F0140418D0D368CA
:1082F0000EF1010643F08043092ED36088BFAEF132
:108300000906D36843F00043D36000EB86039B6902
:10831000DC68002C7EDAD36823F00043D3609FE74B
:1083200013467646013401943C681C609C6824F432
:108330007F587C6828F03F0848EA0404DFF8008290
:108340009C60BC68002C67D027685F609F6807EA64
:108350000808676848EA07479F60DF68B9F1000FBF
:1083600061D027F4F0080F6A48EAC747DF60DF688A
:108370004FEA9748CF694FEA884848EA0707DF6025
:10838000DF6847F48027DF60BCF1000F06D09F68EC
:1083900027F4404C8F6A4CEA07079F60DF6847F07C
:1083A0000057DF60DF6827F08047DF60DF6847F055
:1083B0000047DF60AF0706D5DF6827F0607CCF6835
:1083C0004CEA0707DF6005F001050027DFF8708140
:1083D000DFF870A10395019D07EB050BA568002D43
:1083E0003BD1029A002A00F0A7809A6842F000422E
:1083F0009A60DA6842F08052DA6000EB8603C26E5F
:108400005A64066472B6036F01331F44076762B68D
:10841000002026E7012485E75C609C6804EA0804E4
:108420009C603C4699E727F4FF484F6828F07F0896
:1084300048EA0707DF60EF0706D5DF6827F4403812
:108440004F6948EA0707DF60AF069DD5DF6827F070
:1084500040680F6948EA070795E706F1010CDC68F8
:10846000BCF1090F24F0805488BFA6F1090CDC6030
:1084700000EB8C06B369DC6824F00054DC60DC6837
:10848000002C01DB746C9CB100230EE0D168013339
:1084900021F00041D1600EF10101092988BFAEF140
:1084A000090100EB81028E4692699B45EED1D7E629
:1084B0002C681C609E686C6826F47F5626F03F0688
:1084C00034439C60AC6804B325685D609E68656851
:1084D00006EA080646EA05459D60DE68B9F1000F28
:1084E0001AD0CD6906EA0A063543DD60DD6845F439
:1084F0008025DD60DD680137664645F00045DD60BA
:10850000DD6825F08045DD6065E75C609C6804EA15
:1085100008049C602C46E0E726F4FF464D6826F0F0
:108520007F063543DD60039D002DE3D0DE684D6995
:1085300026F440363543DCE79A6822F0004257E7DC
:10854000FFFF00C00000FCFF0AB1032904D901238A
:10855000C0F8A4301846704700EB8101496F0A60EB
:108560000A61CA6842F08072CA602BB18B604B61AD
:10857000CB6843F00073CB60CB68002043F000432E
:10858000CB607047D0F89C10102910B52AD1232356
:1085900041F20414C0F89C3003681A6842F00202E9
:1085A0001A601A6842F001021A60D3F8002D42F0F6
:1085B0000102C3F8002D1A5942F001021A5141F28A
:1085C00008141A5942F001021A5103F58B531A6824
:1085D00042F481721A602223C0F89C10C0F8A030C7
:1085E000002010BD0120FCE7D0F89C30102B10B506
:1085F00042D1232300F18404C0F89C3000F17403BD
:1086000053F8041BCA68A34242F08042CA60F7D103
:10861000012341F20411C0F8943003681A6842F053
:1086200002021A601A6842F001021A60D3F8002DA3
:1086300042F00102C3F8002D5A5842F001025A508C
:1086400041F208115A5842F001025A5003F58B5179
:108650000A6842F481720A6041F234115A5842F4B5
:10866000504242F041025A501023C0F89C3022235D
:10867000C0F8A030002010BD0120FCE7D0F89C30ED
:1086800023B3232341F20411C0F89C3003685A58E5
:1086900022F001025A5041F208115A5822F0010208
:1086A0005A501A6822F001021A60D3F8002D42F0E5
:1086B0000102C3F8002D1A6822F002021A6010238A
:1086C000C0F89C30C0F8A0300020704701207047EF
:1086D000F8B50446154639B9D0F8A43043F0010383
:1086E000C4F8A430012025E0D0F89C30102BF9D13B
:1086F0000022FFF7A9FD20B1D4F8A43043F0020313
:10870000EEE7236C9A1D54F822705A1C092A8ABF7E
:10871000093B22642364226C2368063203F58953E3
:1087200054F822201A6008F011FF0646FB68002B5F
:1087300001DB0020F8BD236803F58B531A68D204CF
:108740000CD5D4F8A42042F00802C4F8A4201B6879
:10875000C4F8A830E023C4F89C30C3E76B1CE5D014
:1087600008F0F4FE801BA84201D8002DDED1D4F819
:10877000A43043F00403C4F8A430EBE7F0B5D0F81C
:108780008C50002D3ED1D0F884102A462C46052767
:1087900000EB81035E6FF368002B01DB013F33D1F7
:1087A0006CB300EB82034FF08076671E5B6FC0E90D
:1087B0002112196919605969DE6021B19960D9687F
:1087C00041F00071D960D96841F00041D960D0F81A
:1087D000941019B1D96841F08041D960AF4207D9EE
:1087E000511C032988BFD11E00EB81030A465B6F31
:1087F0000135AC42DDD1016841F228128B500023D3
:10880000C0F88C30002023E0D6F80CC04B1C1CF0C4
:10881000805F1ED0002C08BF0A46032B04F101051F
:1088200088BFCB1E00EB8301496FCC68002C0ADBAC
:10883000C9684F0007D50121C0F8901059180329C5
:108840008CBF033B0B46C0F88C50C0E9213201209D
:10885000F0BDF668B6000AD5032B4FF0010488BFBF
:10886000CB1E00EB8302566F0A46194693E7032B93
:1088700004F1010488BFCB1E00EB83014E6FF4E7C7
:10888000F8B505460C4619B90120C5F8A400F8BD95
:10889000D0F88C30C3B1D5F888100026D5F88C20DC
:1088A00005EB8103686902F1FF3C37465B6FBC450D
:1088B00010D8DA681969C2F30E022160921B904247
:1088C0001FD362600020E2E7FFF758FF0028E2D1E3
:1088D0000120DCE71A69C4E900205A691AB1A468CA
:1088E0005A69C4E900204A1CDE68A4680137032ADB
:1088F000C6F30E0688BFCA1E05EB820311465B6FE6
:10890000D5E759690029E3D0A168121A5B69606054
:108910000B604A60D6E770B5D0E9225304460E4694
:1089200073B1D4F88C302B44581E03280ED804EBB6
:1089300080040020636FDB68C3F30E03336070BDF7
:10894000FFF71CFF0028ECD10120F8E7581FEEE7E5
:10895000D0F88C20F0B5002A39D0D0F8903003B18F
:108960000132D0F8884000214FF08076571E00EB8E
:1089700084035B6F8A4208D1016841F228128B5050
:108980000023C0E923331846F0BD1D691D60DE6079
:108990005D692DB15D699D60DD6845F00075DD6044
:1089A000DD6845F00045DD60D0F894501DB1DD680C
:1089B00045F08045DD608F4207D9651C032D88BFD7
:1089C000E51E00EB85032C465B6F0131D2E70120E9
:1089D000DAE770477047704770470000036803F597
:1089E0008B521268520610B504460CD541F234126F
:1089F0009B58590607D5F2F7BDFA236848F24002A2
:108A000003F58B531A60236803F58B521268D20763
:108A10000DD541F234129B58D80708D52046FFF7F0
:108A2000D8FF236848F2010203F58B531A602268CD
:108A300002F58B531968490420D541F2341150587E
:108A400040041BD5D4F8A40040F00800C4F8A400EA
:108A50001868C00459D51B6823F46F6323F00D0315
:108A6000DB04DB0CC4F8A830535823F440435350C4
:108A7000E023C4F89C302046F2F78CF82268D2F844
:108A8000B03003F4C043B3F5C04F0CD1D2F8B830C6
:108A90002046C4F8AC30E023C4F89C30F2F786F8E6
:108AA0000023C4F8AC302368D3F8B020D0060BD52F
:108AB000D3F8C030204603F06003C4F8B030FFF7AD
:108AC00089FF0023C4F8B0302368D3F8B0209106A2
:108AD0000BD5D3F8C030204603F00F03C4F8B430F0
:108AE000FFF779FF0023C4F8B430FFF7C9F9032872
:108AF0000CBF0A4B0A4B9A6A520205D54FF480020A
:108B000020469A62FFF768FF10BD1A6802F4CD4252
:108B1000C4F8A8204FF4CD421A60ACE7800000589A
:108B2000C000005870B51E4603680546D3F8000221
:108B3000C00701D5012070BDD3F8004224F078743D
:108B400044EA415121F4F81141EA024242F00D0297
:108B5000C3F8002208F0FAFC04462A68D2F8003272
:108B600013F0010305D1D2F80422184692B2326004
:108B7000E1E708F0EBFC001BB0F57A7FEDD9D9E70F
:108B800038B505460068D0F80042E40701D5012059
:108B900038BDD0F800429BB224F0787444EA4151C9
:108BA00021F4F81141EA02420D4922F00C02C1F809
:108BB000043242F00502C1F8002208F0C7FC044666
:108BC0002B68D3F8003213F0010301D11846DFE718
:108BD00008F0BCFC001BB0F57A7FF1D9D7E700BFE5
:108BE00000800240002900F0C180036800201A685C
:108BF00002F00C02CA621A68C2F3001281F828203F
:108C00001A6802F060024A621A6882F48072C2F343
:108C1000002281F820201A68C2F34022CA771A681D
:108C200082F48062C2F380228A771A68C2F3C0227B
:108C30004A771A68C2F300320A771A6802F40052BF
:108C40008A611A6802F480424A611A68C2F30042DB
:108C50008A741A6882F40032C2F340424A741A6875
:108C600082F40022C2F3C0420A741A68C2F30052AE
:108C7000CA731A68C2F340528A731A68C2F38052E8
:108C80004A731A68C2F3C0520A731A6802F0E062AB
:108C90008A601A68C2F3C0620A711A6802F0E04280
:108CA0000A605A68C2F30D024A635A6882F480323D
:108CB000C2F3004281F832205A68C2F3404281F880
:108CC00031205A68C2F3804281F830205A68C2F3DA
:108CD000006281F838205A68C2F34462CA63DA68D5
:108CE000C2F3002281F84020DA6802F00F024A64E1
:108CF0001A6FC2F3400281F854201A6F82F080028A
:108D0000C2F3C01281F84C201A6F02F070020A659B
:108D10001A6F120C8A64D3F8902002F0010281F8D5
:108D20005620D3F89020C2F3400281F85520D3F8A2
:108D3000002D02F072028A65D3F8302D02F0230272
:108D4000CA65D3F8302DC2F3C00281F86220D3F88F
:108D5000302DC2F3001281F86120D3F8303D83F04A
:108D60004003C3F3801381F86030704701207047DF
:108D700008B539B1D0F8A030102B03D1FFF743F973
:108D8000002008BD0120FCE738B503680546D3F88C
:108D9000004202F037FF124B124A24F4706403447D
:108DA000934205D244F400742B68C3F8004238BDE6
:108DB0000D4B0E4A0344934202D844F44074F3E747
:108DC0000B4B0C4A03449342EED30B4B0B4A034428
:108DD000934294BF44F4807444F48064E4E700BF99
:108DE00000D3CEFEC0E1E40040F1E9FD3F787D0113
:108DF00000796CFC005A6202001F0AFA7FF0FA0246
:108E000070B50446A4B0002800F0AC80D0F89C30C7
:108E10000BB9F1F70BFB2323C4F89C307E4BD3F83E
:108E2000F42042F00202C3F8F420D3F8F430207AA0
:108E300003F002030193019B002840F08380FEF7BA
:108E40008FF8236803F580531A6842F001021A6014
:108E500008F07CFB0646236803F580531D6815F077
:108E6000010572D120460126FFF78EFF02F0CAFEEF
:108E70006A4A23684FF4804114958DF830608DF86C
:108E800054508DF864501A951D958DF86C508DF8DE
:108E90004C60ADF88C608DF88E501F95ADF8805009
:108EA0008DF882501695ADF85C508DF85E600D958A
:108EB0008DF83E501C958DF87860B0FBF2F00138CB
:108EC000C3F8DC004FF4C363022018934FF0405303
:108ED0000B934FF40053CDE910134FF480330BA9DB
:108EE00012932023CDE921034D4B20460E9340F2EF
:108EF0000113ADF83C30FFF786F84FF4001302A9D8
:108F000020468DF80C60069308934FF40673029583
:108F10000A930496ADF814508DF81C50ADF8245007
:108F2000FFF74AF92368606903F588510A6822F45B
:108F3000E01242F400220A6010F0030114D0C4F8D9
:108F4000A4600CE04FF4000079E708F0FFFA801B02
:108F5000B0F5FA7F7FF67FAF0423C4F8A430E02396
:108F6000C4F89C30012055E041F208155A5922F40A
:108F7000FF4222F07E0242EA4002E0685A5100F1CC
:108F8000F00604F118050246116051609160D1604D
:108F900045F8042B1832B242F6D1216441F22C126A
:108FA00009210025995041F214122169985003F5C6
:108FB000895201F16006106004F174000A461560E0
:108FC00055609560D560C2E9045540F8042B18320D
:108FD000B242F4D141F230120320C4F88C50C4E9FB
:108FE0002155C4E92455985041F21C120020995093
:108FF000483141F22812995062689188C3F80013F1
:109000001268C3F804231023C4F8A450C4F89C3099
:10901000C4F8A03024B070BD0044025840420F0094
:1090200000000101D0F89C00704700002DE9F74FC7
:109030000023DFF8BC81DFF8BCC14FF0B0490A68FB
:1090400032FA03F402D103B0BDE8F08F01279F404C
:109050003A4000F0B6804C684FEA430E032524F0F6
:10906000100A05FA0EF50AF1FF36ED43012E10D86D
:10907000866806EA050BCE6806FA0EF646EA0B0687
:109080008660466826EA0707C4F300169E40374309
:109090004760C768BAF1020F8E6807EA050706FA4B
:1090A0000EF646EA0706C66014D14FEAD30A03F06B
:1090B000070B0F2700EB8A0A4FEA8B0BDAF82060C8
:1090C00007FA0BF726EA07070E6906FA0BF63E4386
:1090D000CAF820600668354004F0030606FA0EFE62
:1090E0004EEA05050560E5006BD5D8F8F45023F08D
:1090F000030603F003074FF00F0E45F0020506F1DB
:10910000B046BF00C8F8F45006F58066D8F8F450B1
:1091100005F002050195019D0EFA07F5D6F808A0A5
:109120002AEA050E314DA8424DD005F58065A842CA
:109130004BD005F58065A84249D005F58065A84269
:1091400047D005F58065A84245D005F58065A84261
:1091500043D005F58065A84241D005F58065A84259
:109160003FD005F58065A8423DD005F58065A84251
:109170000CBF09250A25BD40E70345EA0E05B56089
:109180006FEA0206DCF8005054BF35401543A703D0
:10919000CCF80050DCF8045054BF35401543E702CA
:1091A0004FF0B047CCF80450D9F8005054BF3540C8
:1091B0001543A4023D607D6854BF35401543C9F88E
:1091C000045001333BE70025D5E70125D3E702250D
:1091D000D1E70325CFE70425CDE70525CBE7062515
:1091E000C9E70725C7E70825C5E700BF0000025803
:1091F00000440258800000580AB181617047090498
:10920000FBE7704708B5054BD8681A6822EA0002E8
:109210001A605860FFF7F5FF08BD00BF00650258EF
:1092200003689A69910701D500229A629A69D20768
:1092300003D49A6942F001029A61704730B5039DE8
:10924000C1F30901046845EA024260681A43044B0D
:1092500043EA55530A4320EA03000243626030BDEB
:10926000FF63FF03426B0BB210B5164CA24202D053
:10927000154CA24211D1002B0DDB10291ED0202944
:109280001ED00023402901D143F0400301680A6841
:1092900013430B6010BDB823F4E7002BACBF0023D1
:1092A000B823CC0748BF43F0F2038A0748BF43F016
:1092B000F4032029EAD143F02003E7E79023E5E710
:1092C0006023E3E7D99F05084D9E050811F00103CF
:1092D00007D090F8413003F02803282B0CBF42231D
:1092E000F2238A0709D590F8412002F02802282AA3
:1092F0000CBF43F0440343F0F4030A04016848BF81
:1093000043F0B8030A6822EA03030B607047C36A9C
:10931000AA2B02D10023C3627047C36AB3F52A4F58
:10932000FAD14FF00073F6E7704710B504460028F5
:109330004AD090F8413003F0FF021BB980F840207A
:10934000FFF7F2FF242384F8413023681A6822F0E3
:1093500001021A60626822F070621A619A6822F44F
:1093600000429A60D4E90221012924D142F400424A
:109370009A605A68002042F0007242F400425A603B
:10938000DA6822F40042DA60D4E904210A43A169D0
:1093900042EA0122DA60D4E907210A431A601A6816
:1093A00042F001021A602023606484F84130206397
:1093B00084F8420010BD42F4044202299A60D8D1D8
:1093C0004FF400625A60D4E70120F3E737B5044652
:1093D000069894F84150202D43D194F84050012D27
:1093E0003FD00125626284F84050212584F8415025
:1093F000102584F842500025656463851A4BE062AD
:109400006363638D9BB2FF2B15D9FF234FF08072EE
:109410002385236B112B04D1AA2802D0B0F52A4F43
:109420000DD12046FFF773FF638D9BB2FF2B00D851
:10943000E26A0E4B04E0638DE26A2385E9E70023CC
:10944000002520460093134694F82820FFF7F6FEE7
:109450002046012184F84050FFF704FF284603B05E
:1094600030BD0220FBE700BF2B9D050800200080D7
:1094700037B50446069894F84150202D43D194F80E
:109480004050012D3FD00125626284F840502225D2
:1094900084F84150102584F84250002565646385A6
:1094A0001A4BE0626363638D9BB2FF2B15D9FF23D8
:1094B0004FF080722385236B122B04D1AA2802D08F
:1094C000B0F52A4F0DD12046FFF721FF638D9BB2E7
:1094D000FF2B00D8E26A0E4B04E0638DE26A23851D
:1094E000E9E70023002520460093134694F828203E
:1094F000FFF7A4FE2046022184F84050FFF7B2FE99
:10950000284603B030BD0220FBE700BF2B9D0508B5
:10951000002400802DE9F041984690F8413004463F
:109520000F4603F028031646282B04D101B122B9B7
:109530004FF400736364012045E048F20101FFF736
:10954000C5FE90F84030012B3FD0012380F8403019
:1095500090F841302A2B14D10221FFF7B7FE03689F
:109560001A6812040DD51A68C06B22F400421A6002
:1095700038B1174B0365FEF78FFC10B1E06B036D3C
:10958000984729232568002084F84130202384F857
:10959000423060646B6823F400436B606685638DC2
:1095A000C4F82C8023850B4B67626363AB69DB03D4
:1095B00001D50823EB6184F8400048F20101204600
:1095C000FFF750FE0020BDE8F0810220FBE700BF5E
:1095D0003FA10508299B05082DE9F041984690F820
:1095E000413004460F4603F028031646282B04D1C9
:1095F00001B122B94FF400736364012044E048F2E2
:109600000201FFF763FE90F84030012B3ED090F846
:1096100041300121292B80F8401013D1FFF756FE6D
:1096200003681A6852040DD51A68806B22F48042D0
:109630001A6038B1164B0365FEF72EFC10B1A06B13
:10964000036D98472A232568002084F841302023A1
:1096500084F8423060646B6823F400436B60668575
:10966000638DC4F82C8023850A4B67626363AB6902
:10967000DB0301D40823EB6184F8400048F20201C7
:109680002046FFF7EFFD0020BDE8F0810220FBE758
:109690003FA10508299B050808B590F84120202A1C
:1096A0000AD128224FF4004180F84120034A426346
:1096B000FFF7D8FD002008BD0220FCE7299B050824
:1096C00010B590F84120282A14D190F841100024B8
:1096D00090F8422001F0030144630A434FF4004133
:1096E0000263202280F8412080F84240FFF7EEFD1F
:1096F000204610BD0220FCE70268436B91691268A6
:1097000003B11847704738B5002580F8425090F8EB
:109710004130212B4FF0200380F841300AD1112332
:10972000012145630363FFF7D1FD80F8405008F045
:1097300077F838BD1223022145630363FFF7C6FDA6
:1097400080F8405008F09FF8F3E708B5036800215F
:109750001A6880F84210510415D51A6822F4804224
:109760001A6090F84130292B13D12823012180F869
:10977000413021230363FFF7A9FD002380F8403027
:1097800008F0C1F808BD1204EBD51A6822F40042B3
:10979000E6E790F841302A2BF4D12823022180F803
:1097A000413022230363FFF791FD002380F840300E
:1097B00008F0ADF8E6E7F8B590F8412004460368F4
:1097C00002F02802282A37D19E69C2689D69C6F333
:1097D0000046022A99684FEA1545DF6805F0FE0544
:1097E00021D185EAD115C1F3090215F006050ED184
:1097F000816C01318164816C022907D10821856463
:10980000D961314680F8405008F073F8F8BD4FF444
:109810000041FFF75BFD002307F0FE0280F84030B7
:1098200031462046F0E74FF40041FFF74FFD00239B
:109830002A4680F84030F3E70822DA61002380F8F6
:109840004030E3E708B5164B2022C36200230363D0
:10985000436380F8412080F842304B0712D50368FB
:109860005A6A436A1A70436A01334362038D4BB1EB
:10987000013B0385438D013B9BB24385436C43F021
:109880000403436448F20301FFF720FD102203683C
:10989000DA61002380F8403008F05FF808BD00BFAF
:1098A0000000FFFF7047704790F84120602A4FF09A
:1098B000000208B508D1202180F8402080F841102E
:1098C000026308F0BDF808BD026380F8402008F08C
:1098D000A5FCF8E770B5354A002590F841300446FC
:1098E00080F84250283BC2624585426C022B41EA17
:1098F0000201416429D80321FFF7E8FC282380F8FE
:1099000041302B4BA06B6363236B80B3112B01D0D1
:10991000212B2CD123681A68510403D51A6822F42C
:1099200080421A60FEF76CFB01281BD0214BA06B14
:109930000365002384F84030FEF7AEFA002834D0E7
:10994000A06B036DBDE87040184748F20301FFF7B4
:10995000BDFC90F84130602B02D0202380F84130CC
:109960000023CFE72046BDE87040FFF79DBFE06BC6
:109970000028F7D0122B01D0222BF3D123681A68CC
:10998000120403D51A6822F400421A60FEF738FB6D
:109990000128E7D0074BE06B0365002384F84030D3
:1099A000FEF77AFA08B1E06BCBE770BD0000FFFF6D
:1099B000299B05083FA10508F8B503682022044645
:1099C0000E461F6890F84150DA6105F0F705212D29
:1099D00073D148F20101FFF779FC25632368204623
:1099E0005A6842F400425A605A6822F0FF7222F428
:1099F0008B3222F4FF7222F001025A60FFF710FC52
:109A000079045FD52268136823F480431360A36B45
:109A10002BB31B68424A93421ED0183293421BD08C
:109A20001832934218D01832934215D0183293420C
:109A300012D0183293420FD0183293420CD0183201
:109A4000934209D002F55672934205D018329342E0
:109A500002D018329342FFD05B689BB263857307D4
:109A600010D5236826F004065A6A636A1A70636A7E
:109A700001336362238D2BB1013B2385638D013B51
:109A80009BB26385638D9BB21BB1636C43F004038F
:109A90006364002384F84230656C6363DDB1616CFC
:109AA0002046FFF717FF94F84130282B25D1314687
:109AB0002046BDE8F840FFF7C5BE222D8ED148F202
:109AC000020188E73A04CAD52268136823F40043E8
:109AD0001360E36B9CE7E36A13F5803F0ED02046EA
:109AE000FFF733FE0F4B204684F84050E3622023FB
:109AF00084F84130256307F030FFF8BD94F8413019
:109B0000204684F84050222B4FF0200384F8413047
:109B1000256302D107F0FBFEEFE707F0F4FEECE768
:109B2000100002400000FFFFF8B590F840300446F6
:109B30000D461646012BC76A7DD001238A0680F8A0
:109B4000403003D5B30601D5FFF736FFE80634D51C
:109B5000F10632D5638D9BB203BB94F84130282BBC
:109B60000AD1B7F1007F07D129462046FFF76AFEE8
:109B7000002084F84000F8BD94F841202368292A89
:109B80004FF01002DA61F3D117F5803FF0D0204694
:109B9000FFF746FB2046FFF7D8FDE9E723681022D0
:109BA000DA61636C43F00403636437F08073DFD1E0
:109BB000616C2046FFF78EFEDAE76A071AD5730755
:109BC00018D5638D9BB26BB123685A6A636A1A70A9
:109BD000636A01336362238D013B2385638D013BFF
:109BE0009BB26385638D9BB2002BC1D117F5803F7B
:109BF000BED0CFE7280705D5310703D52046FFF7AC
:109C0000DAFDB5E7AA07B3D5B307B1D5638D9BB22B
:109C10006BB1636A226813F8011B91626362638D02
:109C2000013B9BB26385238D013B2385A0E737F081
:109C30008073AFD09CE702209DE737B503682022F0
:109C400004460D46DA6190F84130212B37D10121CD
:109C5000FFF73CFB112323632368E9065A6822F0CF
:109C6000FF7222F48B3222F4FF7222F001025A605A
:109C70004FF000026263A2F58032E26205D5102245
:109C8000DA61626C42F00402626494F84120602A56
:109C900005D16A0703D55B6ADBB20193019B2046BD
:109CA000FFF7BEFA636C94F84120602A00D07BB1C4
:109CB000616C204603B0BDE83040FFF70BBE90F862
:109CC0004130222BC8D10221FFF700FB1223C2E74B
:109CD00094F84120212A12D1202284F8403084F8BF
:109CE0004120236394F8422084F84230402A03D173
:109CF000FFF7D8FD03B030BD07F092FDFAE794F806
:109D00004120222AF6D1202284F8403084F84120D4
:109D1000236394F8422084F84230402A02D1FFF7AE
:109D2000C2FDE7E707F0AFFDE4E773B590F8403018
:109D300004460D461646012B00F086800123CA0614
:109D400080F8403017D5F30615D503681022DA6184
:109D5000436C43F004034364FFF762FAAA0605D597
:109D6000B30603D529462046FFF767FF002084F895
:109D7000400002B070BD680712D5710710D5236886
:109D800025F004055A6A636A1A70636A01336362D4
:109D9000238D013B2385638D013B9BB26385DDE70A
:109DA000AA0707D5B30705D5636A226813F8011B14
:109DB0009162ECE7280632D5710630D5638D2268B2
:109DC0009BB203B3208DF0B95168638DC1F30901D3
:109DD0009BB2FF2B08D9FF224FF0807300902285A1
:109DE0002046FFF72BFAB9E7628DE36A92B213F5CA
:109DF000803F2285D2B202D0E36A0090F0E74FF0B4
:109E000000730090ECE753689A0103D42046FFF7F3
:109E10007AFCA3E740212046FFF75CFD9EE76B0636
:109E20009CD570069AD5638D9BB2002BF2D1236826
:109E30005A68910192D4E26A12F5803FE6D15A68DD
:109E400042F480425A6089E7022092E7F8B590F820
:109E5000403004460E461546012BC76A00F0B78015
:109E600001238A0680F8403003D5AB0601D5FFF701
:109E7000A3FDF20640F1A380EB0640F1A080E90BC0
:109E8000A80B41EA9535ED0740F19580E26B52B39E
:109E900011F0010326D013684E4A93421ED01832A7
:109EA00093421BD01832934218D01832934215D0E7
:109EB0001832934212D0183293420FD01832934284
:109EC0000CD01832934209D002F55672934205D055
:109ED0001832934202D018329342FFD05B68B3FA33
:109EE00083F35B091A46A36B4BB3C10727D51B68E5
:109EF00038498B421ED018318B421BD018318B420F
:109F000018D018318B4215D018318B4212D018312D
:109F10008B420FD018318B420CD018318B4209D0B4
:109F200001F556718B4205D018318B4202D01831A1
:109F30008B42FFD05B68B3FA83F35B090BB9012A4C
:109F40001FD194F84130282B0AD1B7F1007F07D1F7
:109F500031462046FFF776FC002084F84000F8BD2B
:109F600094F841202368292A4FF01002DA61F3D1D6
:109F700017F5803FF0D02046FFF752F9FFF7E5FBD9
:109F8000EAE723681022DA6137F08072636C43F0ED
:109F90000403636494F84130DBB2DDD103F0F703CE
:109FA000212B01D1236301E0222BFBD0616C2046E1
:109FB000FFF790FCD0E723681022DA61CCE7320784
:109FC000CAD52B07C8D52046FFF7F5FBC4E702200A
:109FD000C5E700BF1000024013B590F840300446BA
:109FE000012B7AD0012380F84030CB0612D5D3065E
:109FF00010D5036810222021DA61436C43F004037A
:10A000004364FFF72FF9FFF70BF9002084F84000B5
:10A0100002B010BD0B0643D5500641D523681A681F
:10A0200022F040021A60628D92B26AB35968638D61
:10A03000C1F309019BB2FF2B1BD9FF2323854FF0EE
:10A04000807300222046009294F82820FFF7F6F84B
:10A05000638D228D9B1A9BB2638594F84130222B2D
:10A0600023681A680CBF42F4004242F480421A602E
:10A07000CBE7638D2385E36A13F5803F01D0E36A64
:10A08000DFE74FF00073DCE75B689A0103D42046FA
:10A09000FFF739FBB9E740212046FFF71BFCB4E787
:10A0A0004B0612D5500610D5638D9BB2002BF2D112
:10A0B00023685A689201A8D4E26A12F5803FE6D17B
:10A0C0005A6842F480425A609FE788069DD59306FD
:10A0D0009BD52046FFF7B1FD97E7022098E703687C
:10A0E00099691A6810B4CC0508D5140606D5446CD5
:10A0F00044F0010444644FF48074DC614C0508D5DD
:10A10000140606D5446C44F0080444644FF480649B
:10A11000DC61890508D5120606D5426C42F00202C0
:10A1200042644FF40072DA61416C11F00B0F03D0FE
:10A130005DF8044BFFF7CEBB5DF8044B7047806BB6
:10A14000836B0BB100221A65C36B0BB100221A6539
:10A15000FFF7AABB10B590F84130202BDCB21DD11F
:10A1600090F84030012B19D0242380F84130036847
:10A170001A6822F001021A601A6822F480521A60EA
:10A180001A68114319601A6842F001021A6000232C
:10A1900080F8414080F84030184610BD0220FCE7AE
:10A1A000094A82B0D2F8F41041F00201C2F8F4106A
:10A1B000D2F8F42002F002020192044A019B536893
:10A1C0001843506002B07047004402580004005821
:10A1D0000A4B44F620621B68B3FBF2F24FF47A7329
:10A1E00053430268002010B5013B146808BF0320E8
:10A1F00031EA040401D0002BF6D110BD9C0E0024DE
:10A2000070470000F8B50446002858D090F8363062
:10A2100003F0FF021BB980F83520FFF7F1FF6568F6
:10A2200002232268012D84F83630A66AD06802D055
:10A23000B6F5000F01D120F01E004FF6FF736169E3
:10A24000204F994245EA06031CBF20F4604020F0ED
:10A25000C0000740A0680343206A0343606A0343C9
:10A260003B4305BBE069256928430343B6F5000F6E
:10A270001BD04FF6FF70814204D0A0690143E06912
:10A2800001430B43D360104B9A4203D003F1C053F8
:10A290009A420FD1D4E90B310B43536201230020C2
:10A2A00084F83630F8BD012DE0D1D4E90305284308
:10A2B0000343DEE7054B9A42F0D1E36AEDE7012064
:10A2C000F0E700BFFEF119FF00240040002800580D
:10A2D000022310B580F836300446D0E90032012A56
:10A2E00007D0826AB2F5000F03D1DA6822F4606207
:10A2F000DA601A69204642F001021A6110225A609F
:10A3000099611146FFF764FF032808D022680020F6
:10A31000136943F004031361012384F8363010BD40
:10A320007047F0B504468BB060B390F8BD33056854
:10A3300003F0FF021BB980F8BC23FFF7F1FF0323F2
:10A340006E46271D84F8BD33EB6B254613F48073EE
:10A3500055F8100B08BF236105F0A8F80FCD0FC604
:10A360000FCD0FC695E80300254686E8030097E861
:10A370000E0055F8100B04F0D9FF064620B1022359
:10A3800084F8BD33012552E00146206805F094F8B9
:10A390003046D4F804C01C264FF0010E0146C2B26C
:10A3A000013094451BD800231C261946D8B201332E
:10A3B000844522D86E460FCD0FC60FCD0FC695E847
:10A3C000030086E8030097E80E00206805F0B6F861
:10A3D00001230546F0B1022284F8BD23D2E706FB33
:10A3E000024383F83DE083F83C20A3F8422083F841
:10A3F0003F101965C3E91111D1E706FB004282F84D
:10A40000FD1182F8FC0182F8FF11C2F81012C2E9B6
:10A410008111CBE784F8380084F8BD33636A012BDF
:10A4200002D1204600F0A4FC206805F00CFC284670
:10A430000BB0F0BD704738B5044610B90125284669
:10A4400038BD032380F8BD33006805F0BEFB054628
:10A450000028F3D12046FFF7EDFF84F8BD53EEE767
:10A4600010B50446006894F8BC33012B15D00123C5
:10A4700084F8BC33A36A012B06D1A369012B03D056
:10A48000836B43F48033836305F00AF8206805F09A
:10A49000CCFB002084F8BC0310BD0220FCE738B5DB
:10A4A00090F8BC330446012B1BD00123056880F8CB
:10A4B000BC33284604F0FAFF206805F0C4FB1021E5
:10A4C000206805F011F8A36A012B06D1A369012BBE
:10A4D00003D0AB6B23F48033AB63002084F8BC0360
:10A4E00038BD0220FCE77047704700002DE9F04FAF
:10A4F000066887B00446304605F0E2FB029000286B
:10A5000040F03C81206805F0ACFB002800F036816B
:10A51000206805F0A6FB820704D52268536903F082
:10A5200002035361206805F09CFBC3062AD522680C
:10A53000936923F010039361376AC7F3434307F02D
:10A540000F05022B40F01D8147F6F0731F4214D017
:10A550001C23C7F30A18304603FB05454246D5F8CD
:10A56000081205F0BBFAD5F80822D5F81432424497
:10A570004344C5F80822C5F814322268936943F0B1
:10A5800010039361206805F06CFB070300F10D8157
:10A59000206805F066FB45030CD5254606F51069D5
:10A5A0004FF00008206805F068FB0390039B002B28
:10A5B00040F0A481206805F054FB002815DAD6F895
:10A5C000043823F00103C6F8043894F8F433012B5F
:10A5D00040F025820021204684F8F41300F0DBFBD4
:10A5E0002268536903F000435361206805F039FB8A
:10A5F00000050BD5D6F80838D90702D5204606F055
:10A6000091FD2268536903F400635361206805F0EB
:10A6100028FB020114D523685A6902F000625A61CE
:10A6200094F8F423002A40F0FE810121204684F8AA
:10A63000F4135B6DC3F38303C4F8F83300F0ABFB92
:10A64000206805F00EFBC30436D5D6F80438102177
:10A65000206806F5006523F001036B6004F044FFF9
:10A6600006F510634FF67F3162680298824200F26D
:10A67000DE81EB6943F00113EB61236B002B00F0EB
:10A68000F681D5F8843043F00B03C5F884306B6C49
:10A6900043F00B036B64D6F8003804F57172217C2B
:10A6A00023F4FE632068C6F8003805F01DFB22681D
:10A6B000536903F480535361206805F0D2FA87048C
:10A6C00016D5206805F000FB206804F0EDFF256832
:10A6D000E06001F097FA227B0146284604F070FE04
:10A6E000204606F02EFD2268536903F4005353619F
:10A6F000206805F0B6FA060707D5204606F0CEFC1E
:10A700002268536903F008035361206805F0A9FA31
:10A71000C50208D500212046FFF7E6FE22685369EE
:10A7200003F480135361206805F09BFA800208D57A
:10A7300000212046FFF7D7FE2268536903F4001377
:10A740005361206805F08DFA410007D5204606F0D8
:10A75000BDF92268536903F080435361206805F016
:10A7600080FA42070AD523685D686B0702D5204648
:10A7700006F0E6FC226853682B43536007B0BDE83F
:10A78000F08F062B7FF4F9AE082204F57171304684
:10A79000C7F30A1705F0A2F91C2303FB0545D5F8FA
:10A7A00014321F44C5F81472E7E606F5306704F565
:10A7B000017A0025DFF8D0B2206805F056FA039040
:10A7C000039B002B3FF4E4AE039BD80756D55FFAFA
:10A7D00085F92068494605F058FA10F0010F8046C7
:10A7E0001AD020680122216900F5306CBA60012975
:10A7F000036C0CEB451CDCF8082066D1110706D56C
:10A800005B4509D9100407D54FF4004302E09106D7
:10A810003CD52023CCF8083018F0080F1ED0236850
:10A820000822BA601A6C03F530635A4503EB4513EE
:10A83000996804D9090402D54FF400419960204673
:10A84000049206F069FC049A5A4507D92169012946
:10A8500004D104F57172206805F046FA18F0100F63
:10A8600001D01023BB6018F0200F01D02023BB6063
:10A8700018F4005F02D04FF40053BB60039B013516
:10A8800020370AF11C0A5B08039399E712F0280F9E
:10A89000C2D15B4501D91204B6D4DCF81020DAF835
:10A8A0000010C2F312028A1ACAF81020DAF8042043
:10A8B0001144CAF8041095B9D4F810227AB904F5F5
:10A8C0007172012105F010FA09E06E498B420BD13B
:10A8D000130499D4900602D52022CCF808204946CA
:10A8E000204606F0EAFB97E7002DF8D1D4F81022B5
:10A8F000002AF4D104F571722946E3E7039BDA07D5
:10A9000040F184805FFA88FB2068594605F0C6F95B
:10A91000C307074621D5012008F00F02D6F83438C6
:10A9200000FA02F2216923EA02038142C6F83438B0
:10A93000C9F808000DD1D5E911231344AB64B8F16F
:10A94000000F06D1236D23B904F57172206805F05C
:10A95000CBF95946204606F0C6FB380702D5082336
:10A96000C9F80830F90602D51023C9F808307A066C
:10A9700002D54023C9F80830BB0702D50223C9F825
:10A9800008303F0642D5D5E914329A423ED89B1A88
:10A990006A6CD4F800A0934228BF134603339B0887
:10A9A00004930AF5106303EB48130593059B049980
:10A9B0009A6992B28A42D5E9147325D39F4200D98D
:10A9C0005FB908F00F020121DAF8343801FA02F217
:10A9D00023EA0203CAF8343818E0FF1A6B6C5A46AF
:10A9E00050469F4228BF1F46FB1C9B080493237CB4
:10A9F0000093BBB2A96C04F071FFAB6C3B44AB6439
:10AA00006B6D1F446F65D1E79F42DAD9039B08F154
:10AA100001081C3509F120095B080393C6E52046AF
:10AA200006F087FBDCE5204606F07CFB08E6996033
:10AA3000203353F8202C22F4001243F8202C53F832
:10AA4000202C42F0006243F8202CC3F8E811D3F820
:10AA5000E02122F40012C3F8E021D3F8E02142F013
:10AA60000062C3F8E021029A01320292FCE56B69B0
:10AA700043F4005343F02B036B612B6943F00B034A
:10AA80002B6108E60A31544F0A30544F10B590F844
:10AA9000BC230446012A0BD0012280F8381080F82C
:10AAA000BC23006805F0B1F8002084F8BC0310BD99
:10AAB0000220FCE770B501F00F0611F0800F05468B
:10AAC0004FF01C00C6EBC6044FEA84041FD004F10B
:10AAD0003C0100FB06500124294480F83D408A6077
:10AAE0004A780E70CB7002B1CE80022B04BF0023D7
:10AAF0000B7195F8BC33012B12D00123286885F81F
:10AB0000BC3304F0DCFD002085F8BC0370BD04F507
:10AB1000FE7100FB06500024294480F8FD41DEE769
:10AB20000220F3E710B5044601F00F0011F0800F8A
:10AB30004FF01C02C0EBC0034FEA830316D003F1B1
:10AB40003C0102FB00420123214482F83D300870A1
:10AB500094F8BC33012B12D00123206884F8BC3355
:10AB600004F0ECFD002084F8BC0310BD03F5FE7179
:10AB700002FB00420023214482F8FD31E7E7022076
:10AB8000F3E738B501F00F051C2404FB050104FBB5
:10AB9000050401F5FE71C4F810320023C4F8082240
:10ABA000C4F8143284F8FD3184F8FC51036900685C
:10ABB000012B08BFC4F80C22DAB21DB904F014FE50
:10ABC000002038BD04F09EFEFAE701F00F011C23BF
:10ABD00003FB0100D0F81402704738B501F00F05EF
:10ABE0001C2404FB050104FB05043C312365002300
:10ABF000A2646365012384F83C5084F83D30036906
:10AC00000068012B08BFE264DAB21DB904F0ECFD64
:10AC1000002038BD04F076FEFAE738B501F00F05E4
:10AC2000436804469D422CD811F0800F4FF01C0061
:10AC30001ED000FB0541012300FB05423C3182F898
:10AC40003D3001230D708B7094F8BC239A421AD0CA
:10AC5000206884F8BC3304F064FF2DB904F57172E8
:10AC6000217C206805F040F8002084F8BC0338BD42
:10AC700000FB01431A4603F5FE71002382F8FD3103
:10AC8000DFE70120F3E70220F1E738B501F00F021A
:10AC9000436804469A422AD8C2EBC20311F0800FDF
:10ACA0004FF01C004FEA830318D003F13C0100FB76
:10ACB00002400123214480F83D3000250A708D7048
:10ACC00094F8BC33012B14D00123206884F8BC33E2
:10ACD00004F052FF284684F8BC5338BD03F5FE71DA
:10ACE00000FB02400023214480F8FD31E5E701200C
:10ACF000F3E70220F1E710B590F8BC330446012BCE
:10AD000010D0012380F8BC330B06006807D501F092
:10AD10000F0104F0E9FB002084F8BC0310BD04F02F
:10AD2000F5FBF8E70220F9E70068120470B5446A01
:10AD300019B922438262002070BD836A4D1E04EB64
:10AD4000134400235E1CDBB29D4205D83F312243F1
:10AD500000EB81004260EEE7403300EB83035B6869
:10AD600004EB13443346EDE7036800205962704753
:10AD700002680021012380F8F413C0F8FC33084670
:10AD8000936943F000639361536D43F0805343F044
:10AD90000303536570477047024A136843F4807396
:10ADA0001360704700480258054A0129136923F0CF
:10ADB0000403136101D130BF704720BF704700BF4B
:10ADC00000ED00E070B51C4D0446EB6803F007038E
:10ADD000062B06D0E86800F03F00001B18BF0120DA
:10ADE00070BDEB6823F03F030343EB6006F0AEFB5E
:10ADF00006466B689A0408D5A4F11D03012B0CD9F3
:10AE00002D3C012C09D90020EAE706F09FFB801BAE
:10AE1000B0F57A7FEDD90120E2E706F097FB064D09
:10AE20000446EB68DB03EED406F090FB001BB0F5A4
:10AE30007A7FF6D9EFE700BF0048025838B51E4CBC
:10AE40000D46236823F0010318432060C2B9FDF7C3
:10AE500017F8032813D1236923F001032361174B4B
:10AE60001A6942F004021A61BFF34F8FBFF36F8F6C
:10AE7000012D10D130BF1A6922F004021A6138BDC9
:10AE8000012A0AD1FCF7FCFF0128F8D1636923F0FD
:10AE900002036361E3E720BFEDE7FCF7F1FF03285E
:10AEA00004D1236923F004032361E8E7636923F0F5
:10AEB00004036361E3E700BF0048025800ED00E0CF
:10AEC000024AD36843F08073D36070470048025849
:10AED0002DE9F0474E6A36B1B2F1406F03D08B6A6C
:10AEE0000468013B2361D1F818A0D1E9077CBAF1CD
:10AEF000000F4ED04B6946EA0A0A0568D1F8008077
:10AF00004FEA834E486B4AEA020AD1E90B49BCF189
:10AF1000000F26D08B684CEA0A0C0E69EB61A7B1D2
:10AF200048EA0703234343EA09030343C86833435A
:10AF3000034343EA0E0343EA0C03B2F1406F6B6133
:10AF400001D04B68AB61BDE8F08748EA040343EAEF
:10AF500009030343334343EA0E0343EA0C036B61E3
:10AF6000F1E767B148EA0703234343EA09030343D0
:10AF7000C868034343EA0E0343EA0A03DDE748EAED
:10AF8000040343EA0903034343EA0E0343EA0A03C3
:10AF9000E5E7BCF1000F2CD004688B680869E36119
:10AFA00046EA0C034E6943EA0205D1F834C0B60400
:10AFB000D1E90B83A7B13843B2F1406F40EA0800F2
:10AFC00043EA0003C86843EA0C0343EA000343EA88
:10AFD000060343EA05036361B5D04B68A361B2E79A
:10AFE00040EA0800034343EA0C0333432B43636105
:10AFF000A9E7D7B146EA0703CC6A0068B2F1406F0F
:10B0000043EA020343EA04030C6B43EA04034C6B78
:10B0100043EA0403CC6843EA04034C6943EA8443EB
:10B02000436190D04B6883618DE7002E8BD0CB6A53
:10B03000006833430E6B1A434B6932434E6B324305
:10B0400042EA834242617EE72DE9F041DDF8188053
:10B0500004460E4615461F4622689368334214BFC5
:10B0600001230023AB4201D1002012E0B8F1FF3FE1
:10B07000F3D006F06BFAC01B404502D8B8F1000FC0
:10B08000EAD10423012084F84130636C43F00103CA
:10B090006364BDE8F081704730B5044685B006F0C2
:10B0A00055FA0346002C40D094F841203AB9039059
:10B0B0002046FFF7F0FF41F28832039BA26420682C
:10B0C000A1680268013922F4706242EA012220215B
:10B0D00002602046A26C00920022FFF7B5FF10BB71
:10B0E0002268E569E36811682B43256A21F07F41F6
:10B0F0002B43656821F0D00143EA05630B431360DD
:10B100005568D4E905310B43216943EA01430849F5
:10B1100029400B435360136843F00103136001237C
:10B12000606484F8413005B030BD0120FBE700BF0A
:10B13000FEF8E0FF704710B5044658B10268136886
:10B1400023F001031360FFF7F5FF0020606484F82B
:10B15000410010BD0120FCE72DE9F043044685B015
:10B160001746894606F0F2F994F840200346012A72
:10B1700033D00122022684F8402094F84120012A8D
:10B180005FFA82F827D100220390202120466264D2
:10B19000009784F84160FFF757FF0546A0B90246C3
:10B1A00049462046FFF794FED9F82420039B4AB96C
:10B1B0004246314620460097FFF746FF054618B93C
:10B1C0002368DE6084F84180002384F840302846FC
:10B1D00005B0BDE8F0833546F6E70225F7E7F0B5A0
:10B1E000044685B016460F4606F0B0F994F84020A4
:10B1F00003462568012A49D0012284F8402094F8AA
:10B200004120012AD0B23FD100226264002F36D003
:10B21000122284F841202A690132E2622A696762B7
:10B220000132A2626A6922F040626A61E26A8AB906
:10B230000122022120460096FFF706FF10B923687D
:10B240000222DA60012384F84130002384F8403080
:10B2500005B0F0BD01220421204600960393FFF7BC
:10B26000F3FE0028EED1626A039B127885F8202055
:10B27000626A01326262E26A013AE262D6E7636CB4
:10B2800043F008036364E0E70220DEE70220DFE723
:10B29000F0B5044685B016460F4606F057F9256806
:10B2A0000346D5F818C094F84020012A4DD0012259
:10B2B00084F8402094F84120012AD0B243D10022E2
:10B2C0006264002F3AD0222284F841202A69013298
:10B2D000A2632A69276301326263696921F04061D0
:10B2E00041F080616961C5F818C0A26B8AB901227A
:10B2F000022120460096FFF7A7FE10B9236802221C
:10B30000DA60012384F84130002384F8403005B02E
:10B31000F0BD01220621204600960393FFF794FE1C
:10B320000028EED195F82010226B039B1170226B40
:10B3300001322263A26B013AA263D6E7636C43F049
:10B3400008036364E0E70220DEE70220DFE7000095
:10B3500070B50446002872D00368DD075CD423680A
:10B36000980700F1AE802368D80627D5A94B1A6943
:10B37000996A02F03802082A07D0182A40F00C8196
:10B3800001F00302012A40F007811B68D90502D5AC
:10B39000E369802B53D1FBF7CBFD41F20303216A14
:10B3A00098429C4B00F2F1805A68202922F0F84222
:10B3B0000CBF42F0804242EA81625A60236818075B
:10B3C00000F12C812368990600F14D8123685D0707
:10B3D0001CD5914D2B6843F480732B6006F0B6F8B2
:10B3E00006462B68DA0540F16381A368894D012B7D
:10B3F00040F065812B6F43F001032B6706F0A6F840
:10B40000844E0546336F9B0740F17D81616A0029B8
:10B4100040F0808100202AE07E4B1A69996A02F090
:10B420003802102A05D0182A0BD101F00302022A93
:10B4300007D11B68990392D56368002B8FD1012037
:10B4400015E06268B2F5803F12D11A6842F480328A
:10B450001A6006F07BF86F4E054633689A033FF595
:10B460007EAF06F073F8401B6428F6D9032070BD48
:10B47000684D2B689AB923F480332B602B6823F432
:10B4800080232B6006F062F806462B689B037FF54D
:10B4900066AF06F05BF8801B6428F6D9E6E7B2F5E4
:10B4A000A02F07D143F480232B602B6843F4803313
:10B4B0002B60CEE723F480332B602B6823F48023AA
:10B4C000F6E7544B1A69996A12F0380203D0182A29
:10B4D0001FD188071DD11B68590702D5E368002BCF
:10B4E000ADD0FBF725FD41F2030321699842494B9A
:10B4F0005A6809D822F47C3240290CBF42F4003249
:10B5000042EA01325A602EE722F0FE4242EA01622C
:10B51000F8E7E1681A6839B322F019023D4D0A4391
:10B520001A6006F013F806462B685A0711D5FBF788
:10B53000FFFC41F20303226998426B680FD823F4A1
:10B540007C33402A0CBF43F4003343EA02336B6080
:10B5500009E705F0FBFF801B0228E5D986E723F009
:10B56000FE4343EA0263F2E722F00102294E1A6029
:10B5700005F0ECFF054633685B077FF5F4AE05F098
:10B58000E5FF401B0228F6D970E7DA6822F07C520A
:10B5900042EA0162DA6011E7E2694AB31A681D4DB6
:10B5A00042F080021A6005F0D1FF06462B68DA05EA
:10B5B00011D5FBF7BDFC41F20303226A984210D873
:10B5C0006B68202A23F0F8430CBF43F0804343EA22
:10B5D00082636B60F2E605F0B9FF801B0228E5D9B3
:10B5E00044E7EB6823F07C5343EA0263EB60E5E653
:10B5F0001A68084E22F080021A6005F0A7FF05467F
:10B600003368DB057FF5DAAE05F0A0FF401B0228AA
:10B61000F6D92BE700440258004802586369954D5B
:10B6200083B16B6F43F001036B6705F08FFF064634
:10B630006B6F9A073FF5C6AE05F088FF801B0228A6
:10B64000F6D913E76B6F23F001036B6705F07EFFFC
:10B6500006466B6F9B077FF5B5AE05F077FF801B45
:10B660000228F6D902E7A369824D83B12B6843F41F
:10B6700080532B6005F06AFF06462B6898043FF55F
:10B68000A5AE05F063FF801B0228F6D9EEE62B6815
:10B6900023F480532B6005F059FF06462B6899046C
:10B6A0007FF594AE05F052FF801B0228F6D9DDE647
:10B6B00005F04CFF801B64287FF693AED6E6A3B955
:10B6C0002B6F23F001032B672B6F23F004032B67F1
:10B6D00005F03CFF06462B6F98077FF597AE05F007
:10B6E00035FF801BC828F6D9C0E6052B2B6F03D188
:10B6F00043F004032B677DE623F001032B672B6FD8
:10B7000023F0040379E605F021FF401BC8287FF6EB
:10B7100079AEABE6574D2B6903F03803182B7AD07E
:10B720002B68022923F080732B6067D105F00EFF90
:10B7300006462B6899015BD4AB6AA26A23F47C733A
:10B7400023F003031343E26A43EA0213AB62636B21
:10B75000A26B013B013A5B0212049BB202F4FE02AF
:10B760001343226B013AC2F308021343E26B013A1E
:10B77000120602F0FE4213432B63EB6A23F001032F
:10B78000EB626B6BA26C23F47F4323F0F80343EA74
:10B79000C2036B63EB6A226C23F00C031343EB626E
:10B7A000EB6A626C23F002031343EB62EB6A43F42F
:10B7B0008033EB62EB6A43F40033EB62EB6A43F4F1
:10B7C0008023EB62EB6A43F00103EB622B6843F0EA
:10B7D00080732B6005F0BAFE264D04462B689A0153
:10B7E0003FF518AE05F0B2FE001B0228F6D93DE683
:10B7F00005F0ACFE801B02289BD937E605F0A6FEBB
:10B8000004462B689B017FF505AE05F09FFE001BEB
:10B810000228F6D92AE60129AA6A2B6B3FF40FAE5B
:10B8200002F00301A06A81427FF409AEC2F305125F
:10B83000E16A8A427FF403AE226BC3F30801013A46
:10B8400091427FF4FCAD626BC3F34621013A914211
:10B850007FF4F5ADA26BC3F30641013A91427FF448
:10B86000EEADE26BC3F30663013A93423FF4D2AD0F
:10B87000E5E500BF00440258484B1A6902F038025F
:10B88000102A30B500F08680182A0CD0002A40F02B
:10B8900083801A68424812F0200F03D01B68C3F35C
:10B8A000C103D84030BD996A9D6ADA6A15F47C7F7D
:10B8B000C5F305105C6BF5D0C4F3CC0402F00102B3
:10B8C00007EE900A01F003016243B7EE006AF8EE5A
:10B8D000E76A012907EE902AFAEEE97A4CD00229AC
:10B8E0003CD0002948D11A68920627D519682C4AFD
:10B8F000C1F3C1011B6BCA40C3F3080307EE102A52
:10B90000F8EEC75A85EEA67A06EE903AF8EEE66AA9
:10B9100076EEA77A77EE867A204B67EE877A1B6BF6
:10B92000C3F34623013307EE103AF8EEC76A87EEF9
:10B93000A67AFCEEC77A17EE900AB3E71B6BC3F347
:10B94000080307EE103AB8EEC77A77EE277A77EE5B
:10B95000867A9FED146A86EE267ADDE71B6BC3F3C9
:10B96000080307EE103AB8EEC77A77EE277A77EE3B
:10B97000867A9FED0D6AEEE71B6BC3F3080307EEB3
:10B98000103AB8EEC77A77EE277A77EE867A9FED8F
:10B99000076AE0E7064885E7064883E7004402585F
:10B9A0000090D0030024744C20BCBE4B0024744A89
:10B9B00040787D0100093D002DE9F0410D46044627
:10B9C00010B90120BDE8F081884A136803F00F0325
:10B9D0008B42C0F0938023685F0700F19B801E07B5
:10B9E0000BD583496669C86900F07000864204D9A6
:10B9F000CA6922F070023243CA61D8060BD57C496D
:10BA0000A669C86900F4E060864204D9CA6922F4D4
:10BA1000E0623243CA6199060BD57549E669086A46
:10BA200000F07000864204D90A6A22F070023243A4
:10BA30000A629A070BD56E49E668886900F00F0024
:10BA4000864204D98A6922F00F0232438A61DF07F5
:10BA50006ED423689E0700F1A18064490A6802F051
:10BA60000F02AA4200F2A880580700F1B18019071E
:10BA70000BD55F496569C86900F07000854204D242
:10BA8000CA6922F070022A43CA61DA060BD5584906
:10BA9000A569C86900F4E060854204D2CA6922F44D
:10BAA000E0622A43CA619B060BD5514AE069116ADC
:10BAB00001F07001884204D2136A23F0700303433B
:10BAC0001362FFF7D9FE4A494A4A8B69C3F303233D
:10BAD000D35C03F01F03D8408B6903F00F03D35CE2
:10BAE000454A03F01F0320FA03F31360434B186029
:10BAF000434BBDE8F041186805F022BD136823F000
:10BB00000F030B431360136803F00F038B427FF4A2
:10BB100058AF60E736492669886900F070008642B0
:10BB20007FF65DAF8A6922F0700232438A6156E780
:10BB30002F4BA1689A6922F470620A439A61626885
:10BB40001B68022A1DD113F4003F3FF43AAF284E80
:10BB500041F28838336923F007031343336105F05A
:10BB6000F5FC07463369626803F03803B3EBC20F94
:10BB70003FF46FAF05F0EAFCC01B4045F2D903204B
:10BB800020E7032A02D113F0007FDEE7012A02D169
:10BB900013F4807FD9E713F0040FD6E71449E66861
:10BBA000886900F00F008642BFF457AF8A6922F01F
:10BBB0000F0232438A6150E70A6822F00F022A43DB
:10BBC0000A600A6802F00F02AA427FF4FAAE4BE75D
:10BBD00007492569886900F070008542BFF447AFC6
:10BBE0008A6922F070022A438A6140E700200052ED
:10BBF00000440258AE440708A00E00249C0E002406
:10BC0000980E002410B50C4CFFF736FE0B49A369C3
:10BC1000C3F30323CA5CA36902F01F0203F00F03FE
:10BC200020FA02F2CB5C03F01F0322FA03F0044B6C
:10BC30001860044B1A6010BD00440258AE44070857
:10BC4000A00E00249C0E002408B5FFF7DBFF054B77
:10BC5000054ADB69C3F30213D35C03F01F03D8402A
:10BC600008BD00BF00440258AE44070808B5FFF7FE
:10BC7000C9FF054B054ADB69C3F30223D35C03F01C
:10BC80001F03D84008BD00BF00440258AE44070857
:10BC900038B53F23044603603A4B1A68510360D518
:10BCA0004FF4A02262601B68364D03F08003E3610D
:10BCB000FBF73EF941F20303984259D86B68C3F38E
:10BCC000846323622B6803F00103E360FBF730F920
:10BCD00041F2030398426B6894BFC3F30533C3F387
:10BCE00006632361274B1A6F520745D50522A260D0
:10BCF0005A6F02F0010262611A68C2F30032A26157
:10BD00001B6813F0807F14BF0223012363621D4B65
:10BD10009A6A02F00302A2629A6AC2F30512E26210
:10BD20001A6BC2F30802013222631A6BC2F3066275
:10BD30000132E2631A6BC2F34622013262631A6B6C
:10BD4000C2F306420132A263DA6A02F00C022264F4
:10BD5000DA6AC2F3400262645B6BC3F3CC03A36490
:10BD600038BD1A6812F4803218BF4FF4803299E758
:10BD7000EB68C3F30563A4E71A6F12F0010218BF62
:10BD80000122B4E7004402583F230360114B1A69B3
:10BD900002F0070242609A6902F4706282609A6956
:10BDA00002F00F02C2609A6902F070020261DA6961
:10BDB00002F070024261DA6902F4E06282611B6A99
:10BDC00003F07003C361044B1B6803F00F030B60A7
:10BDD000704700BF0044025800200052F8B53A4CAA
:10BDE00006460D46A36A03F00303032B69D02368BC
:10BDF00023F08063236005F0A9FB074623681A013E
:10BE00004BD4A36A326823F47C3343EA0233A3623F
:10BE1000B368F268013B013A5B0212049BB202F480
:10BE2000FE0213437268013AC2F3080213433269F7
:10BE3000013A120602F0FE421343A363E36A7269F9
:10BE400023F0C0031343E362E36AB26923F02003E3
:10BE50001343E362E36A23F01003E362E36BF269E6
:10BE600023F47F4323F0F80343EAC203E363E36A66
:10BE700043F01003E362E36AB5B943F40023E362DD
:10BE8000114C236843F08063236005F05FFB054697
:10BE900023681B010FD5002005E005F057FBC01BF0
:10BEA0000228ABD90320F8BD012D0CBF43F4801349
:10BEB00043F40013E3E705F049FB401B0228E7D9F0
:10BEC000F0E70120EFE700BF00440258F8B53A4C14
:10BED00006460D46A36A03F00303032B69D02368CB
:10BEE00023F08053236005F031FB074623689A0056
:10BEF0004BD4A36A326823F07C7343EA0253A362F3
:10BF0000B368F268013B013A5B0212049BB202F48F
:10BF1000FE0213437268013AC2F308021343326906
:10BF2000013A120602F0FE4213432364E36A726987
:10BF300023F440631343E362E36AB26923F40073BA
:10BF40001343E362E36A23F48073E362636CF26990
:10BF500023F47F4323F0F80343EAC2036364E36AF4
:10BF600043F48073E362E36AB5B943F48003E362A8
:10BF7000114C236843F08053236005F0E7FA05462F
:10BF800023689B000FD5002005E005F0DFFAC01BF9
:10BF90000228ABD90320F8BD012D0CBF43F40003E8
:10BFA00043F08073E3E705F0D1FA401B0228E7D99C
:10BFB000F0E70120EFE700BF004402582DE9F0410F
:10BFC0000668054616F0006609D0836EB3F5001FBB
:10BFD0002ED013D8F3B1B3F5801F21D001262B68E2
:10BFE000DB0540F10281AB6D042B00F2FD80DFE840
:10BFF00013F024002B00F50029002900B3F5401FA1
:10C00000ECD1B84A0026A96E136D23F440130B43FC
:10C010001365E4E7B34AD36A43F40033D362F0E72D
:10C0200002210430FFF7DAFE06460028D7D1E8E700
:10C0300002212430FFF74AFFF6E7AA4AD36A43F405
:10C040000033D362344604E00021281DFFF7C6FE0A
:10C050000446002C40F0CB80A24AA96D136D23F05A
:10C0600007030B4313652B689F050DD5EB6D802BE4
:10C0700000F0DA8000F2BD80002B00F0C980402B78
:10C0800000F0CC80012634462B68580510D5D5F831
:10C09000A830B3F5800F00F0EC8000F2CD80002BCB
:10C0A00000F0DB80B3F5001F00F0DD800126344690
:10C0B0002B68190510D5D5F8AC30B3F1007F00F02E
:10C0C000FD8000F2DE80002B00F0EC80B3F1807F79
:10C0D00000F0EE80012634462B689A010DD5AB6C3A
:10C0E000202B00F0078100F2F180002B00F0F1809E
:10C0F000102B00F0F980012634462B68DB040FD5A5
:10C100002B6EB3F5005F00F0198100F2FB80002B6D
:10C1100000F00881B3F5805F00F00A810126344603
:10C120002B689F040FD56B6EB3F5003F00F026819E
:10C1300000F20C81002B00F01281B3F5803F00F07B
:10C140001781012634462B68580410D5D5F8B03035
:10C15000B3F1005F00F0338100F21881002B00F092
:10C160001E81B3F1805F00F02481012634462B68E4
:10C17000590114D5EB6C43B1B3F5807F40F02781B2
:10C180000121281DFFF72AFE0446002C40F02281E1
:10C19000544AE96CD36C23F480730B43D3642B684B
:10C1A0001A040DD52B6FB3F1805F00F01581B3F148
:10C1B000005F00F01F81002B00F013810126344640
:10C1C0002B68DB0140F12C816B6C032B00F26C813E
:10C1D000DFE813F01D01180164011D01002105F1C4
:10C1E0002400FFF773FE33E7012634463BE726467B
:10C1F00039E7C02B03D0B3F5807F7FF443AFCCB9D0
:10C20000384AE96D136D23F4E0730B4313653BE784
:10C21000344AD36A43F40033D362F0E70021281D87
:10C22000FFF7DCFD0446EAE7002105F12400FFF7F3
:10C230004DFEF7E7264627E7B3F5C00F03D0B3F569
:10C24000000F7FF433AFD4B9264AD5F8A810936D08
:10C2500023F460030B4393652AE7224AD36A43F42D
:10C260000033D362EFE70021281DFFF7B7FD044636
:10C27000E9E7002105F12400FFF728FEF7E726464D
:10C2800016E7B3F1407F03D0B3F1806F7FF422AFA4
:10C29000D4B9144AD5F8AC10936D23F0E0630B4386
:10C2A000936519E70F4AD36A43F40033D362EFE78B
:10C2B0000021281DFFF792FD0446E9E7002105F162
:10C2C0002400FFF703FEF7E7264605E7302B7FF44F
:10C2D00012AFACB9034AA96CD36C23F030030B4303
:10C2E000D3640AE7004402589A4AD36A43F40033FD
:10C2F000D362EEE70221281DFFF770FD0446E8E750
:10C300002646FAE6B3F5405F03D0B3F5804F7FF4DD
:10C3100005AFCCB98F4A296E136D23F4E0430B436C
:10C320001365FDE68B4AD36A43F40033D362F0E72A
:10C330000021281DFFF752FD0446EAE7002105F120
:10C340002400FFF7C3FDF7E72646E9E623F4803231
:10C35000B2F5802F03D0B3F5403F7FF4F2AE9CB925
:10C360007C4A696E136D23F4E0230B431365EAE600
:10C370000121281DFFF732FD0446F0E7012105F1F8
:10C380002400FFF7A3FDF7E72646DCE623F0805202
:10C39000B2F1804F03D0B3F1405F7FF4E6AEA4B9B1
:10C3A0006C4AD5F8B010936D23F0E0430B439365CE
:10C3B000DDE60121281DFFF711FD0446EFE701210D
:10C3C00005F12400FFF782FDF7E72646CFE60126B8
:10C3D0003446E4E62646E2E65E4AD36A43F4003396
:10C3E000D3626CB95B4A296F136D23F040530B4342
:10C3F0001365E5E60121281DFFF7F0FC0446F0E790
:10C400002646DDE6534AD36A43F40033D362002C58
:10C410004DD1504A696CD36C23F003030B43D364B2
:10C420002B685F024DD54C4F3B6843F480733B60F3
:10C4300005F08CF880463B68D8053AD5002C6AD1C7
:10C44000444BD5F8B4001A6F424012F4407F0BD031
:10C450001A6F196F22F4407241F480311967196F15
:10C4600021F4803119671A67B0F5807F40D0D5F884
:10C47000B430384903F44072B2F5407F47D10869BF
:10C48000364A20F47C5002EA131202430A61C3F3D5
:10C490000B03304A116F0B43136712E00221281D72
:10C4A000FFF79CFC0446B2E701263446B8E726466F
:10C4B000B6E705F04BF8A0EB08006428BBD90326CB
:10C4C00034462B68DA0708D5EB6F102B3AD024D806
:10C4D0004BB3082B30D0012634462B689B074CD534
:10C4E000AB6F052B5FD8DFE803F0403B584040407E
:10C4F00005F02CF8DFF85C800746D8F87030990713
:10C50000B5D405F023F8C01BC828F6D9D7E70A69C7
:10C5100022F47C52BAE72646D3E723F00802202A09
:10C5200001D0182BD7D19CB90A4AE96F536D23F07B
:10C5300038030B435365D0E70121281DFFF74EFC5C
:10C540000446F0E7012105F12400FFF7BFFCF7E7FF
:10C550002646C2E70044025800480258CFFFFF00B9
:10C560000121281DFFF73AFC0446FCB9B74AA96F20
:10C57000536D23F007030B4353652B685F0727D5E3
:10C58000D5F89430052B00F23A81DFE813F016005D
:10C5900011003201160016001600012105F12400D9
:10C5A000FFF794FCE0E701263446E6E72646E4E799
:10C5B0000121281DFFF712FC0446002C40F02281C7
:10C5C000A24AD5F89410936D23F007030B439365AB
:10C5D0002B68980610D5D5F89030B3F1005F00F0C5
:10C5E0002C8100F21181002B00F01781B3F1805FE4
:10C5F00000F01D81012634462B68590610D5D5F868
:10C600009C30B3F5006F00F03C8100F22181002BDB
:10C6100000F02781B3F5806F00F02D8101263446AC
:10C620002B681A0610D5D5F8A030B3F5804F00F06E
:10C63000498100F22E81002B00F03481B3F5005FB8
:10C6400000F03A81012634462B681B0714D5D5F833
:10C650008430B3F5805F07D1022105F12400FFF794
:10C6600035FC002818BF0126784AD5F88410536D90
:10C6700023F440530B4353652B68DF0614D5D5F8DC
:10C680009830B3F5807F07D1022105F12400FFF730
:10C690001DFC002818BF01266C4AD5F89810936D30
:10C6A00023F440730B4393652B6818031AD5D5F810
:10C6B000A410B1F5803F00F00D81B1F5003F06D028
:10C6C000002940F00D81281DFFF788FB0446002C4F
:10C6D00040F009815D4AD5F8A410936D23F44033EE
:10C6E0000B4393652B6859031CD5D5F88830B3F5F7
:10C6F000001F00F0FA80B3F5401F08D0B3F5801F8B
:10C7000040F0FA80514AD36A43F40033D362002CDC
:10C7100040F0F5804D4AD5F88810536D23F440134E
:10C720000B4353652B68DA0309D52B6D002B00F002
:10C73000E880B3F5803F00F0F280012634462B6894
:10C740009B0007D5022105F12400FFF7BFFB00285D
:10C7500018BF01262B689F030BD5D5F88010B1F5C3
:10C76000807F00F0F28000F2E280002900F0E58096
:10C770000126DC0206D53549686F0A6D22F00042B9
:10C7800002430A65D80007D53049D5F8B8000A69D0
:10C7900022F4804202430A61990206D52B49E86ED1
:10C7A0000A6D22F0807202430A655A0009D5274AB1
:10C7B000116921F4004111611169D5F8BC000143F0
:10C7C0001161002B06DA2149686DCA6C22F04052D3
:10C7D0000243CA641B0207D51C4AD5F88C10536D5E
:10C7E00023F440030B435365301E18BF0120BDE8FE
:10C7F000F081012105F12400FFF768FBDCE601264A
:10C800003446E5E62646E3E623F08052B2F1804F57
:10C8100003D0B3F1405F7FF4EDAEA4B90B4AD5F875
:10C820009010536D23F0E0430B435365E4E6002181
:10C83000281DFFF7D3FA0446EFE7022105F1240093
:10C84000FFF744FBF7E72646D6E600BF0044025850
:10C8500023F48062B2F5805F03D0B3F5406F7FF4BC
:10C86000DDAEA4B93D4AD5F89C10936D23F4E05396
:10C870000B439365D4E60021281DFFF7AFFA044669
:10C88000EFE7022105F12400FFF720FBF7E726463A
:10C89000C6E623F40052B2F5004F03D0B3F5C04F03
:10C8A0007FF4D0AEA4B92D4AD5F8A010936D23F42F
:10C8B00060430B439365C7E60021281DFFF78EFAFE
:10C8C0000446EFE7022105F12400FFF7FFFAF7E73E
:10C8D0002646B9E6022105F12400FFF7F7FAF5E64E
:10C8E00001263446FEE62646FCE6012105F1240039
:10C8F000FFF7ECFA04460AE70126344612E726461B
:10C9000010E7164AD36A43F40033D3626CB9134A72
:10C91000296DD36C23F480330B43D3640FE70221DA
:10C92000281DFFF75BFA0446F0E7264607E721F4E7
:10C930008072B2F5007F7FF41BAF64B90748426D87
:10C9400022F440720A43426513E70448C26A42F483
:10C950000032C262F1E726460BE700BF00440258EE
:10C9600008B5FFF74FF9054B054A1B6AC3F30213DD
:10C97000D35C03F01F03D84008BD00BF0044025839
:10C98000AE4407084E4A70B5946A966AD36A16F4A4
:10C990007C3FC6F30531D56B00F08D8007EE901A11
:10C9A000C3F30013C5F3CC0104F00304F8EEE76A07
:10C9B0004B43012CB7EE006A07EE903AFAEEE97AA3
:10C9C0006BD0022C5BD0002C67D113689B0646D538
:10C9D0001168936BC1F3C1013A4AC3F30803CA401B
:10C9E00007EE102AF8EEC75A85EEA67A06EE903AC0
:10C9F000F8EEE66A76EEA77A77EE867A304A67EE48
:10CA0000877A936BC3F3462307EE103AB8EEC77AE2
:10CA100037EE067AC7EE876AFCEEE66AC0ED006A7A
:10CA2000936BC3F3064307EE103AB8EEC77A37EEBE
:10CA3000067AC7EE876AFCEEE66AC0ED016A936B80
:10CA4000C3F3066307EE103AB8EEC77A37EE066A0C
:10CA500087EE867ABCEEC77A80ED027A70BD936B62
:10CA6000DFED195AC3F3080307EE103AB8EEC77AA0
:10CA700077EE277A77EE867A85EEA67ABEE7936B15
:10CA8000DFED125AC3F3080307EE103AB8EEC77A87
:10CA900077EE277A77EE867AEEE7936BDFED0C5A26
:10CAA000C3F3080307EE103AB8EEC77A77EE277A99
:10CAB00077EE867AE0E7C0E900118160CEE700BF3B
:10CAC000004402580090D0030024744C20BCBE4B9C
:10CAD0000024744A4E4A70B5946A966AD36A16F076
:10CAE0007C7FC6F30551556C00F08D8007EE901ADF
:10CAF000C3F30023C5F3CC0104F00304F8EEE76AA6
:10CB00004B43012CB7EE006A07EE903AFAEEE97A51
:10CB10006BD0022C5BD0002C67D113689B0646D5E6
:10CB20001168136CC1F3C1013A4AC3F30803CA4048
:10CB300007EE102AF8EEC75A85EEA67A06EE903A6E
:10CB4000F8EEE66A76EEA77A77EE867A304A67EEF6
:10CB5000877A136CC3F3462307EE103AB8EEC77A10
:10CB600037EE067AC7EE876AFCEEE66AC0ED006A29
:10CB7000136CC3F3064307EE103AB8EEC77A37EEEC
:10CB8000067AC7EE876AFCEEE66AC0ED016A136CAE
:10CB9000C3F3066307EE103AB8EEC77A37EE066ABB
:10CBA00087EE867ABCEEC77A80ED027A70BD136C90
:10CBB000DFED195AC3F3080307EE103AB8EEC77A4F
:10CBC00077EE277A77EE867A85EEA67ABEE7136C43
:10CBD000DFED125AC3F3080307EE103AB8EEC77A36
:10CBE00077EE277A77EE867AEEE7136CDFED0C5A54
:10CBF000C3F3080307EE103AB8EEC77A77EE277A48
:10CC000077EE867AE0E7C0E900118160CEE700BFE9
:10CC1000004402580090D0030024744C20BCBE4B4A
:10CC20000024744A4E4A70B5946A966AD36A16F420
:10CC30007C7FC6F30511556B00F08D8007EE901ACE
:10CC400003F00103C5F3CC0104F00304F8EEE76A36
:10CC50004B43012CB7EE006A07EE903AFAEEE97A00
:10CC60004DD0022C5BD0002C67D113689B0664D595
:10CC70001168136BC1F3C1013A4AC3F30803CA40F8
:10CC800007EE102AF8EEC75A85EEA67A06EE903A1D
:10CC9000F8EEE66A76EEA77A77EE867A304A67EEA5
:10CCA000877A136BC3F3462307EE103AB8EEC77AC0
:10CCB00037EE067AC7EE876AFCEEE66AC0ED006AD8
:10CCC000136BC3F3064307EE103AB8EEC77A37EE9C
:10CCD000067AC7EE876AFCEEE66AC0ED016A136B5E
:10CCE000C3F3066307EE103AB8EEC77A37EE066A6A
:10CCF00087EE867ABCEEC77A80ED027A70BD136B40
:10CD0000DFED195AC3F3080307EE103AB8EEC77AFD
:10CD100077EE277A77EE867A85EEA67ABEE7136BF2
:10CD2000DFED125AC3F3080307EE103AB8EEC77AE4
:10CD300077EE277A77EE867AEEE7136BDFED0C5A03
:10CD4000C3F3080307EE103AB8EEC77A77EE277AF6
:10CD500077EE867AE0E7C0E900118160CEE700BF98
:10CD6000004402580090D0030024744A20BCBE4BFB
:10CD70000024744CB0F5807F1FB531D19E4B1A6DE5
:10CD800002F00702042A4BD8DFE812F0CC00390089
:10CD9000050033010D00186810F0005037D001A8CD
:10CDA000FFF798FE32E0DA6C196802F040521B6817
:10CDB000490705D522B9C3F3C1039048D84026E0FE
:10CDC000D80502D5B2F1805F53D08B4B186810F4B0
:10CDD00000301CD0B2F1005F894818BF002016E077
:10CDE000B0F5007F27D1844B1A6D02F4E072802ADF
:10CDF000D1D00FD8002A00F09580402A10D11868B1
:10CE000010F0006003D001A8FFF7BCFD019805B049
:10CE10005DF804FBC02A00F0EC80B2F5807F01D001
:10CE20000020F4E7DA6C196802F04052490719D57E
:10CE3000C2B91B68BFE7B0F5806F1CD16E4B9A6D0D
:10CE400002F46002B2F5800FA5D004D8002A69D0A0
:10CE5000B2F5001FD2E7B2F5C00F00F0CA80B2F5FC
:10CE6000000FDCE7644B1968C905AFD5B2F1805FEC
:10CE7000ACD16448CBE7B0F5006F1CD15E4B9A6D26
:10CE800002F0E062B2F1007F85D004D8002A49D0D8
:10CE9000B2F1807FB2E7B2F1407F00F0AA80B2F138
:10CEA000806FBDD1DA6C196802F040524807DAD5BC
:10CEB000002AD8D1BDE7B0F5805F13D14E4B1A6D73
:10CEC00002F4E042B2F5005F3FF465AF03D84AB325
:10CED000B2F5805F92E7B2F5405F00F08A80B2F56C
:10CEE000804FDEE7B0F5002F15D1434B9A6D02F469
:10CEF0004032B2F5803F05D0B2F5003FD2D0002AD3
:10CF00008ED17CE7186810F0005080D001A8FFF7A0
:10CF1000E1FD03987BE7B0F5803F16D1364BDA6C24
:10CF2000D20309D4186810F000703FF470AF01A864
:10CF3000FFF778FE02986AE7186810F000603FF487
:10CF400066AF01A8FFF71EFDE3E7B0F5804F3ED1C5
:10CF5000294B9A6D02F0E042B2F1405F2AD00BD823
:10CF6000B2F1805F14D0B2F1005F1AD0002A7FF4D2
:10CF700057AFFFF7F5FC4AE7B2F1804F20D0B2F18E
:10CF8000A04F7FF44DAF18681D4B10F400301BE02C
:10CF9000186810F000603FF43AAF01A8FFF7F2FC08
:10CFA000C8E7186810F000503FF431AF01A8FFF750
:10CFB00091FDBFE7186810F004003FF428AF38E790
:10CFC0001868104B10F4807018BF18461FE7B0F5B2
:10CFD000004F7FF425AF084B1A6D02F04052B2F1BA
:10CFE000805F9FD0B2F1005FD2D0002A7FF418AFEB
:10CFF000C9E705480BE700BF004402580090D00382
:10D0000040787D0100093D000080BB00704738B5C5
:10D010000446C0B1437A03F0FF0213B90272FFF76E
:10D02000F5FF02236168637223681A6822F0200208
:10D030000A431A601A6842F004021A605B685B06D1
:10D0400003D50423637201200AE004F07FFA054649
:10D050002368586810F0040003D101226272E06076
:10D0600038BD04F073FA401B0228F1D9042363721F
:10D070000223E360E7E7704710B5044698B1036800
:10D080001A6822F020021A601A6822F00C021A6054
:10D090005A6822F060025A60FFF7EDFF00206072CC
:10D0A0002072E06010BD0120FCE72DE9F041037A19
:10D0B00004460F46012B2AD00123427A9A42D5B268
:10D0C000037220D10223437204F040FA80462268A2
:10D0D000566816F0010608D09368002523613B606E
:10D0E00001236372002323720AE004F02FFAA0EBFD
:10D0F00008000228EBD90123267263720223E36041
:10D100002846BDE8F08104221D46C260EAE70225F8
:10D11000F6E77047026838B5D368044623F0A003E9
:10D12000D36004F013FA05462368DB689B0601D53B
:10D13000002038BD04F00AFA401BB0F57A7FF3D91D
:10D140000320F6E7F8B503680546DC6814F04004F0
:10D1500016D14FF0FF320327DA6004F0F7F90646E4
:10D160002B68DB685B0601D52046F8BD04F0EEF9BC
:10D17000801BB0F57A7FF3D9032485F82170EFE79F
:10D180000024F1E7104BDA6822F0400210B5DA60B3
:10D1900004469A68920606D4FFF7BCFF10B103203C
:10D1A00084F8210010BD9A6822F020029A60FFF7EF
:10D1B000B1FF10B1032084F82100034A936843F0C3
:10D1C00020039360EEE700BF0040005838B50446E6
:10D1D00000283FD090F8213003F0FF021BB980F8FF
:10D1E0002020FFF796FF0223CA22204684F8213030
:10D1F00023685A6253225A62FFF7A4FF10BB2268C9
:10D200002069936823F4E00323F04003936063688C
:10D2100091680343A069034320460B439360D4E91C
:10D22000021343EA01431361FFF7ACFF50B92268D0
:10D230006569D36C23F00303D364E369D16C2B439A
:10D240000B43D3642368FF225A6210B9012384F888
:10D25000213038BD0120FCE70023092803D840EA2B
:10D260000310C0B270470A380133C0B2F5E72DE9A8
:10D27000F04190F8203006460F469046012B4FF0C3
:10D28000020354D0012280F82130036880F8202066
:10D29000CA225A6253225A62FFF754FF70BB3168A8
:10D2A00038787C78BD788A68B8F1000F32D112F0F6
:10D2B000400208BFFA70FFF7CFFF02462046FFF793
:10D2C000CBFF04462846FFF7C7FFFD7840EA8555A7
:10D2D00045EA024242EA042303F07F3323F0FE438F
:10D2E0000B608B6823F480238B608A68D7E9033056
:10D2F0000343304613438B60FFF744FF3368FF223C
:10D300005A6210B9012386F82130002386F82030B4
:10D31000BDE8F081240212F0400244EA004408BF54
:10D32000FA70F87844EA050343EA8053D4E71846D4
:10D33000EEE72DE9F04190F820300646012B4FF042
:10D3400002033FD0012086F8213086F820000D78B6
:10D35000C8784C786D0391F80280AABBE30603D528
:10D3600024F010040A344C70FFF776FF0746487823
:10D37000FFF772FF04464046FFF76EFF40EA0502E2
:10D3800042EA074545EA04243368CA2230465A6215
:10D3900053225A62FFF7D6FE40B924F07F44326828
:10D3A000304624F0C0045460FFF7ECFE3368FF22DF
:10D3B0005A6210B9012386F82130002386F8203004
:10D3C000BDE8F0811846FBE745EA004545EA080359
:10D3D00043EA0424D8E7030900F00F0003EB8303BA
:10D3E00000EB4300C0B270470368503343F821207C
:10D3F000704790F82030012B4FF0020312D080F8D4
:10D400002130CA2203685A6253225A629A6842F053
:10D4100020029A60FF225A62012380F82130002303
:10D4200080F82030184670472DE9F047054686B051
:10D43000884604F08BF808218146286801F0A8FC92
:10D44000044648BB696C2868090401F0ACFD044639
:10D4500010BB4FF0FF300823302669460494CDE915
:10D46000000302232868CDE902630123059301F03C
:10D47000C0FB286801F0C9FD044668B907460646A6
:10D4800040F22A5A2868426B12EA0A0F426B07D010
:10D49000120719D508248463204606B0BDE8F0873A
:10D4A000110308D43CB901F075FB06462868012435
:10D4B00001F070FB074604F049F8A0EB09000130C9
:10D4C000E0D14FF00044E7E7426B930701D5022417
:10D4D000E1E7446B14F0200401D02024DBE7044A88
:10D4E0003FBA36BA8263C8F80070C8F80460D3E760
:10D4F0003A0F00187047704710B5044668B103230F
:10D5000080F83030006801F053FB2046FFF7F3FF4E
:10D510000020606384F8300010BD0120FCE70000AB
:10D520002DE9F04F0E4687B0044692461F4604F0A0
:10D530000DF8814636B9636B43F000634FF0010884
:10D54000636311E094F83030012B5FFA83F840F008
:10D55000C1800AEB0703226D00219342616307D962
:10D56000636B43F000736363404607B0BDE8F08F20
:10D5700003230225206884F83030A36BC16269461A
:10D58000012B4FF0FF3300934FEA472318BF4FEAB8
:10D590004A2A01939023CDE902350023CDE90433D3
:10D5A00001F027FB2068012FC36843F04003C360EC
:10D5B00010D95146E56201F01DFC88B12368474A45
:10D5C0009A63636B18436063012384F8303000234F
:10D5D000E362C9E701235146E36201F0F2FBECE7A5
:10D5E000019D2068436B13F4957F1BD0C36823F023
:10D5F0004003C360436BDB0508D5012F06D9A36B3D
:10D60000032B03D001F08CFC0028D7D12368586B82
:10D6100010F0080039D0314A9A63636B43F0080375
:10D620006363D1E7436B1A0419D51F2D17D906F18F
:10D63000040A06F1240B20680AF1040A01F0AAFA90
:10D640000AF8080C020A0AF8072C020C0AF8062C41
:10D65000020E0AF8052CDA45EDD12036203D03F004
:10D6600075FF109BA0EB09009842BAD323684FF0D6
:10D6700003081A4A9A63636B43F000436363012310
:10D6800084F830300023E3626EE7596B11F0020139
:10D690000AD0124A9A63636B43F002036363012367
:10D6A00084F83030E0625FE75A6B12F020020AD053
:10D6B0000A4A9A63636B43F020036363012384F88F
:10D6C0003030E16250E7064990469963012384F8BF
:10D6D000303049E7636B43F000532FE7FF0FE01F43
:10D6E0003A0F00182DE9F04F0D4689B004469246D6
:10D6F0001F4603F02BFF814635B9636B43F000638F
:10D700004FF00108636311E094F83030012B5FFAA9
:10D7100083F840F0B3800AEB0703226D00219342A7
:10D72000616307D9636B43F000736363404609B0DC
:10D73000BDE8F08F0323206884F83030A36BC1620A
:10D740009021012B4FF0FF3302934FEA472318BF7C
:10D750004FEA4A2A03930023CDE9041302A9CDE935
:10D76000063301F046FA2068012FC36843F04003F6
:10D77000C36011D920235146E36201F06DFB88B1EB
:10D780002368404A9A63636B18436063012384F8FB
:10D7900030300023E362C9E710235146E36201F011
:10D7A00042FBECE7039E2068436B13F48D7F1BD094
:10D7B000C36823F04003C360436BDB0508D5012F2A
:10D7C00006D9A36B032B03D001F0AAFB0028D7D105
:10D7D0002368586B10F008002BD02A4A9A63636BB9
:10D7E00043F008036363D1E7436B5A040DD51F2E42
:10D7F0000BD905F1200B55F8043B01A920680193D2
:10D8000001F0CBF9AB45F6D1203E03F09FFE129B11
:10D81000A0EB09009842C6D323684FF00308194AC9
:10D820009A63636B6363012384F830300023E362FF
:10D830007CE7596B11F002010AD0124A9A63636BBC
:10D8400043F002036363012384F83030E0626DE744
:10D850005A6B12F010020AD00A4A9A63636B43F0C3
:10D8600010036363012384F83030E1625EE7064908
:10D8700090469963012384F8303057E7636B43F097
:10D8800000533DE7FF0FE01F3A0F0018F8B590F87E
:10D89000303004460E461546012BDFB252D100212E
:10D8A0009642416305D9436B43F000636363384696
:10D8B000F8BD036D934203D2436B43F00073F5E769
:10D8C000032380F83030236C00689A0608D41E4B7E
:10D8D0008363636B43F08063636384F83070E6E7CF
:10D8E00001F084F9830106D52368174A9A63636BB4
:10D8F00043F40063F0E7A36B012B03D0032B16D096
:10D9000076026D023146206801F0BFFA48B1236803
:10D910000D4A9A63636B18430123606384F83030C7
:10D92000C5E72946206801F0C9FA0028EFD1002197
:10D93000206801F0DCFA0028E9D10123074684F8C9
:10D940003030B4E70227B2E7FF0FE01F7047000056
:10D95000C36D9A0F0A70C3F383624A70C3F3016206
:10D960008A70C3F30742CA70C3F30722DBB20A719D
:10D970004B71036E1A0DCA80C3F303420A72C3F3DC
:10D98000C0324A72C3F380328A72C3F34032CA7221
:10D99000C3F300320A7300224A73826B10B5002A67
:10D9A0006BD140F6FC74426E04EA830343EA92733F
:10D9B0000B61C2F3C2630B75C2F302634B75C2F312
:10D9C00042538B75C2F38243C2F3C232CB750A76DF
:10D9D0000B690A7E013302F007020232934083642E
:10D9E0000A7A02F00F040122A240C264520A534391
:10D9F00003654FF400734365436EC3F380324A7688
:10DA0000C3F3C61203F07F038A76CB76836E0020C1
:10DA1000DA0F0A77C3F341724A77C3F382628A77D7
:10DA2000C3F38352CA77C3F3405281F82020C3F373
:10DA3000004281F8210081F82220C3F3C03281F82E
:10DA40002320C3F3803281F82420C3F3403281F8CD
:10DA50002520C3F3003281F82620C3F3812281F808
:10DA60002720C3F30122C3F3460381F8282081F85D
:10DA70002930012381F82A3010BD012A0FD11B045F
:10DA8000B0F8662003F47C1313430B610B69013378
:10DA90009B02836403654FF40073C364ABE70368C0
:10DAA000054A9A63436B43F080534363012380F834
:10DAB00030301846E0E700BFFF0FE01F2DE9F041CE
:10DAC000002794B004464FF48030CDE90477CDE9C7
:10DAD0000677FFF74FF9054648B901254FF0006377
:10DAE00084F830506363284614B0BDE8F081734E6B
:10DAF00004ABB0FBF6F607983146089676008DE841
:10DB0000030020680ECB01F02BF8206801F04AF8E2
:10DB10006B48B5FBF6F5B0FBF5F00130F9F7F6F917
:10DB20002068039701F078F8064698B9206801F05C
:10DB3000CDFB30B12068E66301F06EF888B106468F
:10DB400008E00123E3630021206801F02CFA58B1BA
:10DB50004FF08056012584F83050606B06436663B1
:10DB6000C1E7E36B012BEED04FF6FE750021DFF825
:10DB700058812F46039BAB4200D8B9B1039BBB42EF
:10DB80002AD816F0804F4FF0010300D0A36320681D
:10DB9000ADF80A3001F012F808BB4FF080600125A3
:10DBA00084F83050616B084360639CE7206801F0A3
:10DBB000FAF906460028CDD14146206801F0E8FA7E
:10DBC0000028C5D13146206801F010F8039B0646B5
:10DBD000C10F01330393CDE74FF08076BAE7A36B13
:10DBE000032B42D0206801F083FA0028D7D10146E8
:10DBF000206800F0FBFF0421E066206800F0F6FFDB
:10DC000008212067206800F0F1FF0C216067206880
:10DC100000F0ECFFA36BA067032B26D00DF10A01E7
:10DC2000206801F00FFB0028B9D1A36B2068032BFB
:10DC30001BD0BDF80A106164090401F06FFA0028D6
:10DC4000ADD10146206800F0D1FF0421E0652068D5
:10DC500000F0CCFF08212066206800F0C7FF0C21EF
:10DC60006066206800F0C2FFA0660421206800F012
:10DC7000BDFF09A9000D20642046FFF769FE054697
:10DC800010B14FF080508AE7616C2068090401F000
:10DC900071F9002883D14FF40071206801F078F801
:10DCA00000283FF420AF23680125064A9A63636B7E
:10DCB0001843606384F8305015E700BF00350C004E
:10DCC00010210100FF0FE01F000010C12DE9F041FD
:10DCD000044696B00D4603F039FC00210646206844
:10DCE00000F084FF83010BD54FF400602368012509
:10DCF000534A9A63636B1843606384F830508AE038
:10DD00004021206801F044F810B1636B6363EDE7D4
:10DD1000616C2068090401F046F90028F5D1402320
:10DD20004FF0FF374FF0600C049069462068CDE952
:10DD300000730223CDE902C30123059300F059FFCC
:10DD4000206801F094F90028DFD106AF23685A6BF0
:10DD500012F4957F0AD05A6B11076FD45A6B920751
:10DD60006AD45B6B9B061ED52020BFE75B6B180453
:10DD700008D507F12008206800F00CFF47F8040BD5
:10DD8000B845F8D103F0E2FB801B0130DED14FF043
:10DD90000040ABE700F0FEFE47F8040B03F0D6FBB3
:10DDA000801B0130F3D02068436B13F48053F1D112
:10DDB0000699244A8263C1F381122A70C1F340128A
:10DDC0006A700A0A22F0FF0242EA116292B26A8085
:10DDD000079A12BA6A60089AD1B22972C2F307216F
:10DDE0006972C2F30351120CA972099922F0FF0261
:10DDF000C8B20243AA81C1F38522AA73C1F30122EA
:10DE0000EA73C1F3031201F00F012A749DF82B206D
:10DE10006974AA741D464FF40071206800F0B8FFC1
:10DE200030B123680125064A9A63606384F8305054
:10DE3000284616B0BDE8F081022057E7082055E7D4
:10DE4000FF0FE01F3A0F0018836B0B60C36B4B6032
:10DE5000036C8B60436CCB60836C0B61C36C4B6158
:10DE6000036D8B61436D0020CB617047032330B598
:10DE700080F8303089B0836B04460D46032B02D006
:10DE8000B1F5004F03D1636B43F0805353E0B1F51C
:10DE9000804F2AD100210068CDE9031100F0A6FED1
:10DEA00080011CD403A92046FFF7BEFA60B9049B89
:10DEB000590317D5616C2068090401F074F818B98A
:10DEC0000221206801F088F8636B18436063636B7C
:10DED000002B32D02368464A9A6301255BE04FF459
:10DEE0000060F1E74FF08060EEE709BB0068CDE924
:10DEF000031100F07BFE820114D403A92046FFF732
:10DF000093FA60B9049BDB030FD5616C20680904A8
:10DF100001F049F818B90146206801F05DF8616B1D
:10DF20000843D3E74FF40060F9E74FF08060F6E76D
:10DF3000436B43F000636363C9E74FF48030FEF73F
:10DF400019FF00284FD063682A490393A368B0FBE8
:10DF5000F1F2CDE90435236906936369934201D355
:10DF600007930DE0A56DB5F5007FF9D0B5F5807F7D
:10DF70002CD12BBB884221D91F4BB0FBF3F007906B
:10DF800008AB002513E9030003AB8DE8030020680C
:10DF90000ECB00F0E5FD4FF40071206800F0F8FEB4
:10DFA00030B123680125124A9A63636B184360639A
:10DFB0000123284684F8303009B030BD0023CFE774
:10DFC0005A00B0FBF2F28A42CAD9D5E70B491BB915
:10DFD0008842F3D90792D3E75D00B0FBF5F08842A1
:10DFE00088BF1346BCE7636B43F00063636374E769
:10DFF000FF0FE01F80F0FA0200E1F50540787D0197
:10E00000416C10B509040446006801F017F830B9F6
:10E010000146206800F0EAFDC0F3432010BD616BAB
:10E02000084360630020F7E770B5044686B018B96E
:10E030000125284606B070BD90F8303003F0FF028D
:10E0400013B90276FFF756FA0323204684F83030DE
:10E05000FFF734FD0028EBD101A92046FFF736FE7B
:10E060000028E5D1A16B9DF8142001299DF81530F9
:10E07000D2B2DBB21CD1134314BF4FF400734FF480
:10E080008073A365E1682046FFF7F0FE054600288F
:10E09000CED103F05BFA06462046FFF7B1FF042815
:10E0A00008D100236363E362012384F83030C0E7C2
:10E0B000A065E7E703F04AFA801B0130ECD14FF08E
:10E0C000004303256363012384F83030B1E77047D0
:10E0D0007047704770470000F7B5C56A044600688E
:10E0E000436B1B0420D52F071ED5A36A1F2B19D9FC
:10E0F000666A351D06F124072068043500F04AFDE4
:10E1000005F8080C030A05F8073C030C000E05F897
:10E11000063C05F8050CBD42EED1A36A2036203B33
:10E120006662A36203B0F0BD436BDE0553D54FF4C6
:10E1300080738363C36B23F4414323F03A03C363C7
:10E14000C36B23F08053C363C36823F04003C360F1
:10E1500015F008031FD015F0220F08D000F0E0FEE4
:10E1600028B1636B184360632046FFF7EFFB236819
:10E17000A907694A9A634FF0010384F830304FF0E1
:10E180000003E36203D02046E6F73CF8CAE72046E6
:10E19000E6F733F8C6E72A06C4D515F0220F8362E6
:10E1A000C362036508D000F0BBFE28B1636B18435F
:10E1B00060632046FFF7CAFB012315F0300F84F897
:10E1C00030304FF00003E36202D02046E6F715F846
:10E1D000AF07A7D0D7E7436B5E0427D5290725D51E
:10E1E000236A1F2B9ED9E669351D06F1240715F811
:10E1F000043C043501A92068019315F8072C43EA73
:10E200000223019315F8062C43EA0243019315F803
:10E21000052C43EA0263019300F0BFFCAF42E6D154
:10E22000236A2036203BE66123627BE7436B13F0D1
:10E230003A0F436B56D09A0703D5636B43F0020342
:10E240006363436B1B0703D5636B43F0080363638E
:10E25000436B9F0603D5636B43F020036363436BFB
:10E26000DE0603D5636B43F0100363632A4B8363BD
:10E27000C36B23F49D73C363C36823F04003C3607F
:10E28000C36A43F40053C362C36843F08003C360AE
:10E2900000F046FE636B15F0080140EA03002368B6
:10E2A0006063DA6822F08002DA604FF400629A63F9
:10E2B00008D0012384F830300023E3622046FFF7C2
:10E2C00045FB2FE728067FF52DAF626B002A3FF450
:10E2D00029AFDA6B22F08052DA631965012384F8E2
:10E2E0003030EBE7DA007FF51DAF4FF0805305F0DB
:10E2F00020058363036D20465B0706D415B1FFF745
:10E30000E9FE0FE7FFF7E4FE0CE715B1FFF7E1FECA
:10E3100008E7FFF7DCFE05E73A0F0018704700003A
:10E32000304A0368904212D0B0F1804F0FD0A2F56E
:10E330007C4290420BD002F58062904207D002F5F9
:10E340008062904203D002F57842904219D14A6827
:10E3500023F070031343234A90421DD0B0F1804F45
:10E360001AD0A2F57C42904216D002F5806290420B
:10E3700012D002F5806290420ED002F578429042AF
:10E380000AD0194A904207D002F58062904203D029
:10E3900002F58062904203D123F44073CA681343AC
:10E3A0004A6923F08003134303608B68C3620B68E0
:10E3B00083620C4B98420FD003F5806398420BD0D8
:10E3C00003F57053984207D003F58063984203D059
:10E3D00003F58063984201D10B6903630123436114
:10E3E000704700BF000001400040014010B50446E6
:10E3F00050B390F83D3003F0FF021BB980F83C2089
:10E40000FFF78CFF02232068211D84F83D30FFF7C1
:10E4100087FF0123002084F8483084F83E3084F8D8
:10E420003F3084F8403084F8413084F8423084F83A
:10E43000433084F8443084F8453084F8463084F81A
:10E44000473084F83D3010BD0120FCE701F01F018A
:10E45000036A10B501248A408C4023EA0403036256
:10E46000036A1A43026210BD10B5044629B990F838
:10E470003E30012B31D0012010BD042907D190F886
:10E480003F30012BF7D1022380F83F3028E00829E4
:10E4900007D190F84030012BEDD1022380F84030B5
:10E4A0001EE00C2907D190F84130012BE3D1022363
:10E4B00080F8413014E0102907D190F84230012B48
:10E4C000D9D1022380F842300AE090F84330012B82
:10E4D000D1D1022380F8433002E0022380F83E309D
:10E4E00001222068FFF7B2FF2368204A934219D027
:10E4F00002F58062934215D002F57052934211D01A
:10E5000002F5806293420DD002F58062934209D0F9
:10E51000B3F1804F0ED19968154A0A40062A21D1DD
:10E520000020A9E75A6C42F400425A640F4A934211
:10E53000EED1F0E70F4A9342EDD002F580629342AC
:10E54000E9D002F580629342E5D002F57842934229
:10E55000E1D0A2F56C429342DDD01A6842F001028C
:10E560001A60DDE7B2F5803FF7D1D9E7000001403E
:10E57000070001000004004070470000F0B50446A9
:10E580000368C06987B02169A2681D680A43616990
:10E590000A43A449024329400A43E1681A605A68C1
:10E5A00022F440520A43A1695A609F4A93421CBF19
:10E5B000226A11439A6822F06E4222F430620A43C2
:10E5C000616A9A60DA6A22F00F020A43DA62974AB5
:10E5D00093421BD1964B5B6D03F03803282B6CD80C
:10E5E000944AB0F5004FD35C40F00281082B00F252
:10E5F000BF80082B61D8DFE813F0E700EC00600073
:10E600006000EF00600060006000F4008A4A9342FE
:10E6100007D1874B5B6D03F00703052B4DD8874A65
:10E62000DFE7874A934207D1814B5B6D03F0070315
:10E63000052B42D8834AD4E7834A934207D17C4BC7
:10E640005B6D03F00703052B37D8804AC9E7804A82
:10E65000934207D1764B5B6D03F00703052B2CD853
:10E660007C4ABEE77C4A934207D1714B5B6D03F055
:10E670003803282B21D8794AB3E7794A934207D146
:10E680006B4B5B6D03F00703052B16D8754AA8E7A3
:10E69000754A934207D1664B5B6D03F00703052B68
:10E6A0000BD8724A9DE7604A934206D102F50E32BA
:10E6B000936D03F00703052B01D901200EE06C498F
:10E6C000CB5C102B23D011D8042B16D0082B19D0DB
:10E6D000022BF2D1FEF744F910BB00204FF00113DA
:10E6E000A3660023C4E91C3307B0F0BD202B3DD046
:10E6F000402BE2D14FF4004012E06846FEF742F9A9
:10E700000198E9E703A8FEF7E5F90498E4E7136840
:10E71000584813F0200F03D01368C3F3C103D84047
:10E72000554B626A656833F8122005EB4501B0FB72
:10E73000F2F39942C1D8B3EB053FBED800230021C4
:10E7400006F006FD2A460F020023060247EA10677C
:10E750006808301847F1000106F0FAFC474BA0F5B5
:10E7600040729A42A9D82368D860B6E74448D7E7F0
:10E77000202B3BD0402B0BD0102B9ED12C4B3D4857
:10E780001A6812F0200F03D01B68C3F3C103D840EE
:10E79000616A394B626833F81130B0FBF3F350080B
:10E7A00000EB4300B0FBF2F083B24FF6EF72A3F13F
:10E7B0001001914281D820F00F00C3F34203226878
:10E7C00080B21843D06088E7FDF73EFA002884D075
:10E7D000DEE7FDF74BFAF9E76846FEF7D3F8019854
:10E7E000F4E703A8FEF776F90498EFE72448CFE7AB
:10E7F000082B47D8082B3FF660AF01A252F823F050
:10E80000D5E80508E1E80508BBE60508BBE605080C
:10E81000E7E80508BBE60508BBE60508BBE6050812
:10E82000F1E80508F369FFCF000C00580010014023
:10E830000044025860440708004400408944070827
:10E840000048004089440708004C004089440708FC
:10E850000050004089440708001401406044070844
:10E860000078004089440708007C0040894407087C
:10E870008F4407080090D00396440708FFFC0F0060
:10E8800000093D00202B38D0402B38D0102B7FF4CE
:10E8900014AF1D4A136813F0200F1C4B32D01068C0
:10E8A000C0F3C10023FA00F0616A194B626833F8C3
:10E8B0001130B0FBF3F303EB5203B3FBF2F39BB263
:10E8C0004FF6EF72A3F1100191423FF6F6AE2268C7
:10E8D000D36002E7FDF7B8F900283FF4FEAEE3E7A6
:10E8E000FDF7C4F9F8E76846FEF74CF80198F3E73E
:10E8F00003A8FEF7EFF80498EEE70648D4E74FF4D4
:10E900000040D1E71846CFE7004402580090D003FA
:10E910009644070800093D00836ADA0710B506D55A
:10E920000168C46A4A6822F4003222434A609C07A4
:10E9300006D50168046B4A6822F4803222434A609B
:10E94000590706D50168446B4A6822F480222243A5
:10E950004A601A0706D50168846B4A6822F40042AF
:10E9600022434A60DC0606D50168C46B8A6822F43B
:10E97000805222438A60990606D50168046C8A6831
:10E9800022F4005222438A605A0610D50168446C72
:10E990004A68B4F5801F22F4801242EA04024A60F9
:10E9A00005D14A68846C22F4C00222434A601B06E7
:10E9B00006D50268C16C536823F400230B435360EF
:10E9C00010BD2DE9F041DDF8188004460E461546CD
:10E9D0001F462268D36936EA03030CBF01230023D4
:10E9E000AB4201D000201CE0B8F1FF3FF2D002F0B2
:10E9F000ADFDC01B40452068036802D8B8F1000F88
:10EA000011D123F4D0730360836823F00103836082
:10EA10002023C4F88430C4F888300023032084F80D
:10EA20008030BDE8F0815A07D3D5C3691B05D0D526
:10EA30004FF400630362036823F4D07303608368B8
:10EA400023F0010383602023C4F88430C4F88830A5
:10EA5000C4F88C30E1E730B50025044685B0C0F835
:10EA60008C5002F073FD226803461268110717D418
:10EA700022681268520709D56FF07E424FF4800178
:10EA8000204600920022FFF79CFFB0B9202300200F
:10EA9000C4F8843084F88000C4F88830E0660DE063
:10EAA0006FF07E4203904FF40011204600922A46F8
:10EAB000FFF787FF039B0028DAD0032005B030BDA5
:10EAC00010B5044650B3D0F884301BB980F88030BC
:10EAD000FFF752FD226824232046C4F884301368CF
:10EAE00023F001031360FFF749FD012816D0A36A44
:10EAF00013B12046FFF710FF236820465A6822F41E
:10EB000090425A609A6822F02A029A601A6842F08B
:10EB10000102BDE810401A60FFF79DBF012010BD43
:10EB200090F88030012B09D00268136843F002038B
:10EB30001360002380F88030184670470220704729
:10EB400090F88030012B09D00268136823F002038B
:10EB50001360002380F88030184670470220704709
:10EB600084B010B503AC84E80E00DDE903324168DF
:10EB70001343059A1343069A1343079A1343044A0F
:10EB80000A40BDE81040134304B0436000207047C2
:10EB9000002CC0FFD0F8800070470B68C0F88030B0
:10EBA00000207047036843F00303036000207047B0
:10EBB000036823F00303036000207047006800F03F
:10EBC000030070470B6810B58360C468D1E9013257
:10EBD0001343CA6813430A691343034A2240134389
:10EBE000C360002010BD00BFC0E0FEFF14304058DD
:10EBF00070470B6810B543624B688362C26AD1E903
:10EC0000023422F0FF0223430C69496923430B437A
:10EC10001343C362002010BD10B5002386B0044624
:10EC200001A9CDE90133CDE903334FF480530593B6
:10EC3000FFF7C8FF0A4B4FF4FA521B68B3FBF2F21E
:10EC400041F288335343013B07D3626B1206FAD576
:10EC5000044B0020A36306B010BD4FF00040FAE75C
:10EC60009C0E0024C5002000454B10B51B680446CF
:10EC70004FF4FA50B3FBF0F342485A43002A48D00D
:10EC8000636B034207D09B0405D4636B580704D51C
:10EC90000420A06310BD013AF0E7606B10F00100A2
:10ECA00002D00123A363F5E7374BA3632369DBB2EB
:10ECB000994231D16369354818400028EAD0002BC9
:10ECC0002CDB5A002DD49C002DD4D9002DD41A0150
:10ECD0002ED45C012FD4D90130D41A0231D45C0275
:10ECE00032D4990233D4DA0234D45C0335D4990394
:10ECF00036D4DA0337D41C0438D4590439D49A04EE
:10ED00003AD413F0080F14BF4FF400004FF48030D2
:10ED1000C0E74FF00040BDE70120BBE74FF00070B7
:10ED2000B8E74020B6E78020B4E74FF48070B1E741
:10ED30004FF40070AEE74FF48060ABE74FF4006033
:10ED4000A8E74FF48050A5E74FF40050A2E74FF436
:10ED500080409FE74FF400409CE74FF4003099E774
:10ED60004FF4802096E74FF4002093E74FF4801093
:10ED700090E74FF400108DE74FF480008AE700BF62
:10ED80009C0E002445002000C500200008E0FFFD87
:10ED900030B54FF4807387B01025002204460191EE
:10EDA00001A9CDE902534FF48053CDE90423FFF7C5
:10EDB00009FF41F2883229462046FFF755FF07B088
:10EDC00030BD30B54FF4807387B011250022044662
:10EDD000019101A9CDE902534FF48053CDE90423F9
:10EDE000FFF7F0FE41F2883229462046FFF73CFF4C
:10EDF00007B030BD30B54FF4807387B012250022C4
:10EE00000446019101A9CDE902534FF48053CDE9A5
:10EE10000423FFF7D7FE41F2883229462046FFF748
:10EE200023FF07B030BD30B54FF4807387B018258D
:10EE300000220446019101A9CDE902534FF4805309
:10EE4000CDE90423FFF7BEFE41F288322946204671
:10EE5000FFF70AFF07B030BD30B54FF4807387B0BD
:10EE6000192500220446019101A9CDE902534FF46E
:10EE70008053CDE90423FFF7A5FE41F288322946ED
:10EE80002046FFF7F1FE07B030BD30B54FF4807378
:10EE900087B0202500220446019101A9CDE9025343
:10EEA0004FF48053CDE90423FFF78CFE41F2883202
:10EEB00029462046FFF7D8FE07B030BD30B54FF4E5
:10EEC000807387B0212500220446019101A9CDE974
:10EED00002534FF48053CDE90423FFF773FE41F250
:10EEE000883229462046FFF7BFFE07B030BD30B557
:10EEF0004FF4807387B0262500220446019101A9B2
:10EF0000CDE902534FF48053CDE90423FFF75AFEB5
:10EF10004FF2186229462046FFF7A6FE07B030BD23
:10EF200030B5002387B00C254FF48072044601A948
:10EF3000CDE90323CDE901354FF480530593C36830
:10EF400043F08003C360C36823F04003C360FFF74E
:10EF500039FE074A29462046FFF786FEE368B0F1EE
:10EF6000007F08BF002023F08003E36007B030BDBE
:10EF700000E1F50530B54FF4807387B00725002216
:10EF80000446019101A9CDE902534FF48053CDE924
:10EF90000423FFF717FE41F2883229462046FFF787
:10EFA00063FE07B030BD30B54FF4807387B03725AE
:10EFB00000220446019101A9CDE902534FF4805388
:10EFC000CDE90423FFF7FEFD41F2883229462046B1
:10EFD000FFF74AFE07B030BD30B54FF4807387B0FD
:10EFE000062500220446019101A9CDE902534FF400
:10EFF0008053CDE90423FFF7E5FD41F2883229462D
:10F000002046FFF731FE07B030BD30B5002387B092
:10F0100033254FF48072044601A9CDE90323CDE9DD
:10F0200001354FF480530593FFF7CCFD41F2883250
:10F0300029462046FFF718FE07B030BD30B54FF423
:10F04000807387B00D2500220446019101A9CDE906
:10F0500002534FF48053CDE90423FFF7B3FD41F28F
:10F06000883229462046FFF7FFFD07B030BD30B596
:10F07000002387B00D254FF48072044601A9CDE925
:10F080000323CDE901354FF480530593FFF79AFD33
:10F0900041F2883229462046FFF7E6FD07B030BD31
:10F0A000114B4FF4FA5102461B68B3FBF1F141F2E8
:10F0B00088334B43013B13D3516B11F0450FF9D00B
:10F0C0008904F7D4536B5B0702D504209063704723
:10F0D000506B10F0010014BF0123044B9363704781
:10F0E0004FF00040704700BF9C0E0024C500200078
:10F0F00010B5002386B00222044601A9CDE90132F1
:10F100004FF44072CDE903234FF480530593FFF78A
:10F1100059FD2046FFF7C4FF06B010BD10B5092207
:10F1200086B04FF44073044601910021CDE90223DB
:10F130004FF48053CDE9041301A9FFF743FD2046A6
:10F14000FFF7AEFF06B010BD0F4B4FF4FA51024669
:10F150001B68B3FBF1F141F288334B43013B0FD302
:10F16000516B11F0450FF9D08904F7D4506B10F0B2
:10F17000040002D0042090637047044B93637047EF
:10F180004FF00040704700BF9C0E0024C5002000D7
:10F1900010B5292286B04FF48073044601910021F6
:10F1A000CDE902234FF48053CDE9041301A9FFF701
:10F1B00009FD2046FFF7C8FF06B010BD1F4B10B574
:10F1C0001B6804464FF4FA50B3FBF0F041F2883369
:10F1D0004343013B29D3606B10F0450FF9D0800405
:10F1E000F7D4636B580702D50420A06310BD606B91
:10F1F00010F0010002D00123A363F7E72369DBB21B
:10F20000994215D10E4BA363636913F4604002D198
:10F210001B0C1380EAE75A040CD413F4004F14BFFC
:10F220004FF480504FF48030E0E74FF00040DDE7CE
:10F230000120DBE74FF40050D8E700BF9C0E00240C
:10F24000C500200030B589B0002303250446019194
:10F250004FF48071CDE90335CDE905134FF48053A8
:10F2600003A90793FFF7AEFC019A29462046FFF752
:10F27000A5FF09B030BD0000134B4FF4FA51024610
:10F280001B68B3FBF1F141F288334B43013B17D3C9
:10F29000516B11F0450FF9D08804F7D4536B59071F
:10F2A00002D5042090637047506B10F0010002D02B
:10F2B000012393637047536B5B0603D54023F8E744
:10F2C0004FF00040704700BF9C0E002410B54FF473
:10F2D000D57286B008234FF480710446CDE901232E
:10F2E0000023CDE903134FF4805301A90593FFF7E1
:10F2F00069FC2046FFF7C0FF06B010BD0A4B013B7A
:10F300000FD00269002AFADA0369074A43F00103C1
:10F310000361013A05D0036913F00103F9D11846DE
:10F3200070470320704700BF410D030084B038B51B
:10F3300005AD044685E80E000A9B012B2FD1836B97
:10F3400023F480338363C36823F4840323F04003EE
:10F35000C360C36823F44013C360119B012B03D126
:10F36000C36843F48013C3602046FFF7C7FF089BC0
:10F37000012B10D1E36D9BB2E365E36D43F07B732A
:10F3800043F40033E365A36843F00603A360A36876
:10F3900043F02003A360BDE8384004B07047C36861
:10F3A00043F04003C360FFF7A9FF0E9B23B9A36B93
:10F3B00043F48033A363DAE7A36B23F48033F9E7E4
:10F3C000022A4AD1274B284A0B44934239D9274B6A
:10F3D000274A0B44934236D9A1F57403254AA3F575
:10F3E0001053934231D9A1F18373234AA3F5E74324
:10F3F00093422CD3214B224A0B44934229D9214BCF
:10F40000214A0B44934226D3204B214A0B4493427A
:10F4100023D3A1F1B7731F4AA3F5585393421ED3C8
:10F420001D4B1E4A0B44934234BF07230623C26878
:10F4300022F47052C260C26842EA8323C360002093
:10F4400070470F23F3E70E23F1E70D23EFE70C23BB
:10F45000EDE70B23EBE70A23E9E70923E7E70823B6
:10F46000E5E700BF405327FFFF340C00401E1BFFA1
:10F470003F420F007F4F120020D6130060B6E5FE1A
:10F480005FE3160000D3CEFE40771B00C05BB3FEE7
:10F49000C091210020753800E05459FEE09C4100E5
:10F4A000836843F00103836000207047836823F082
:10F4B000010383600020704708B5C368012923F069
:10F4C000C043C36008D1C36843F00053C360322017
:10F4D000F7F71CFD002008BD19B9C36843F080434D
:10F4E000F4E70120F7E700008901074A41F0200115
:10F4F0000161013A05D0036913F02003F9D11846E0
:10F5000070470320704700BF410D03001023064AD7
:10F510000361013A05D0036913F01003F9D11846CD
:10F5200070470320704700BF410D0300D0F800383A
:10F530001943C0F8001800207047000084B02DE97E
:10F54000F843044609A80E4680E80E000023139DE8
:10F55000194603F14002013304EB82020F2B516084
:10F56000F7D104F50067002D6CD17B6843F00203EE
:10F570007B60A36B23F40013A363236843F0400371
:10F580002360236843F0800323600023C4F8003E17
:10F59000D4F80038C4F800380E9B012B59D10B99D0
:10F5A000002954D120464FF67F38FFF7BFFF1021C6
:10F5B0002046FFF799FF01462046FFF7A7FF0843C3
:10F5C000002304F51062C0B24FF0904C19464FF082
:10F5D000006E00383B617B6118BF0120FB61B342C4
:10F5E00039D1002204F530634FF0904C4FF0006E9B
:10F5F00011464FF67F38B24240D13B6923F4807305
:10F600003B610023A3616FF0804363610C9B1BB9D6
:10F61000A36943F01003A361A269224B1343A361C2
:10F620000F9B1BB1A36943F00803A361012D05D112
:10F63000A36943F0804343F00403A361BDE8F843AA
:10F6400004B07047A36B43F40013A3639DE719460E
:10F65000A8E70321A6E7D2F80090B9F1000F0BDA72
:10F660003BB9C2F800E011610133C2F808802032D2
:10F67000B5E7C2F800C0F6E71160F4E7D3F80090F0
:10F68000B9F1000F0BDA3AB9C3F800E019610132A1
:10F69000C3F808802033AEE7C3F800C0F6E719606E
:10F6A000F4E700BF00383C80D0F8083813F00600BB
:10F6B00004D013F0020F14BF02200F20704730B5A2
:10F6C0000D78012400F5006205F00F0300EB4510F2
:10F6D0009C404B78012BD36918D11C43D461D0F8DE
:10F6E00000391A0410D48A68D0F80049C2F30A031A
:10F6F000CA78234343EA824343EA855343F0805365
:10F7000043F40043C0F80039002030BD43EA04440C
:10F71000D461D0F8003B1B04F6D48B68D0F8002BE2
:10F72000C3F30A031343CA7843EA824343F0805386
:10F7300043F40043C0F8003BE6E7000010B50A7848
:10F74000497800EB421300F50060012902F00F0236
:10F7500022D1D3F8001900290BDAD3F8001941F0AF
:10F760000061C3F80019D3F8001941F08041C3F8D3
:10F7700000190121C46B01FA02F224EA0204C463F5
:10F78000C16921EA0202C261154AD3F800190A4090
:10F79000C3F80029002010BDD3F8001B00290BDAA4
:10F7A000D3F8001B41F00061C3F8001BD3F8001B25
:10F7B00041F08041C3F8001B4FF48031C46B01FA63
:10F7C00002F224EA0204C463C16921EA0202C261AE
:10F7D000044AD3F8001B0A40C3F8002BDAE700BF45
:10F7E000007833EC0078F3EF4B78DFF8ECC0012BB6
:10F7F000F0B50E784D6900EB4614364F46D104F54E
:10F800001063BDB91D692F401F611D6945F40025B6
:10F810001D611D6905EA0C05012A1D6123D10A69D4
:10F8200002B15A61D4F8003943F00443C4F80039F6
:10F830000020F0BDD3F810E00EEA0C0CC3F810C0A5
:10F84000D3F810C00CEA07071F618F68AF421D692B
:10F8500045F4002538BF4F611D614D691F69C5F32F
:10F8600012053D43D8E7D4F8003943F00443C4F807
:10F8700000394B69002BDBD006F00F060123D0F8CE
:10F880003428B3401343C0F83438D1E7D4F8100B10
:10F8900004F5306300EA0C001861186938401861FB
:10F8A000886805B148611D69C0F31200012A45F45A
:10F8B00000251D611D6940EA0500186102D1CA6872
:10F8C00002B15A61D4F8003B43F00443C4F8003B52
:10F8D000AEE700BFFFFF07E00000F8FF10B59DF89E
:10F8E000084044B9033301329B0800EB023001EBBE
:10F8F00083038B4201D1002010BD51F8042B02601C
:10F90000F7E700002DE9F3414D780F78012D4B69A1
:10F9100000EB4714CE78DFF8B8C1DFF8B8E140F06B
:10F920008E8004F51065D5F810806BBB08EA0C0CCE
:10F93000C5F810C0D5F810C04CF4002CC5F810C0A4
:10F94000D5F810C00CEA0E0EC5F810E0012A4ED111
:10F950000B6903B16B61012E0CD1D0F8083813F498
:10F96000807FD4F800390CBF43F0005343F080533C
:10F97000C4F80039D4F8003943F00443C4F800391E
:10F98000002002B0BDE8F08108EA0E0E012EC5F895
:10F9900010E0D5F810E00EEA0C0CD1F808E0C5F83C
:10F9A00010C00EEB030CD5F810800CF1FF3CBCFB33
:10F9B000FEFEDFF824C10CEACE4C4CEA080CC5F878
:10F9C00010C0C3F3120CD5F810E04CEA0E0CC5F8C9
:10F9D00010C0BBD1D5F810C02CF0C04CC5F810C079
:10F9E000D5F810C04CF0005CC5F810C0AEE7D4F8F4
:10F9F0000059012E45F00445C4F800590BD0002BE6
:10FA0000BED007F00F020127D0F8343897401F43CB
:10FA1000C0F83478B4E7D0F808589BB215F4807F6A
:10FA2000D4F800590CBF45F0005545F08055C4F896
:10FA3000005900923A46C968FFF750FFA0E7D4F892
:10FA4000105B04F5306705EA0E053D613D6905EA86
:10FA50000C053D618D681BBB3B69C5F312051D4359
:10FA60003D613B6943F40023012A3B6102D1CB682D
:10FA700003B17B61012E0CD1D0F8083813F4807FDC
:10FA8000D4F8003B0CBF43F0005343F08053C4F85C
:10FA9000003BD4F8003B43F00443C4F8003B6FE75D
:10FAA0002B44DFF834C0D7F810E0013BB3FBF5F38B
:10FAB0000CEAC34C9BB24CEA0E0C6B43C7F810C067
:10FAC000D7F810C0C3F3120343EA0C03CCE700BF1E
:10FAD000FFFF07E00000F8FF0000F81F70B50023EB
:10FAE000940800F5805502F00302A34214D301EB01
:10FAF00084017AB100F5805000230468D80024FA0C
:10FB000000F0C854013398B28242F7D1013A92B260
:10FB100001321144084670BD2E6841F8236001335C
:10FB2000E3E74A780B78012A00EB431012D1D0F8B2
:10FB30000029002A06DB2BB1D0F8003923F08043DE
:10FB4000C0F80039D0F8003943F40013C0F8003988
:10FB500000207047D0F8002B002A06DB2BB1D0F82C
:10FB6000003B23F08043C0F8003BD0F8003B43F457
:10FB70000013C0F8003BEBE70B784A7800EB43102A
:10FB8000CB78012AA3F10203DBB20FD1D0F8002910
:10FB9000012B22F40012C0F8002905D8D0F8003952
:10FBA00043F08053C0F8003900207047D0F8002B94
:10FBB000012B22F40012C0F8002BF5D8D0F8003B3E
:10FBC00043F08053C0F8003BEEE710B500F510633A
:10FBD000044600F52E614FF67F329A602033C3F859
:10FBE000E8218B42F9D100222046C4F81028C4F83D
:10FBF0001428C4F81C28FFF789FC28B920461021D6
:10FC0000BDE81040FFF770BC10BDD0F80038090106
:10FC100023F4FE6301F4FE61C0F80038D0F8003828
:10FC20001943C0F8001800207047D0F8003E23F0B8
:10FC30000303C0F8003ED0F8043823F00203C0F8F4
:10FC4000043800207047D0F8003E23F00303C0F8CA
:10FC5000003ED0F8043843F00203C0F80438002016
:10FC600070474269806910407047D0F8183800F535
:10FC70000060C0691840000C7047D0F8183800F5D3
:10FC80000060C069184080B2704700EB411100F578
:10FC90000060D1F8082B40691040704710B5D0F8CB
:10FCA0001048D0F8343800EB411001F00F0100F596
:10FCB0001060CB408068DB01DBB22343184010BDED
:10FCC000406900F001007047D0F8003923F4FF6369
:10FCD00023F00703C0F80039D0F8043843F48073E8
:10FCE000C0F804380020704730B5056C00F530636B
:10FCF0000F4CA54203D9D0F8004B002C16DB002492
:10FD000001291C611C6944F400241C611C6944F035
:10FD100018041C611C6944F0C0441C6106D15A617E
:10FD2000D0F8003B43F08023C0F8003B002030BDFA
:10FD30000A30544F2B4BD3F8882042F47002C3F89A
:10FD400088201A6942F010021A61274A136803F0EA
:10FD50000F03062B05D8136823F00F0343F00703A6
:10FD60001360224B1A6842F001021A6000221A61E5
:10FD70001F4A19680A401C491A600A68120705D50B
:10FD80000A6822F00F0242F007020A6000221949B5
:10FD90009A61DA611A6299621749D962174919633F
:10FDA0005A639963DA6319645A64196821F48021EB
:10FDB00019601A66124A536A43F480435362114B26
:10FDC0001B681B0C1B04B3F1005F02D20E4B012217
:10FDD0001A600E4B43F2D2021A600D4A014B9A6030
:10FDE000704700BF00ED00E00020005200440258C0
:10FDF0007FEDF6EA000202020000FF01800201012D
:10FE0000C00000580010005C088100510040005202
:10FE100000000408494A1369114603F03803102B07
:10FE200030B500F0878006D8002B5FD0082B00F09B
:10FE300083800A685BE0182BFBD1906A956AD16ACF
:10FE400015F47C7FC5F30513546B3BD007EE903A55
:10FE5000C4F3CC0401F0010300F00300F8EEE76AFC
:10FE600063430128F7EE005A07EE903AFAEEE97A7A
:10FE700042D0022850D01168314BC1F3C101126B3E
:10FE8000CB40C2F3080207EE103AB8EEC76A86EE1E
:10FE9000267A06EE902AF8EEE66A76EEA77A77EEF4
:10FEA000A57A264B67EE877A1B6BC3F34623013393
:10FEB00007EE103AF8EEC76A87EEA67AFCEEC77A2C
:10FEC00017EE903A1D481F498269C2F303228A5CEB
:10FED000D340826902F00F028A5C1B4902F01F02C4
:10FEE00023FA02F20A60194A136030BD1268C2F3A5
:10FEF000C102134BD340E5E7136B9FED156AC3F3C3
:10FF0000080307EE103AB8EEC77A77EE277A77EE55
:10FF1000A57A86EE267AC4E7136B9FED0E6AC3F3CB
:10FF2000080307EE103AB8EEC77A77EE277A77EE35
:10FF3000A57AEEE7084BC5E7084BC3E70044025833
:10FF40000090D003AE440708A00E00249C0E0024AD
:10FF50000024744A20BCBE4B40787D0100093D005E
:10FF6000431D052B96BF044A044B52F82330044A24
:10FF700010601846704700BFC044070802000E0614
:10FF80001865002408B530B10068E9F743F8BDE80A
:10FF90000840FFF7E5BF014808BD00BF05000E0699
:10FFA0001F4B204A10B55C6B14F0330F14600AD05D
:10FFB0001D4A14604FF0FF329A6301211B48BDE8CF
:10FFC0001040FFF7DFBF14F0C00F0CD05B691905BC
:10FFD00006D512680121144B14481A60FFF7D2FFAE
:10FFE0000F4BC0229A6362020AD50D4B4FF4800278
:10FFF0004FF480719A630E4B0E4A1B681068984745
:020000040806EC
:10000000E3050BD5064B4FF480724FF400619A6301
:1000100000229A62D9621A65DA60CEE710BD00BF8D
:10002000007000521C65002424650024286500240B
:10003000206500242C65002410B5C2B016221721BB
:10004000002403A8EBF766FC40F6521302AA102125
:10005000ADF8083003A802230094EBF787FB40F6C5
:10006000537302AA1021ADF8083003A802230094AC
:10007000EBF77CFB40F63B7302AA1021ADF8083089
:1000800003A802230094EBF771FB40F6357302AA34
:100090001021ADF8083003A802230094EBF766FBAB
:1000A000054B0D98039308B1EEF71CFE04A8E4F786
:1000B00079FF42B010BD00BF5C1607082DE9F04182
:1000C000D4B0202205460C4609A8002108F048F8C3
:1000D0004C22002111A808F043F8C022002124A8D6
:1000E00008F03EF8614B9B6A03F00303022B39D002
:1000F0005E4B01264FF002080027D3F8E02004A948
:100100005B4842F08002C3F8E020D3F8E030069666
:1001100003F0800307970093009BCDE90486F8F76E
:1001200085FF0A20F6F7F2FE324641465048F9F7BD
:1001300063F81620FAF746FE4E4BFCB90294DA6AD1
:1001400022F00102DA62DB6A03F0010302934A4BF8
:100150009A6942F440429A619B6903F440430293D6
:10016000029B20E0012109A8CDE90911FBF724FC3D
:100170000028BDD0002054B0BDE8F0810197DA6AB4
:1001800022F00102DA62DB6A3B4A03F001030193C9
:10019000936923F4404343F480439361936903F4E8
:1001A00040430193019B344A93699E04FCD521236B
:1001B000002D4FF005024FF00805119314BF4FF4C6
:1001C000A0234FF48033002C1C9211A812934FF0FF
:1001D00001030CBFA0222822179302231D920022A4
:1001E0001E932093239222922195CDE91A330A235C
:1001F0001F93FBF7ADF801460028BBD103233F2036
:100200004FF48062CDE909034023CDE90B15CDE918
:100210000E320D93109334B309A8FBF7CDFB0028E1
:10022000A8D14FF4802324A824934FF4401346937D
:10023000FBF7C4FE00289DD1FAF742FE0B4B1A686B
:1002400042F080021A60D3F8F42042F00202C3F8B0
:10025000F420D3F8F43003F002030393039BF6F782
:1002600089FE012087E70421D6E700BF0044025839
:10027000001C0258000400580048025808B500212C
:100280000120FFF71BFF10B90148EFF7C3FC08BDC1
:10029000BC4E0708F8F7B6BFDFF830D0FFF74AFDCD
:1002A000002103E00A4B5B584350043109480A4BD4
:1002B00042189A42F6D3094A02E0002342F8043B6E
:1002C000074B9A42F9D3E0F707F87047000008247B
:1002D000A06A070800000024001900240019002467
:1002E000C0160124FEE7000010B5114BB0B0114C50
:1002F000D4F88C209A42FBD1EFF722FBBC220021DC
:1003000001A807F02DFF4FF40023684600934FF437
:1003100000332993FBF752FE10B10748EFF77AFC40
:10032000EFF724FB4FF44073E36030B010BD00BF23
:100330000003008000640258D04E0708A1F1F003CA
:100340009BB20F2B70B5044686B00E4615D94F49A7
:100350003046EEF7D9F84D4920603046EEF7F6F812
:100360004A4905463046EEF787F8236801330FD136
:10037000492247494748EFF7EBF947493046EEF73E
:10038000C3F8454920603046EEF7E0F80546ECE753
:100390006B1C03D14A223E494048ECE7C5F3843345
:1003A0004FF44032C5F3C045A4F8646084F8663069
:1003B000002384F867506365E360A382237784F8A1
:1003C0003830C4E90123042222610122A2614FF4E2
:1003D0008052C4E90833C4E90C23C4E90A33FFF7A7
:1003E00083FF23682E4A934213D12E4BD3F8D82093
:1003F00042F02002C3F8D820D3F8D83003F020030D
:100400000093009B2046F7F7A7FA20B32648EFF7A2
:1004100001FC264A934210D0254A9342F2D1214B47
:10042000D3F8E02042F08072C3F8E020D3F8E03047
:1004300003F080730293029BE4E71A4BD3F8D820B1
:1004400042F02002C3F8D820D3F8D83003F02003BC
:100450000193019BD6E72268114B9A4209D1039080
:1004600003A9CDE904002046F7F7D2FB08B11148F3
:10047000CDE794F8671031B10F4A00212046F7F715
:1004800077FB06B070BD40F2FF72F7E7D84407086B
:10049000244F0708364F070878470708604F0708BA
:1004A0000020024000440258794F07080021024012
:1004B00000600258944F07080000FF4730B589B02C
:1004C00004461C22002101A807F04AFEFFF70CFF9A
:1004D0000622052394F8670040F2FF71CDE902235C
:1004E0000022434B904208BF0B460692ADF81C20F9
:1004F000049304230593B4F96430F12B10D0F22B4C
:1005000010D0F02B10D13B4B01930723039301A98B
:100510002046F6F737FE00283FD03748EFF77AFB42
:10052000364BF1E7364BEFE794F86630132B5BD888
:10053000DFE803F00A0D0F11131517191B1D1F21FA
:10054000232527292B2D2F3101230193DFE72D4B65
:10055000FBE72D4BF9E72D4BF7E72D4BF5E72D4B3F
:10056000F3E72D4BF1E72D4BEFE72D4BEDE72D4B4F
:10057000EBE72D4BE9E72D4BE7E72D4BE5E72D4B5F
:10058000E3E72D4BE1E72D4BDFE72D4BDDE72D4B6F
:10059000DBE72D4BD9E72D4BD7E72046F7F774F86B
:1005A000054608B12A48B9E70A212046F6F752FD68
:1005B00018B92046F6F7E2FD85B22268254B9A422B
:1005C00010D0254803F540732449824218BF0B46DA
:1005D0009A68204622F0E0729A60F7F707F920B196
:1005E0001F489BE71F4BF3E70025284609B030BDA5
:1005F0000000FF47000084CBC24F07080000B8CFBF
:10060000000052C702003004040060080800900C8B
:100610001000C0102000F014400020198000501D70
:10062000000180210002B0250004002A0008302EBD
:1006300000106032002090360040C03A0080F03E4A
:1006400000002143000052470000844B0000B84FD7
:10065000DE4F0708002002400021024000630258DC
:10066000F24F0708002302401FB5204B20F4006220
:100670009A421F4B02D01F4A90421CD15B6D03F47B
:100680004053B3F5005F2FD006D853B1B3F5805F68
:100690000CD01948EFF7BEFAB3F5405FF9D117480F
:1006A00001E0FBF7D1FA05B05DF804FB01A8FCF707
:1006B00011FA0398F7E7124A904213D19B6D03F4A5
:1006C0004073B3F5007F0FD005D843B1B3F5807FF9
:1006D000ECD00C48DEE7B3F5407FE0D0F9E7FCF75B
:1006E0003FF9E0E70848D5E70848DCE70054004058
:1006F00000440258005800400550070800093D001A
:10070000001C0058225007083D5007080090D003F5
:1007100070B502F0C7FF041E32DB1A4E56F82400F3
:1007200000282DD09023184D6343EB58DA69110649
:1007300009D5DA69120606D51B681B0603D5134BCB
:1007400001211B68984790236343EB58DA699106AF
:100750000BD5DA69920608D51B68980605D50B4BB0
:10076000002156F824001B689847902044432B59D9
:10077000DA69110704D5DA69120701D508221A626D
:1007800070BD00BF34650024B00F01243065002423
:100790000148FFF7BDBF00BF000C00580148FFF73C
:1007A000B7BF00BF007C00400148FFF7B1BF00BFEA
:1007B000007800400148FFF7ABBF00BF00140140C4
:1007C0000148FFF7A5BF00BF005000400148FFF7F8
:1007D0009FBF00BF004C00400148FFF799BF00BF1A
:1007E000004800400148FFF793BF00BF00440040AD
:1007F0000148FFF78DBF00BF00100140034B196097
:100800004168034B43F82120704700BF3065002446
:100810003465002430B5D0E900353F48834253D0D9
:1008200031D8A0F53050834248D026D8A0F50060DA
:1008300083423DD000F5806083423CD000200346D7
:1008400090246C43354D2C59002A46D0226800294B
:1008500040D142F02002226003F11001304A926838
:1008600042F82100BFF34F8F590903F01F02012303
:1008700093402C4A42F8213030BD2B488342DDD1D1
:100880002A483523DCE72A4883421AD00AD8A0F543
:10089000184083421BD000F514408342CED1254836
:1008A0002523CDE724488342C8D124488E23C7E7B7
:1008B00023482623C4E723482723C1E722483423BB
:1008C000BEE722484723BBE721485223B8E7214827
:1008D0005323B5E742F08002BDE72268A1B922F0B8
:1008E00020022260226812F0800FC5D103F01F01A0
:1008F0005A09012320328B400A4941F82230BFF3C4
:100900004F8FBFF36F8FB7E722F08002226022681B
:1009100012F0200FE9E700BF00780040B00F01247B
:1009200000ED00E000E100E000500040C1070608D3
:1009300000140140F1070608000C00589107060852
:10094000E5070608D9070608CD070608B507060813
:10095000A90706089D070608F8B546689023174CB6
:10096000054603FB06439A68B2F5805F15D11A6904
:10097000B2B940F2FF12A3F86020902202FB0642B7
:10098000B2F86070284602F07BFD0028FAD0902370
:100990007343E358586A3840F8BD1AB91A6932B936
:1009A000FF22E8E7B2F1805F05D11A690AB97F2218
:1009B000E1E73F22DFE70022DDE700BFB00F0124BF
:1009C00070B505460C464668284602F069FD0028C9
:1009D000FAD09023034AC4F308047343D3589C62AB
:1009E00070BD00BFB00F01242DE9F8431E46044638
:1009F0000F4610462F491546EDF786FD81462E49D4
:100A00003046EDF781FD216880464846EDF758FDF8
:100A1000013005D140F2ED2228492948EEF798FE31
:100A200021684046EDF74CFD0130F3D02FB9E76166
:100A30002046BDE8F84302F03FBD012F09D0022F48
:100A400016D0032FF4D1B9F1FF3F22D140F2073283
:100A500004E0B9F1FF3F04D140F2F72217491948E9
:100A6000DCE74FF480732584E361124928460DE0EA
:100A7000B8F1FF3F04D140F2FF2210491248CDE700
:100A80004FF400730C4930466684E361EDF7F4FCE3
:100A9000CEE7B8F1FF3F02D14FF44272EDE74FF4D9
:100AA0004073054930462584E3616684EDF7E4FC34
:100AB000DBE700BF9C4A0708E84907087F500708A2
:100AC000E65207088F500708A8500708704770477C
:100AD000012070470123037270470023037270479F
:100AE00000487047D45107084020704703688021B0
:100AF00010B504469B6D98470021236820469B6DE6
:100B0000BDE81040184710B5044640F22441EFF705
:100B100099FE204610BD10B50446302A084604F55B
:100B2000787428BF3022214607F01CFA2046302274
:100B30000021BDE8104007F013BB00211C3000F875
:100B4000131CFAF742B84A0002F01E0242EAD1131F
:100B500003445A7A012A04D100221C305A72FAF74F
:100B600034B80020704700004309012200F01F0044
:100B7000203302FA00F0044A42F82300BFF34F8FFB
:100B8000BFF36F8F704700BF00E100E010B5046E47
:100B9000944205D24FF4157206490748EEF7D8FD86
:100BA00003689C6E13460A468021A446BDE81040A7
:100BB000604700BFDE500708EF50070808B51C303B
:100BC000F9F7B0FF28B140F2752202490248EEF76A
:100BD000BFFD08BDDE5007080F51070808B51C30DF
:100BE000F9F7A0FF28B14FF42B7202490248EEF743
:100BF000AFFD08BDDE5007080F51070808B51C30CF
:100C0000F9F744FF28B14FF4057202490248EEF7A4
:100C10009FFD08BDDE5007080F510708402A00F16C
:100C20001C0008B54FF0020300F8133C134628BF20
:100C300040230A460021F9F7A4FF022805D14FF40A
:100C4000127202490248EEF783FD08BDDE50070824
:100C50001D5107081C3008B5F9F793FF022805D18C
:100C600040F28A2202490348EEF772FD012008BDD6
:100C7000DE5007081D5107081C3008B5F9F7CDFFF5
:100C8000022805D14FF41F7202490348EEF760FDB8
:100C900008BD00BFDE5007081D5107081C3008B50D
:100CA000F9F7F3FF022805D140F2832202490348F5
:100CB000EEF74EFD08BD00BFDE5007081D510708C6
:100CC00038B54D0005F01E0545EAD114022504444F
:100CD0001C306572F9F781FFA84205D14FF42872E4
:100CE00003490448EEF734FDB0FA80F0400938BDFE
:100CF000DE5007081D51070808B51C30F9F7B0FB96
:100D000028B14FF4F77205490548EEF721FD42F28C
:100D10001070BDE80840EFF7F5BF00BFDE500708D0
:100D20000F51070810B5044654F81C0FFEF78BFF4F
:100D300042F21070EFF7E6FF2046F9F7B0FB28B15A
:100D40004FF4FD7202490348EEF702FD10BD00BFEB
:100D5000DE5007080F5107080C4B10B5DB78012B4C
:100D60000B4B186814BF65244D241C30F9F7BEFBEB
:100D700004F00D0301229A4063099B0003F16043D4
:100D800003F56143C3F880211A6010BD00F001082B
:100D900064650024084B10B5DB78012B14BF652077
:100DA0004D20FFF7E1FE054B1B6858680368BDE85E
:100DB0001040DB6A184700BF00F00108646500249A
:100DC00010B504461C30F9F736FB28B14FF4E57234
:100DD00009490A48EEF7BCFC094BDB78012B14BF2C
:100DE00065204D20FFF7C0FE63680BB1EFF776F981
:100DF0000023636010BD00BFDE5007080F510708D5
:100E000000F001087C4BF0B5DB78044687B00D4656
:100E1000012B14BF65264D263046FFF7A5FE6368FB
:100E20000BB9EFF745F965600025102204F10900C0
:100E30002946257207F094F93022294604F124004E
:100E400007F08EF908232362402323636A4BDB7883
:100E5000012B2DD1A364694AE5622565A562E26193
:100E6000674DC4E90D33674BD3F8D82042F00072C8
:100E7000C3F8D820D3F8D82002F000720192019A6A
:100E8000D3F8D82042F08062C3F8D820D3F8D82015
:100E900002F080620292029AD3F8002142F00072BE
:100EA000C3F80021D3F8002142F08062C3F800218A
:100EB000514BDB78032B24D1504B0122504DE36181
:100EC0000223C4E90D32A3620023E362A364236515
:100ED0004C4BD3F8D82042F00072C3F8D820D3F896
:100EE000D82002F000720392039AD3F8002122F076
:100EF0008062C3F80021D3F8002122F08052C3F8A9
:100F000000213D4BDB78022B19D13F4A6363A3627A
:100F1000E26101223B4BA263D3F8D8203B4D42F063
:100F20000062C3F8D820D3F8D82002F000620492FF
:100F3000049AD3F8002122F08052C3F80021344BE8
:100F40000C351C6035F90C0C0C35431C04D055F8DD
:100F5000101C01F073FCF5E72A4B04F11C07D3F8D1
:100F6000F420384642F00202C3F8F420D3F8F430FB
:100F7000C4F8204403F002030593059B002384F882
:100F8000D933F9F7CEF9054628B14FF4C272214999
:100F90002148EEF7DDFBE069FEF782FA1F4C384688
:100FA000F9F75EFA40F20D213846F9F7DDFE54F804
:100FB000042BE9B2013538460432C2F38F02F9F747
:100FC000B3FE062DF3D1164B06F1100215499B68AE
:100FD00043F82210BFF34F8F134A1021931983F85F
:100FE00000130123710906F00D0603FA06F642F814
:100FF000216007B0F0BD00BF00F001080000044010
:10100000204E07080044025800000840FC4D070825
:1010100064650024DE5007080F5107084051070897
:1010200000ED00E0950D060800E100E0036819B945
:10103000986A000C800070473F3103EB81014868DB
:10104000F7E7000037B50C4600F11C0521060ED568
:1010500004F07F0128460193FFF7E8FF9042019BCF
:1010600005D240F269220A490A48EEF771FB92B2B2
:1010700021462846F9F71EFD022804D140F26E22CF
:1010800003490548F1E7B0FA80F0400903B030BDEC
:10109000DE5007082D5107081D510708D0F8043409
:1010A0001A7A4AB15A6803681046D3F808181368C8
:1010B000C1F30D211B6A184770474B00D0F8040498
:1010C00003F01E0343EAD11310B4034401245C72FD
:1010D0004068036819B15B6A5DF8044B18471B69E7
:1010E0005DF8044B184741F08002D0F80404530027
:1010F00003F01E0343F0010310B4034401245C72A7
:101100004068036821B19B6A11465DF8044B18479B
:101110005B695DF8044B1847D0F8043458680368DD
:10112000DB681847D0F80434012158680368DB698C
:101130001847D0F80434002158680368DB69184761
:1011400070472DE9F341D0F80454002604462F4699
:10115000B046C6F3470187F809802046023701915F
:10116000F9F7E0FC01992046F9F7C5FD711C87F8F5
:1011700008802046C1F34701023641F08001019109
:10118000F9F7D0FC01992046F9F7B5FD102EE0D112
:101190002B684022802128461C6D0023A0472B6825
:1011A000402228461C6D00231946A0476868036842
:1011B0009B6802B0BDE8F0411847000070B50D4EC5
:1011C0003478BFF35B8F14F0010410D13046EFF791
:1011D000C3F860B1084D3046084B2C72C5E90034A5
:1011E000EFF7DCF8064A07492846EFF79DF8024872
:1011F00070BD00BF60650024686500246051070869
:1012000000000024CF0A0608FFF758B9436D70B5F7
:101210009E0504460D460FD5036D98050CD54FF479
:1012200000730022012123652A4B1A612A4B2B4AA5
:101230001B6852F825009847636DD9070DD5236DBB
:10124000DA070AD501230021244A2365214B52F8ED
:1012500025001961204B1B689847636DDB010FD592
:10126000236DDE010CD54FF080730022022123652F
:10127000184B1A61184B194A1B6852F825009847F9
:10128000636D18020FD5236D19020CD54FF40003BE
:101290000022052123650F4B1A610F4B0F4A1B6873
:1012A00052F825009847636D9A0111D5236D9B0173
:1012B0000ED54FF00073002207212365054B1A61FC
:1012C000054B064A1B6852F82500BDE870401847D8
:1012D00070BD00BF00A80040946900248C69002400
:1012E00000210148FFF792BF00A00040FFF7F8BFC0
:1012F00001210148FFF78ABF00A40040FFF7F8BFB3
:1013000000B5564B8DB00A2800F2A480DFE800F04B
:1013100006162432404E5C6A78869400D3F8E020AA
:101320004F4842F00102C3F8E020D3F8E03003F068
:1013300001030193019B0DB05DF804FBD3F8E0209D
:10134000484842F00202C3F8E020D3F8E03003F04E
:1013500002030293029BEEE7D3F8E020424842F0FA
:101360000402C3F8E020D3F8E03003F00403039351
:10137000039BE0E7D3F8E0203C4842F00802C3F8C2
:10138000E020D3F8E03003F008030493049BD2E795
:10139000D3F8E020364842F01002C3F8E020D3F83A
:1013A000E03003F010030593059BC4E7D3F8E02079
:1013B000304842F02002C3F8E020D3F8E03003F0D8
:1013C00020030693069BB6E7D3F8E0202A4842F0B4
:1013D0004002C3F8E020D3F8E03003F04003079365
:1013E000079BA8E7D3F8E020244842F08002C3F826
:1013F000E020D3F8E03003F080030893089B9AE7DD
:10140000D3F8E0201E4842F48072C3F8E020D3F8FD
:10141000E03003F480730993099B8CE7D3F8E02054
:10142000184842F40072C3F8E020D3F8E03003F427
:1014300000730A930A9B7EE7D3F8E020124842F437
:101440008062C3F8E020D3F8E03003F480630B93AC
:101450000B9B70E70D48EEF7DDFB00BF0044025820
:10146000000002580004025800080258000C0258FC
:10147000001002580014025800180258001C0258AC
:101480000020025800240258002802581852070869
:10149000431C10B5044604D1772206490648EEF7EE
:1014A00057F94FF4707104F00F0401F0C7F90120EF
:1014B000A04010BD56520708615207084B1C70B57A
:1014C00004460E46018216D0C1F30310FFF718FF41
:1014D00005463046FFF7DCFF238A074A03F00F0377
:1014E0006561206052F82330A36105F110031835BF
:1014F0006360C4E9025570BD38540708B0F91000A4
:1015000001F054BA10B50C4B0C4CD4F894209A420C
:10151000FBD1D0E90542524302EB4203DB4339B928
:101520002268134023604FF44072044B5A6110BD8F
:1015300021680B401343F5E7000300800064025864
:1015400008B502F0DDFB002008BD000010B5EEF785
:10155000F7F9134B1348144A596A14680388116049
:101560001B1B0B440146B3F5803F16D34FF47A7131
:10157000B3FBF1F201FB1233038006E00132A3F565
:101580007A73B3F57A7FF9D20B80084C23681A443A
:101590002260EEF7EBF9206810BD0022F1E700BFF2
:1015A000000C0040986900249C690024A069002474
:1015B000054B07B5D8680190F8F79EF8019803B07D
:1015C0005DF804EBF8F78BBDA8730024054B07B555
:1015D00098680190F8F790F8019803B05DF804EB73
:1015E000F8F77DBDA8730024054B07B55868019036
:1015F000F8F782F8019803B05DF804EBF8F76FBDD7
:10160000A8730024054B07B518680190F8F774F823
:10161000019803B05DF804EBF8F761BDA8730024EE
:1016200090F86030022B03D090F86030032B0DD17E
:101630004268536823F0FF7323F48033536041F210
:1016400001139169490601D4013BFAD170470000AA
:1016500070B5B0F95C30254C03F11006B0F95E208E
:10166000A56845F82610BFF34F8FA56802F1100654
:1016700045F82610BFF34F8F90F86810002914BF6B
:1016800010212021002B19DB03F1604000F561409F
:1016900080F80013002A17DB02F16040002B00F5F0
:1016A000614080F8001315DA0123510902F01F028E
:1016B00003FA02F20E4B43F8212070BD03F00F0035
:1016C000043804442176E5E702F00F040948002BB2
:1016D0000155F2DB580903F01F0101238B40044937
:1016E00041F82030002ADFDAE7E700BF00ED00E034
:1016F00000E100E014ED00E010B5B0F95E40B0F993
:101700005C00F6F75FFB2046BDE81040F6F75ABBD9
:1017100090F85030011D032B0ED8DFE803F00207CC
:10172000090B0648064A42F8231070470548F9E7B6
:101730000548F7E70548F5E70020F3E70516060832
:10174000A8730024E9150608CD150608B11506088A
:101750002C4A416D12680368B2FBF1F11422436018
:101760004A439969090401D5013AFAD12648274A22
:10177000D0F88C109142FBD1254A934211D1254BD0
:10178000D3F8902042F40012C3F89020D3F89020B0
:1017900022F40012C3F890201B4B4FF44072DA6021
:1017A00070471D4A934214D002F5806293421CD0C8
:1017B0001A4A9342F0D1174BD3F89C2042F0800292
:1017C000C3F89C20D3F89C2022F08002C3F89C2010
:1017D000E2E7104BD3F8902042F48002C3F8902047
:1017E000D3F8902022F48002D4E70A4BD3F890205B
:1017F00042F40002C3F89020D3F8902022F40002B3
:10180000C8E700BF9C0E002400640258000300805B
:10181000005400400044025800580040001C00588A
:1018200013B590F85C300446072B25D1D0F88C30E6
:1018300090F874208BB1002A9BB214BF4FF0007255
:1018400000220092D0F88820B0F87010F7F710FE50
:10185000062384F85C3002B010BD90F85D3043F090
:10186000080380F85D302AB990F85D305B0701D439
:101870000123EEE70023ECE790F85D3043F0080326
:1018800080F85D30E7E790F85C30062B09D190F8DE
:1018900074306BB990F85D305B0709D4012380F890
:1018A0005C3090F85D3043F0080380F85D3070479D
:1018B0000023F4E738B5051D0446C2602846F7F753
:1018C00034FD2046FFF724FF01462046FFF7C0FE07
:1018D0002846BDE83840F7F7DFBE0346043021B1A3
:1018E000022283F86820F7F7D7BE83F86810F7F76D
:1018F000E7BE012902D180F86510704711B90123B4
:1019000080F866307047002380F86530704710B467
:1019100090F864200346022A19D1B0F86E200132F3
:1019200092B2A0F86E20B0F86E10B0F86C2089B2B8
:1019300092B291420BD2B0F86E404FF08073816E3C
:10194000012211FA84F15DF8044BF7F745BE00223D
:1019500083F866205DF8044B704790F86430022BE2
:1019600002D1002380F86630F7F796BE90F86A300F
:1019700090F86920002B0CBF00230323002A0CBF22
:10198000184601207047000070B505461446043023
:1019900095F86830022B07D194B20023E966A5F8C8
:1019A00070400124A5F872304FF08073A2B2F7F7AF
:1019B00013FE10B10024204670BD0E4B1E686B6DE7
:1019C000B6FBF3F604FB06631E265E4395F86A3009
:1019D0002BB1013EEED00120EFF794F9F6E7002E8F
:1019E000E8D095F86830022BE5D1B5F87240A4B282
:1019F000E1E700BF9C0E002470B54FF080730646EF
:101A00001446043092B2F7F785FD10B10024204649
:101A100070BD0A4B1D68736DB5FBF3F504FB0553F0
:101A20001E255D4396F869302BB1013DEED00120B3
:101A3000EFF768F9F6E7002DE9D1E7E79C0E0024FF
:101A400010B5044650F80429136823F0FE03136010
:101A5000FFF752FE022384F85D3010BD2DE9F04FF0
:101A6000444C8DB0444A4FF0000C04EB5003434DFE
:101A70004FF0FF3BB3FBF0F02C235943531852585F
:101A800004EB5201B1FBF2FA59689A6ACDF804A04E
:101A90004243B4FBF1F107919968B4FBF1F108916D
:101AA00037490968059102EB4001C2F1FF2232314A
:101AB00002F57F020291CE320B92059A624503D164
:101AC00058460DB0BDE8F08F99694FF0000E2A68B6
:101AD000049102FB0002029911440E4603910299FF
:101AE000AAEB0101891A0A910499CDF824E00EF1BC
:101AF000010EB14235D20B993144B0EB910F30D287
:101B00000A9F4FF00008D3E908410C44A119009145
:101B1000009C0399A7EB04092144089FCDF8188085
:101B200008F101088F4216D8079F8F4213D3009CFB
:101B30000F1BDC69BC420ED8B8420CD2B1EB0A07CD
:101B4000019C48BF4F46A74205D2099CE346019736
:101B50002C61069CEC60B8F5807F1144A9EB02096A
:101B6000DBD1BEF5807F1644BED10CF1010C1435DB
:101B7000A3E700BF00CA9A3B04530708A4690024E6
:101B8000A4730024304B2C2203EB5003B3FBF0F082
:101B90002E4B02FB01312DE9F04F4A6A85B08B6A6A
:101BA0004FF01008CC684FF0140A0E6A0333144447
:101BB0000A694343DFF89C90323C921BE41AA2F579
:101BC00082720344D31A4A690146B21823EAE37BBE
:101BD0001F4B029224EAE47201921A6800239E4687
:101BE0008C460025029C0395013564451ED80024CF
:101BF0002746019EA64215D8A34513D3984511D078
:101C00000AFB02F80132039E09EB080E7F2A49F80D
:101C10000830CEE9016702D90D4B1A6010E09846F2
:101C20004FF0010E01370C44102FE2D1102D8C44DF
:101C3000D8D101330144102BD2D1BEF1000FEBD12A
:101C400005B0BDE8F08F00BF00CA9A3B04530708F7
:101C5000A4730024A469002413B5214B00241C6044
:101C600010B9002002B010BD0029FAD0A1F59C33B4
:101C700049F64042803B93420ED9A1F59C23194A74
:101C8000A3F50073934228D9A1F54321164BA1F582
:101C9000A0619942E5D8022421460190FFF772FF26
:101CA00021460198FFF7DAFE7F28DAD814230F497E
:101CB00058430A180B58107C40EA037053681B0500
:101CC00003F47003184393681B0403F47023184350
:101CD000D3681B029BB21843C4E70124DCE700BFB2
:101CE000A473002400710200801A0600A469002475
:101CF00070B50C4616461D46FEF7B6FC0CB1AE425A
:101D000017D00F4B98420ED10E4B9D4210D00E4B68
:101D10009D4210D00D4B9D420FD040F69C020C49C5
:101D20000C48EDF715FD2946BDE87040FFF794BF5C
:101D3000094C204670BD094CFBE7094CF9E700BF90
:101D4000000E2707801A060040420F00A0860100FF
:101D5000915207089B5207083414C1203615C3005E
:101D60007656E140414B426D1B68B3FBF2F21423FF
:101D700070B5534304460D46061D42689169090437
:101D800001D5013BFAD13A4B9D421BD12268394B18
:101D90009A4202D10120F8F703FA2268364B9A42A0
:101DA00002D10220F8F7FCF92268344B9A4202D1A2
:101DB0000420F8F7F5F92268314B9A4202D1082045
:101DC000F8F7EEF92F49304BD1F88C209A42FBD12D
:101DD0002368284A934205D12C4A536D23F440537B
:101DE000536509E0244A9342F6D002F5806293429B
:101DF000F2D0234A934216D0224B4FF44072002176
:101E00003046DA60F8F7A6F9214B9D4211D0214BFC
:101E10009D420ED0164B9D420BD040F2D5221E495A
:101E20001E48EDF795FC194A936D23F440739365B2
:101E3000E2E72B46626EA1682068FFF759FFA060B9
:101E400020B940F2DE2214491548EAE700230122B6
:101E500030466566E360C4E90423C4E90833C4E995
:101E60000633F7F762FA656570BD00BF9C0E00246B
:101E700040420F000054004000580040005C004009
:101E8000001C0058006402580003008000440258FF
:101E9000A0860100801A0600915207089B5207088D
:101EA000CF5207081FB5002304464366836079B10B
:101EB0008B88A0F858308B89A0F85A300B680360E3
:101EC000013305D14FF4DA7244494548EDF740FC3F
:101ED0002368444A934212D1002384F85030424B85
:101EE000D3F8E82042F40012C3F8E820D3F8E83031
:101EF00003F400130093009B3C4BE36509E03C4A6C
:101F0000934234D002F58062934242D0394A9342E0
:101F100051D03949B4F95800ECF7AEFA3749B4F961
:101F20005A00ECF7A9FA0421B4F9580000F03EFD7C
:101F30000421B4F95A0000F039FD636D0BB9304B40
:101F400063652046FFF704FC616D2046FFF70AFF3A
:101F5000636D6366002384F8693084F8683084F820
:101F60006A3084F8613084F8603004B010BD012319
:101F700084F850301C4BD3F8E82042F48002C3F8B8
:101F8000E820D3F8E83003F480030193019B1D4B54
:101F9000B3E7022384F85030134BD3F8E82042F41F
:101FA0000002C3F8E820D3F8E83003F400030293FA
:101FB000029B154BA1E7032384F850300A4BD3F85A
:101FC000F42042F08002C3F8F420D3F8F43003F098
:101FD00080030393039B0D4B8FE700BF91520708CB
:101FE000E852070800540040004402581F00200037
:101FF00000580040001C005844480708A84707083C
:10200000A086010021002200480049005F00600016
:102010002DE9F0470D46DFF864A086B01446064669
:102020005146DFF85C902846ECF76EFA07464946C1
:102030002046ECF769FA01463846ECF741FA51467A
:1020400080462846ECF776FA494607462046ECF7E4
:1020500071FA9C22059000213046CDF80480ADF83D
:1020600008500397ADF8104006F07AF801A9304601
:10207000FFF718FF06B0BDE8F08700BF4448070827
:10208000A84707082DE9FF471D4690F86030044631
:102090000F46032B0C9E00F10409039253D8FFF75F
:1020A000BFFA4FF00008002E80F8618014BF4FF493
:1020B0002A4A4FF0AA0AFFF72BFB01462046FFF7FA
:1020C000C7FA039AABB24846B9B2CDF800A0F7F709
:1020D000CFF998BB052384F860301C4B1F68636DF3
:1020E000B7FBF3F705FB07731E275F4394F86130D6
:1020F00013F01E0F01D1013F16D12046FFF7FCFA65
:102100001FB194F86130082B12D00021204694F8BA
:1021100061304FF0FF35FFF7C5FE002384F86030D3
:10212000284604B0BDE8F0870120EEF7EBFDDDE7BF
:10213000B6FA86F35B0984F86030F1E76FF00105C9
:1021400084F86080ECE76FF00205E9E79C0E00245C
:102150002DE9FF471D4690F8603004460F46032BDB
:102160000C9E00F10409039253D8FFF759FA4FF07F
:102170000008002E80F8618014BF4FF42A4A4FF007
:10218000AA0AFFF7C5FA01462046FFF761FA039A4B
:10219000ABB24846B9B2CDF800A0F7F717F998BB33
:1021A000052384F860301C4B1F68636DB7FBF3F7A1
:1021B00005FB07731E275F4394F8613013F01E0F71
:1021C00001D1013F16D12046FFF796FA1FB194F8CE
:1021D0006130082B12D00021204694F861304FF076
:1021E000FF35FFF75FFE002384F86030284604B017
:1021F000BDE8F0870120EEF785FDDDE7B6FA86F34E
:102200005B0984F86030F1E76FF0010584F86080C5
:10221000ECE76FF00205E9E79C0E002473B590F837
:102220006460044606B18668636C626C13F0040354
:1022300018BF1423042ADDB206D1002384F85C30D1
:1022400084F85D5002B070BD201F00210190FFF79F
:1022500029FE01983EB10223324684F864300023FF
:102260001946FFF727FB45F0020384F85D30E9E7E4
:10227000044B054A1878054B002814BF1046184631
:10228000704700BFA40E0024D8530708E053070886
:10229000024BD869DA698242FBD17047002C0058A2
:1022A00008B5EDF74DFB084B01221A700022074BD1
:1022B0001A704FF48052064BC3F810211A61BDE822
:1022C0000840EDF753BB00BFC1730024C87300245E
:1022D00000E100E010B5EDF733FB134B1A7842B97B
:1022E000124A126811680907FCD5082151600122C1
:1022F0001A700F4C23781BB1EDF7F0FE002323700A
:1023000000230C4A13700C4A13704FF480520B4B8D
:10231000C3F89020BFF34F8FBFF36F8FBDE810401D
:10232000C3F89021EDF722BBC2730024E01501240D
:10233000CA730024C8730024C173002400E100E0C4
:102340005D4B70B51C68C4B01CB1FFF7C3FF44B04F
:1023500070BD0125C022214614A8584E1D6005F00D
:10236000FFFE4C22214601A805F0FAFE337833B374
:1023700004230A94019305230393802314934FF4B9
:10238000C0433C934E494F4BD1F88C209A42FBD12D
:1023900001A8F8F7DDFFD8B10023082201A83370A7
:1023A0000A9380230192012214934FF40043069272
:1023B0003C93F8F7CDFF58B14348EDF72BFC0822CA
:1023C0000A9380230695019214934FF40043D8E7B3
:1023D00014A8F9F7F3FD054608B13C48EDE73C4B7E
:1023E0004FF4803134203B4CD3F8F4204FF6FF7685
:1023F00042F40062C3F8F420D3F8F42002F400623F
:102400000092009AD3F89C2042F40062C3F89C200A
:10241000D3F89C2022F40062C3F89C20D3F8A820B3
:1024200042F40062C3F8A8200122F4F7ABFD2A466B
:102430004FF480313420F4F7CEFD214B4FF440723D
:102440002046DA60A3F50E3384F8365023604FF44B
:102450008023E5612563C4E90155C4E90355C4E956
:102460000855C4E90A55C4E90563F7F7CBFE0546EC
:1024700008B11948A1E7194B194A9B68C3F87022A3
:10248000BFF34F8F2368314620469A6842F001021D
:102490009A609A6842F008029A60F7F719FF236879
:1024A00008225A605D611A681207FCD508225A603A
:1024B00001220C4B1A704AE7BC730024A40E0024BE
:1024C000006402580003008088530708A1530708DE
:1024D00000440258E0150124C253070800ED00E053
:1024E000F9250608C273002408B5FFF7F3FE0023A0
:1024F000034A1360034A1370BDE80840FFF720BF8A
:10250000BC730024A40E002408B5EDF719FA064B9D
:1025100001221B685A604FF48052044BC3F890218B
:10252000BDE80840EDF722BAE015012400E100E023
:1025300070B50446EDF704FAFFF7AAFE264B0546F0
:102540001C60264A4FF480511161254E184631789F
:10255000F1B9611F4FF6F572914222490FD94FF63A
:10256000FA7295420BD906340122A4B20A701C609B
:102570001D4B01221A70BDE87040EDF7F7B900223B
:102580000A700368AB42194B28BF01221A70EFE7AB
:10259000FFF7BAFF00235A19013392B2A24204BFD7
:1025A0000534A4B2052BF6D1114BAC421B6811D2F5
:1025B0004FF6FA7295420DD84FF0FF325A61002360
:1025C0000C4C33702378002BD5D1EDF771FD01232E
:1025D0002370D0E75C61F2E7C473002400E100E0FF
:1025E000C2730024C9730024C8730024C07300247C
:1025F000E0150124CA73002470B5EDF7A1F92C4B46
:102600002C4C1A7832B100221A70012223685A60C9
:10261000EBF728FF23681A68D50706D59A68D00714
:1026200003D501225A60EBF71DFF23681A681107D2
:1026300024D59A68120721D508221F4C5A6001221E
:102640001E4B1A7023781BB1EDF748FD0023237051
:102650001B4C237893B11B4D1B492B7803F0FF06CD
:10266000B3B1FFF715FE06300B6880B2984209D36C
:10267000FFF716FE00232B7000232370BDE8704087
:10268000EDF774B90868063880B2FFF751FFF1E73B
:102690000E4D2B7843B1FFF7FBFD0B68984203D337
:1026A000FFF7FEFD2E70E7E70868FFF741FFE3E75D
:1026B000C1730024E0150124CA730024C2730024EE
:1026C000C8730024C9730024C4730024C073002499
:1026D000FFF700BE70470000384B5A6973B591038D
:1026E00015D45A6912F4003211D1BFF34F8FBFF3E2
:1026F0006F8FC3F85022BFF34F8FBFF36F8F5A69AC
:1027000042F400325A61BFF34F8FBFF36F8F2B4BF0
:102710005A69D20327D45A6912F4803223D1C3F8FC
:102720008420BFF34F8FD3F8802043F6E074C2F3C8
:10273000C900C2F34E32520102EA0406014646EADB
:1027400081750139C3F86052F9D2203A12F1200F95
:10275000F2D1BFF34F8F5A6942F480325A61BFF30E
:102760004F8FBFF36F8F164CD4F8E03043F00073F7
:10277000C4F8E030D4F8E03003F000730193019B1B
:10278000FDF748FBF4F794FB236F9B0707D4F8F79A
:1027900003FBF4F7CDFB236F23F018032367162008
:1027A000F8F710FBFDF76AFDFDF734FBFFF792FF2A
:1027B000044B01221A6002B070BD00BF00ED00E0C2
:1027C00000440258CC73002452B101F00301064BBF
:1027D0000329596805D0000503D521EA02025A6091
:1027E00070470A43FBE700BF0004005830B5114BA7
:1027F000114DD5F894409C42FBD14943012A01EB8D
:1028000041034FEA41046FEA030304D0022A0BD0CC
:10281000C1680B400BE0C26813401943C160064B0E
:102820004FF440725A6130BDC1680B402343C3600E
:10283000F5E700BF00030080006402582DE9F8436B
:10284000461C05460C4600F090801FFA80F9514A5C
:1028500040F40061B2F90030581C29D100264E4BDB
:1028600009F00F02C5F3031053F82270FEF748FD7C
:102870004A494B4BD1F894209A42FBD1C4F38311BF
:1028800007FB07F20F2902EB42036FEA030C24D186
:1028900081680B434FF4407E04F0070183603F4B97
:1028A000C3F814E003296FD8DFE801F03A3A1C3A84
:1028B00043F400638B420ED104F003035668032BEC
:1028C000CDD119F4006FCAD0324621462846BDE862
:1028D000F843FFF779BF0832BCE7836851430CEA3D
:1028E0000303D6E7DFF8B8E0D3F89480F045FBD1D6
:1028F00019F0080FC4F3832839D03B0AD0F824E03C
:102900005B435B43C3EB031903FB08F32EEA090E99
:102910004EEA03034362214B4FF4407EC3F814E0B8
:10292000DFF878801E4BD8F894E09E45FBD1036811
:102930004A4301390CEA030C01294CEA0202026005
:1029400005D8436822074CBF3B43BB434360C4F3F5
:1029500001123946FFF74AFF324621462846FFF763
:1029600033FF0E4B4FF440725A61BDE8F88302FB0F
:1029700002F9036AC9EB091E23EA0E0E09FB08F3EC
:102980004EEA03030362C6E7D52206490648ECF780
:10299000DFFE00BF105407083854070800640258CF
:1029A0000003008005540708E652070838B5431CA9
:1029B0000C4629D000F00F021D4BC0F3031053F852
:1029C0002250FEF79DFC1B491B4BD1F894209A42E4
:1029D000FBD105FB05F2016802EB42030B40B3FBA0
:1029E000F2F3013B012B19D8E31E022B43680CD8EC
:1029F0002B43032C436019D101222946FFF7F6FE31
:102A00000C4B4FF440725A6138BD23EA0503012C88
:102A10004360F1D0022C07D00022EEE704F0FD0362
:102A2000012BE9D0052CF5D10222E6E7052CF2E7CF
:102A3000385407080064025800030080F8B5037892
:102A400090F801C0012B057F0279077B86684479E5
:102A50002ED0022B2FD0002B30D14FF480738B61FE
:102A60000023C1F800C04D614B63C1E90B333FB394
:102A7000CB61CB60037C012B45D0022B48D0002BCF
:102A80004BD14FF480430B620123027E002A47D0D2
:102A900000230B620B61437F012B6AD0022B6BD0AA
:102AA000002B6CD14FF0807300204B628862F8BD20
:102AB0004FF40073D3E74FF44073D0E70023CEE721
:102AC000012A4E600BD0022A0CD072B94FF48063F9
:102AD000CB61032C09D8DFE804F00B0D10134FF481
:102AE0000063F5E74FF44063F2E72748EDF792F80B
:102AF0000023BEE74FF48053BBE74FF40053B8E721
:102B00004FF44053B5E74FF400430B620223BCE798
:102B10004FF440430B620423B7E700230B62B4E792
:102B20007BB3427CB2FBF3F403FB142414F0FF0FDD
:102B300027D1561EF610741C042C22DCC2EBC402F2
:102B400012F0FF0210D0B2FBF3F39D4219D3EB1A3F
:102B50004B61436903FA02F28A60032E07D824040A
:102B6000A4F580340C6196E743698B60F5E707486C
:102B7000BCE74FF0007397E74FF0407394E70023F2
:102B800092E74FF0FF3092E778540708A154070806
:102B900010B50446F8F7CFFA00283DD12049214B63
:102BA000D1F88C209A42FBD11F4BB4F95000DA6F58
:102BB00042F48042DA67DA6F22F48042DA674FF437
:102BC0004072CA6040F2C331D3F8D42022F480426C
:102BD000C3F8D420FFF732FE40F2C331B4F95200FB
:102BE000FFF72CFE40F2C331B4F95400FFF726FE84
:102BF00040F2C331B4F95600FFF720FE40F2C33172
:102C0000B4F95800FFF71AFEB4F95A0040F2C33184
:102C1000FFF714FE002010BD4FF0FF30FBE700BFB0
:102C200000640258000300800044025870B50D464D
:102C30000646F8F7E7FFB0FBF5F4FF2C10DCF8F7D9
:102C4000E1FFB0FBF5F101FB150505B9013C30468C
:102C50007460F8F721FA003818BF0120404270BDB7
:102C6000FF24F4E72DE9F04F2DED068B87B01D46CC
:102C70000F461646199B04467D4938460AEE903A9F
:102C80009DF86830BDF958A00293BDF95CB0BDF95C
:102C90006080EBF739FC774903903046EBF734FC62
:102CA000754901902846EBF72FFC744908EE100A8D
:102CB0005046EBF729FC724908EE900A5846EBF7AC
:102CC00023FC704909EE100A4046EBF71DFC019AFF
:102CD000039B814611461846EBF7F2FB18EE901A5B
:102CE000019018EE100AEBF7EBFB4946039019EE42
:102CF000100AEBF7E5FB019B1A46039B9A4240F052
:102D0000B080824240F0AD8059493846EBF712FC62
:102D1000584903903046EBF70DFC574908EE100A6E
:102D20002846EBF707FC554908EE900A5046EBF7AA
:102D300001FC534909EE100A5846EBF7FBFB5149D9
:102D400009EE900A4046EBF7F5FB4F4A0AEE100AEF
:102D5000039BD2F8D4104D4841F48041C2F8D410FE
:102D6000D2F8D41001F48041059105994849D0F872
:102D70008CC08C45FBD1D16F4FF0000941F48041EC
:102D8000D167D16F21F48041D1674FF440720121A6
:102D9000C26000223846A4F8507084F84120E260F6
:102DA00084F840204FF0004292FAA2F2B2FA82F286
:102DB000013A22614FF480626261029AB2EB090229
:102DC00018BF0122A261019AC4E9011122601946CB
:102DD000C4E90799FFF732FD49463846FFF7E6FD9B
:102DE00018EE101A3046A4F85260FFF727FD494646
:102DF0003046FFF7DBFD18EE901A2846A4F8545031
:102E0000FFF71CFD49462846FFF7D0FD19EE101AC2
:102E10005046A4F856A0FFF711FD49465046FFF76B
:102E2000C5FD19EE901A5846A4F858B0FFF706FDF4
:102E300049465846FFF7BAFD1AEE101A4046A4F864
:102E40005A80FFF7FBFC49464046FFF7AFFD1AEEFC
:102E5000901A204607B0BDEC068BBDE8F04FFFF797
:102E6000E5BE6FF0010007B0BDEC068BBDE8F08F4A
:102E7000E04807081049070840490708644907085F
:102E800094490708B84907080044025800640258EA
:102E90000003008070B58EB00446084615466946AA
:102EA0001E46FFF7CBFD90B9336841F28832694680
:102EB00020460A93F8F750F958B941F2883229466A
:102EC0002046F8F78CF9003818BF012040420EB0B8
:102ED00070BD4FF0FF30FAE770B58EB0044608467B
:102EE000154669461E46FFF7A9FD90B9336841F2C1
:102EF0008832694620460A93F8F72EF958B941F20C
:102F0000883229462046F8F7C3F9003818BF012057
:102F100040420EB070BD4FF0FF30FAE72DE9F041AE
:102F20008EB005460E46DDE9147802B1E3B917B15B
:102F3000B8F1000F16D169463046FFF77FFD044611
:102F400060B9012341F288326946CDE90903284678
:102F5000F8F702F9002818BF4FF0FF3420460EB0F2
:102F6000BDE8F08172B16BB1009331466B462846E3
:102F7000FFF790FF04460028F0D1002FEED0B8F103
:102F8000000FEBD06B463A4631462846CDF800801C
:102F9000FFF7A2FF0446E1E710B5C4B04C220021C0
:102FA00001A805F0DDF8C022002114A805F0D8F82A
:102FB0003C4B1A68002A72D101221A60F7F7ECFE26
:102FC00039493A4BD1F88C209A42FBD1E1F798FF6E
:102FD00008B3042301A8019300230A930523039354
:102FE000F8F7B6F910B13248ECF714FE314B14A8DB
:102FF0001A6922F47C521A611A6F42F480721A67BD
:103000004FF4800314934FF480734193F8F7D6FF85
:1030100008B32948E8E708230A9001A8019301238F
:103020000693F8F795F908B12448DDE7214B14A879
:103030001A6922F47C521A611A6F42F400721A67FC
:103040004FF4800314934FF400734193F8F7B6FFE5
:1030500008B11B48C8E7144B4FF44072194C7F214C
:10306000DA60144A2046136F43F400431367FF22CB
:10307000154B23600023C4E9021284F821306360F9
:1030800023616361C4E90633FAF7A0F808B10F4879
:10309000AAE72046FAF7ADF908B10D48A4E744B015
:1030A00010BD00BFD07300240064025800030080EC
:1030B000B854070800440258D854070801550708B7
:1030C00021550708D4730024004000584A550708CA
:1030D00065550708214B2249224AF0B51C688DB07E
:1030E0005D681E460C400F46154018680840A04217
:1030F0002CD158681040A84228D105F03F00FAF7BB
:103100006AF90690C5F30420FAF765F901380790CB
:10311000280CFAF760F944300890C4F30540FAF738
:103120005AF90590C4F30620FAF755F9049004F013
:103130007F00FAF750F901220390694603A8ECF7E3
:1031400041FE40B1DDE900010DB0F0BD34687568A5
:103150003C401540C9E700200021F5E70040005839
:103160007F7F7F003FFFFF00F0B5002491B0142265
:1031700007460E4602A82146204D019404F0F0FFB8
:10318000ECF7DEFB1E4B07AA38462B6031460123C5
:10319000ECF76CFE80B30D9B224601A92846A342A2
:1031A0008DF80B4008BF07238DF804300B9B0133CB
:1031B0008DF805300A9B8DF806300C9B443B8DF84A
:1031C0000730099B8DF80830089B8DF80930079B64
:1031D000CDE905448DF80A30FAF7ABF8024610B194
:1031E0000848ECF717FD02A92846FAF740F808B19D
:1031F0000548F6E7ECF7BAFB11B0F0BDD473002434
:10320000004000587F55070896550708024BD868BC
:10321000C0F30010704700BF00400058C069C0F301
:10322000801070470FB4074B1B6807B5064905AA05
:10323000D868019209F0CCF803B05DF804EB04B053
:10324000704700BFB00E0024AD55070810B5804987
:103250000446804BD1F88C209A42FBD123687E4AE9
:10326000934257D17D4AD2F8981041F01001C2F82C
:103270009810D2F8981021F01001C2F89810D2F8E6
:10328000F01021F01001C2F8F010754A934240F09E
:103290008980724BD3F8982042F02002C3F898201E
:1032A000D3F8982022F02002C3F89820D3F8F02019
:1032B00022F02002C3F8F020654B4FF4407240F238
:1032C000C331B4F91800DA60FFF7B8FA40F2C3313D
:1032D000B4F91A00FFF7B2FAE36923F40073B3F507
:1032E000807F05D140F2C331B4F92000FFF7A6FA80
:1032F000E36923F48073B3F5007F05D140F2C33155
:10330000B4F92200FFF79AFA62680021554B43F89E
:10331000221010BD544A93421DD002F580629342A0
:103320002DD0524A934252D0514A9342ADD14B4B89
:10333000D3F8902042F48012C3F89020D3F8902064
:1033400022F48012C3F89020D3F8E82022F48012EF
:10335000C3F8E820B0E7414AD2F8901041F40031B8
:10336000C2F89010D2F8901021F40031C2F89010F9
:10337000D2F8E81021F40031C2F8E81085E7374AA6
:10338000D2F8901041F48021C2F89010D2F8901039
:1033900021F48021C2F89010D2F8E81021F48021A5
:1033A000C2F8E810334A934224D12C4BD3F8902032
:1033B00042F08042C3F89020D3F8902022F080425F
:1033C000C3F89020D3F8E82022F08042C0E7234AD7
:1033D000D2F8901041F40021C2F89010D2F8901069
:1033E00021F40021C2F89010D2F8E81021F4002155
:1033F000C2F8E810204A934217D0204A93427FF443
:103400005BAF164BD3F89C2042F00802C3F89C2017
:10341000D3F89C2022F00802C3F89C20D3F8F420B3
:1034200022F00802C3F8F42046E70C4BD3F89020B2
:1034300042F00042C3F89020D3F8902022F00042DE
:10344000C3F89020D3F8E82022F0004280E700BFC4
:10345000006402580003008000100140004402583C
:10346000001401403465002400440040004C00403A
:103470000050004000780040007C0040000C0058E4
:10348000426890235343054AD358DA69120701D59D
:1034900008221A62D869C0F340107047B00F0124A7
:1034A000426890235343034AD358D869C0F3C010ED
:1034B000704700BFB00F012438B5426890230168FF
:1034C0005343204A99509C1882686260B2F5965F17
:1034D000C36838BF0725A3600369E36043692361BC
:1034E000C369A3614FF0000328BF1D46A4F85630FE
:1034F000E361A4F85430A4F85E30A4F85C30236291
:103500006366C4E90953B0F91A3001330FD10823B7
:1035100063610D4B994205D1B2F5165F20460DD877
:10352000FBF7FEFA2046BDE83840FBF7C9BAB0F910
:10353000183001330CBF04230C23E9E7FBF700FB31
:10354000F0E700BFB00F0124000C00580268334BB5
:103550009A4270B50446C4B00D46816054D1BC2275
:10356000002115A8042604F0FBFDB5F5165F14969E
:103570000BDD012314A83993F8F720FD2046FFF74F
:103580009BFF002832D144B070BD254B196F11F05C
:10359000020113D1482202A804F0E2FD01230196A2
:1035A00003930A931F4E204BD6F88C209A42FBD1EE
:1035B00001A8F7F7CDFE4FF44073F360184B1B6F73
:1035C0009B07D6D5174E184BD6F88C209A42FBD1C4
:1035D000052314A83993F8F7F1FC4FF44073204603
:1035E000F360FFF769FF0028C3D1CCE700230D4E3D
:1035F00039930D4BD6F88C209A42FBD114A8F8F7DA
:10360000DDFC4FF44073F3602046FFF755FF0028C0
:10361000B9D029460548FFF705FEB4E7000C00586D
:10362000004402580064025800030080AD550708AA
:10363000012A10B50ED0022A24D0002409294461A1
:1036400026D010DC072910D008290CD17AB14FF40C
:1036500080520CE04FF4C06208294261F7D009297A
:1036600018D0072902D00D4815E072B10022022BB4
:10367000C2600CBF4FF400530023BDE8104003614B
:10368000FFF71ABF4FF48062E6E74FF08052EEE793
:10369000002ADCD00248ECF7BDFA00BF0656070846
:1036A000D75507081A4B984222D0A3F54C439842AD
:1036B00020D003F5806398421ED003F580639842C2
:1036C0001CD003F5806398421AD003F54443984216
:1036D00018D0A3F51C43984216D003F58063984296
:1036E00014D00C4B984214BF4FF0FF3008207047A5
:1036F0000020704701207047022070470320704768
:103700000420704705207047062070470720704747
:1037100000100140000C00582DE9F0470F461646F6
:103720008AB0824904463846EAF7EEFE824680496E
:103730003046EAF7E9FE01465046EAF7C1FE7B490A
:1037400005463846EAF7F6FE794981463046EAF7FB
:10375000F1FE092F80460AD00A2E08D073490920AD
:10376000EAF7D2FE50450CD17248ECF753FA4FF00D
:10377000010A691C256007D13E226F496F48EBF7AB
:10378000E7FF4FF0000AF4E76D4B9D4236D16D4BD9
:10379000D3F8F02042F01002C3F8F020D3F8F03054
:1037A00003F010030193019B674B9D4236D1654B9B
:1037B000D3F8E82042F40022C3F8E820D3F8E83038
:1037C00003F400230493049B604B9D4236D15D4B70
:1037D000D3F8E82042F08042C3F8E820D3F8E8307C
:1037E00003F080430793079B2846FFF75BFF002801
:1037F000606066DA9D2250495548C0E7554B9D42AE
:103800002DD1504BD3F8E82042F40032C3F8E82021
:10381000D3F8E83003F400330293029B4E4B9D42F1
:103820002DD1484BD3F8E82042F48012C3F8E820A9
:10383000D3F8E83003F480130593059B474B9D4272
:103840002DD1404BD3F8E82042F00042C3F8E820E5
:10385000D3F8E83003F000430893089BC4E7404BDB
:103860009D42A1D1374BD3F8E82042F48022C3F81F
:10387000E820D3F8E83003F480230393039B394B0B
:103880009D42A1D12F4BD3F8F02042F02002C3F883
:10389000F020D3F8F03003F020030693069B324B60
:1038A0009D42A1D103F50E33D3F8F42042F0080273
:1038B000C3F8F420D3F8F43003F008030993099B0C
:1038C00092E749463846FEF7B9FF01213846FFF72F
:1038D0006DF841463046FEF7B1FF30460121FFF753
:1038E00065F800234FF4E1322046E36127836683C5
:1038F000C4E90223C4E90433FFF7DEFDBAF1000F87
:1039000010D01A4B012204F120051A60184B2068D0
:10391000083454F8041C1A46AC4203C21346F6D1CC
:10392000206810600AB0BDE8F08700BFAC4C070803
:10393000504B070834560708865607089356070861
:103940000010014000440258004C00400078004044
:10395000AF5607080044004000500040007C004083
:103960000048004000140140000C0058F873002487
:10397000181601242A4808B5036813F0010304D07F
:10398000FFF74CFCB0FA80F35B0926480268D107C8
:1039900004D5FFF743FC002808BF01232248026832
:1039A000D20704D5FFF73AFC002808BF01231F48BF
:1039B0000268D10704D5FFF731FC002808BF0123B6
:1039C0001B480268D20704D5FFF728FC002808BF6F
:1039D000012318480268D10704D5FFF71FFC00280F
:1039E00008BF012314480268D20704D5FFF716FC6C
:1039F000002808BF012311480268D10704D5FFF74A
:103A00000DFC002808BF01230D480268D20704D529
:103A1000FFF704FC002808BF0123184608BD00BFBB
:103A2000001001400044004000480040004C0040AD
:103A3000005000400014014000780040007C00402D
:103A4000000C005808B5EBF77BFF064B0121186806
:103A500010F0010018BF0846F7F7A6F9BDE80840C6
:103A6000EBF784BF0048025870B594B0FFF782FFAF
:103A70000446002875D1EBF763FF3B4D00F0ECF9ED
:103A8000012102222E680846F7F7D8F901212246C3
:103A90000846F7F7D3F9F60703D52B6843F001037F
:103AA0002B600023314D32492B60324BD1F89020EE
:103AB0009A42FBD12C4B1A6994063CD55B69980657
:103AC00039D52B4E2B4BD6F88C209A42FBD14C2269
:103AD000002101A804F044FB01A8F8F7D9F802235B
:103AE000012101A801931023CDE9041300230A93B7
:103AF000F7F72EFC044610B11F48ECF78BF801468F
:103B00002022009001A804F02BFB694601A8F8F7D9
:103B10003BF91B23009901A8019307940294049494
:103B20000694F7F749FF08B11448E6E7FCF7A6FB4F
:103B30004FF44073F3600C4A136943F4007313614C
:103B40004FF440720A4B1A610D4B596A5A6A521A65
:103B5000B2F5FA7FFAD300F097F901232B60EBF767
:103B600005FF14B070BD00BF00480258CC7300249C
:103B70000064025800030080C1560708E656070893
:103B8000000C004030B54FF40033B3B004461F4D75
:103B900002934FF4807322931D4BD5F88C209A42E8
:103BA000FBD102A8F8F70AFA10B11A48ECF732F87C
:103BB0004FF440731549EB60174BD3F8DC2042F00B
:103BC0004002C3F8DC20D3F8DC30207203F040035D
:103BD00060600193019B114B607223600C4BD1F824
:103BE00080209A42FBD12046F9F711FA08B10C481F
:103BF000DCE769462046F9F758FA0028F9D1034B6B
:103C00004FF440721A6033B030BD00BF00640258F8
:103C1000000300800E5707080044025800180248AD
:103C20002D57070810B5064B064CD4F880209A4251
:103C3000FBD1F9F721FA4FF44073236010BD00BFA8
:103C400000030080006402582DE9F7431D4600235D
:103C50000F4606462B6090461B491C4BD1F880202E
:103C60009A42FBD14FF000092B68984529D901A948
:103C70003046F9F71AFA0446F8B14FF0FF303368CE
:103C80004FF440725B6803F00603062B0E4B08BF2F
:103C90004FF0FF301A6003B0BDE8F08302AB1A1991
:103CA000013412F8043C042C02F8049C07F8013B90
:103CB0002B6803F101032B60D6D02B684345EDD36D
:103CC000D2E70020DBE700BF006402580003008059
:103CD000074B084A13601A69910707D5DA689207FB
:103CE00004D56FF002021A61EAF766BE704700BFA2
:103CF000000C004040160124004870474857070850
:103D000030B58BB0694602A8F8F73EF8F7F79CFF8C
:103D1000274B0090D3F8E820264942F00802C3F868
:103D2000E820D3F8E82002F008020192019A224A22
:103D3000D1F88C409442FBD1D3F890201F4C42F034
:103D40000802C3F89020D3F8902022F00802C3F8AC
:103D500090204FF44073CB60194B079A23604FF0CB
:103D6000FF33E360174B0ABB0025B0FBF3F00138CB
:103D70002561A56060601148C4E90555FAF736FB76
:103D8000114B124A9B68C3F80821BFF34F8F104BA9
:103D90004FF480225A6009482946FAF765FB2268E9
:103DA000D36823F00203D3600BB030BD4000DBE7E3
:103DB00000440258006402580003008040160124A9
:103DC000000C004040420F0000ED00E0D13C06082E
:103DD00000E100E0044800210268D36823F00203F8
:103DE000D360FAF741BB00BF40160124014B586A6B
:103DF000704700BF000C0040054B6FF002021B68CB
:103E000058631A61DA6842F00202DA60704700BF54
:103E100040160124064B6FF002021B681A615A69B2
:103E200042F002025A61DA6842F00202DA60704738
:103E300040160124034B1A68D36823F00203D360B1
:103E4000704700BF40160124024B6FF002021B684E
:103E50001A61704740160124064B074A1B68596ACD
:103E600011605A6B054B1A60054BDA68054B1A60F6
:103E7000704700BF40160124901601243C1601240F
:103E8000000C00408C160124064B074A1B68126880
:103E90005A62064A12685A63054B1A68054BDA6083
:103EA000704700BF40160124901601243C160124DF
:103EB0008C160124000C00405028F8B51CD000F0EE
:103EC0000F040C2C56D8DFE804F0074151071F55AA
:103ED0005555552723071F00144654F8045B45B178
:103EE00000F07006102E08BF11460D44020648BFB0
:103EF0002D681D602046F8BD033222F0030454F8FB
:103F0000045B1D602046F8BD144654F8085BE6E7E4
:103F1000144634F9025BE2E700252F46144614F8F4
:103F200001CB0CF07F06BE401CF0800F45EA060571
:103F300007F10707F3D11F2FD1D81CF0400FCED0C7
:103F40004FF0FF3606FA07F73D43C9E700252F4635
:103F5000144614F801CB0CF07F06BE401CF0800F15
:103F600045EA060507F10707F3D1B8E7144634F828
:103F7000025BB4E702F0F2F900F07000202811D0E3
:103F80000BD9402806D050280AD030280DD1084639
:103F900002F0DAB9084602F0C7B908B1102804D116
:103FA00000207047084602F0D3B908B502F0D6F9F0
:103FB000F8B50C461546074608B102F0B5F9286079
:103FC0002678FF2E04F1010429D1686023782B752F
:103FD000FF2B04F1010032D0102300242B75224660
:103FE00010F8011B01F07F039340090644EA030423
:103FF00002F10702F4D40444EC6003786B750024EA
:104000000130224610F8011B01F07F0393401C434E
:104010000B0602F10702F5D404442C61F8BD3946C1
:104020003046FFF7A9FF224601462B1D3046FFF719
:1040300043FF0446601C23782B75FF2BCCD1002353
:10404000EB60DAE72DE9F04F00F0030499B00023AC
:10405000012C884617460C9300F096800DD3022C55
:1040600040F05F823946404602F04AF9002800F0ED
:104070009B80092019B0BDE8F08F0207F2D401231C
:10408000049318AA002342F82C8D19460092384652
:104090000C2201F0C5FB384602F04CF905900028CF
:1040A000E0D012AB1A46059906933846FFF780FF19
:1040B00005469DF85C00FF2800F0E5803946FFF7D3
:1040C0005BFF044600230DF1440B1946CDF800B008
:1040D0000F223846149401F081FB119E169B26F0A6
:1040E00001069D4206F1FF3680F0D4800DF13C0AB6
:1040F0000DF140099DF85D40FF2C4FF0000103D009
:104100002046FFF739FF01462A4620465346FFF76F
:10411000D3FE9DF85D40FF2C05464FF0000103D013
:104120002046FFF729FF01462A4620464B46FFF767
:10413000C3FE9DF85D40FF2C05464FF0000103D003
:104140002046FFF719FF01462A4620465B46FFF747
:10415000B3FE00240546214615F8012B02F07F032B
:104160008B401C43130601F10701F5D4129B0F9AF3
:104170001344B3421FD9049BDB0700F19180049BD9
:104180001C0715D500F00CFB10F008041CD018AA71
:1041900044F0020442F82C1D3846009219460C22C5
:1041A000049401F03DFB76E7082019B0BDE8F08FDC
:1041B000404600F0D7F9109A1344B34200F28880C9
:1041C000169BAB4296D8D6E712AB009306930D220E
:1041D000234621463846D8F8205001F0FFFA129BBA
:1041E0009D4202D0022304934BE718AA234642F8CB
:1041F0002C8D2146009238460C2201F011FBD8F894
:1042000030300393002BD3D0D8F828301A46D8F892
:104210002C3005930DF13C0A0DF140091346002B9B
:104220001C46C0F22781032518A9002341F8288DD8
:104230001A4600913846194601F0F2FA0023194651
:104240000122CDF800A038460F9401F0E9FA0023CE
:1042500019460F22CDF80090384601F0BFFA109BA6
:10426000039ACDF8009003F001040023144338466C
:1042700019460F22109401F0D3FA022D05D0072021
:1042800019B0BDE8F08F00241CE7404600F00EFB9B
:104290000720EFE6049BD9077FF571AF0DF14009C8
:1042A00000240394002319460D22CDF800903846CF
:1042B0000C9D01F093FA059A109BC8F82C20039AE4
:1042C000C8F83020C8E90954C8F820300620D1E6E3
:1042D000119B002B3FF4C6AE139A9A180392002C40
:1042E00000F0F080169B013C2344002A3FF4BAAE54
:1042F000002B00F0F880049A12F00802099200F0F6
:10430000038147214E2288F8001088F801205521AA
:10431000432288F8021088F8032046214F2288F8AB
:10432000041088F805205221002288F8061088F829
:104330000720CDE90A7A00220792CDF820900024C8
:10434000214600E02B461D4615F8010B00F07F02C8
:104350008A40060644EA020401F10701F2D41F294B
:1043600005D8400603D501228A4052421443002654
:104370003146A14613F8010F00F07F028A40164330
:10438000020601F10701F5D41F2905D8470603D518
:1043900001238B405B421E43002C4CD04EDC04F1C9
:1043A000010ACAEB8A72159B03EB820753F82210AD
:1043B000B8F1000F01D0099B2BB151B3002E00F0D2
:1043C0008B80AB19BBE70C9B119329B991E057F88F
:1043D000041F002900F08D8039445B4600224046CE
:1043E00000F00CFA0028F2D0E8E7E2005242DDE9E2
:1043F00014131A44089BFFF75FFD109949B1B8F1F7
:10440000000FDBD00CAB0022404600F0F7F900288B
:10441000D4D0049BD8074A46DDE90A7ADDF820901B
:104420003FF540AF099B002B3FF4F8AE002CBFF6E0
:10443000FAAE00F0C3F901230793BFE79DF85C00D3
:10444000FF283BD000F00703042B6AD801A252F8E2
:1044500023F000BF6F440608234506086944060898
:104460006F440608EB43060862005242BFE7A20011
:104470005242BCE701331D46DDE905123846FFF71D
:1044800097FD9DF85C00FF281AD03946FFF774FDB0
:10449000C5EB85729200159D1490AB58154433B14D
:1044A0002A46002352F8041F01330029FAD10422BE
:1044B000C8E90C25C8E90A300325B5E6002296E7CD
:1044C0000020E5E7039B002B3FF4CCAD049BDA070B
:1044D0003FF5C8AD0225A7E6DDE90739DDE90A7A2F
:1044E000002B3FF4BFAD049BDD073FF5BBAD0024BF
:1044F000F0E7049B0A9FDDF82090DE075546DDF8C3
:104500002CA03FF5CFAEB7E798F80720012A0CBFE3
:1045100058F8202C08F158020C920AE700F0A0F895
:1045200030E601F01BFF00BF0378472B01D00020CD
:10453000704743784E2BFAD18378552BF7D1C37847
:10454000432BF4D10379432BF1D143792B2BEED1BB
:1045500083792B2BEBD1C07901288CBF002001205F
:10456000704700BF10B530B1044600F079F820461E
:10457000FFF7DAFF08B900F013F954F8140C00F053
:10458000FBF800BF2DE9F04F85B00246FFF7CCFFE6
:1045900050B152E906851046966AD2E90C7400F0D3
:1045A0005FF8404600F006F9104600F059F800F0B8
:1045B00005F900F055F800F0F3F800F051F800F0BC
:1045C000D3F8036893F827200DF1100A012A0CBFD5
:1045D0001A6803F178024FF0000820334AF8082DDA
:1045E00027F0030B0193C146B1451BDA276807B1D9
:1045F0002744534600223946019800F0FFF8E8B9F5
:104600003B6814491B69009304AA012342F8040D76
:104610003846009FB847002818BF804609F10109B5
:104620005C44E1E7B8F1000F10D0042000F0D2FAAA
:10463000094B0360094A074900F0F0F900F00AFA53
:1046400000F04EF800F04CF800F0D2F8284600F0E8
:1046500093F800BF78570708FC570708C54A0608B3
:1046600038B5044600F084F822780368472AA4F19C
:10467000200104D08BBB1C460160204638BD627807
:104680004E2AF7D1A278552AF4D1E278432AF1D103
:104690002279432AEED162792B2AEBD1A2792B2AF7
:1046A000E8D1E279012AE5D854F80C2C002A11DB74
:1046B0000132456844F80C2C8B4205F1FF3545600A
:1046C0001CBF44F8103C01602046646A01F07EF88B
:1046D000204638BDC2F10102EBE700F061F800BFEF
:1046E00008B500F041F80246006870B390F8203039
:1046F000472B06D0002313602030BDE8084001F0AE
:1047000067B890F821304E2BF4D190F82230552B19
:10471000F0D190F82330432BECD190F82430432B88
:10472000E8D190F825302B2BE4D190F826302B2BB4
:10473000E0D190F82730012BDCD84369002B05DB52
:10474000013B002B07D00DDB436108BD0133FBD1DA
:1047500001691160F8E7036913602030BDE8084083
:1047600001F036B800F01CF800487047FC730024D4
:1047700000487047FC73002408B5804701F0EEFD47
:10478000FFF76EFF01F0EAFD0D460446FFF7A8FFB4
:10479000013501D000F02CF82046FFF7F3FE00BFF2
:1047A00008B5034B1868BFF35B8FFFF7E5FF00BF49
:1047B000A80E002408B58047FFF7F2FF08B5034BA9
:1047C0001868BFF35B8FFFF7F5FF00BFAC0E002446
:1047D000024B1868BFF35B8F704700BFA80E002420
:1047E000024B1868BFF35B8F704700BFAC0E00240C
:1047F0001EB400F08DF81EBC01F0ACFBF0B50278E1
:10480000472A83B00D461F461ED00023254C019336
:10481000236820469B68984780B1019B1B680193E1
:1048200002262B68214628461C6901AA0123A047BD
:1048300030B1019B3B60304603B0F0BD0126F0E78C
:104840000646304603B0F0BD43784E2BDDD1837869
:10485000552BDAD1C378432BD7D10379462B15D00A
:104860000379432BD1D143792B2BCED183792B2BB9
:10487000CBD1C379012BC8D850F8204C02D0583086
:104880000190C5E7204654F8784CF9E743794F2B5F
:10489000E6D18379522BE3D1C379002BE0D1019388
:1048A000014CB5E7705707086857070810B504466C
:1048B000FFF75EFF2378472BA4F1200204D0836822
:1048C00023BB8260012010BD63784E2BF7D1A37803
:1048D000552BF4D1E378432BF1D12379432BEED13F
:1048E00063792B2BEBD1A3792B2BE8D1E379012B27
:1048F000E5D854F8043C0133012B44F8043CE1D1E1
:10490000836844F8083C8260012010BDFFF748FF2F
:1049100008B5FFF72DFF836883B393F82020472A5B
:1049200004D00022826003F1200008BD93F821200A
:104930004E2AF6D193F82220552AF2D193F823205B
:10494000432AEED193F82420432AEAD193F8252074
:104950002B2AE6D193F826202B2AE2D193F82720A0
:10496000012ADED8DA69013ADA61002ADBD19A69D4
:10497000826000229A6103F1200008BDFFF710FF5A
:10498000012810B51AD8BFF35B8FA1F1280353E8B3
:10499000002F013A43E800200028F8D1BFF35B8FD5
:1049A0005AB951F81C3C01F158040BB12046984704
:1049B0002046BDE8104000F025B910BD51F8140C98
:1049C000FFF7DAFEF8B5002540E91E1240F8805CDA
:1049D0000446FFF705FF44F8700CFFF7F9FE472384
:1049E00043224E2755260C4904F8583C2B2304F843
:1049F000515C04F8577C04F8566C44F8501C04F8D9
:104A0000552C04F8542C04F8533C04F8523C44F858
:104A10006C0CA4F18000F8BD81490608F8B5054684
:104A20000E461746FFF7A4FE4368044601333A4694
:104A3000314663602846FFF7C5FF0446012344F86A
:104A4000283B204601F074FA2046FFF709FEFFF7E5
:104A5000A7FE00BF10B5FFF78BFED0E90042013280
:104A6000426064B194F82020472A0AD000220260F4
:104A70002034204601F080FA2046FFF7F1FDFFF7D1
:104A80008FFE94F821204E2AF0D194F82220552A46
:104A9000ECD194F82320432AE8D194F82420432A27
:104AA000E4D194F825202B2AE0D194F826202B2A53
:104AB000DCD194F82720012AD8D862695242626179
:104AC000D6E700BF704700BF00487047545707083B
:104AD00010B504210446EBF7B5FE204610BD00BF1B
:104AE000F0B4224C6368A0F108061BB350F8087CB0
:104AF000F519AB421ED822D05968002931D08D4219
:104B000003D32EE0954205D211464A681C1D0B4680
:104B1000002AF7D195421CD023681A6899188E4252
:104B20001CD05B6840F8043C236840F8087C5E6059
:104B3000F0BC704740F8043C6660F0BC7047D3E9B5
:104B40000023174440F8087C40F8043C6660F0BC41
:104B50007047D5E900324A601F44DDE717441F6003
:104B6000EBE70A4604341946D4E700BF0874002472
:104B700030B4174C00F108026368082A38BF0822D5
:104B800003B30732196822F007028A4204D81BE0F7
:104B900001688A4205D9034658680028F8D130BC1C
:104BA000704704338C1A072C456808D981184D606A
:104BB0008450186802601960083030BC704701608A
:104BC0001D60F9E71846EAE71846231DEAE700BF2B
:104BD0000874002410B500F18004204602F070FE35
:104BE00038B1034680220021184603F0B9FA80301C
:104BF00010BD2046FFF7BCFF03460028F2D1FFF7A7
:104C0000CFFD00BF064A93688038984203D9D26826
:104C10001344984201D302F05BBEFFF761BF00BFAF
:104C20000874002438B5084C4FF41E652846E5602A
:104C300002F046FEA06020B100236060C0E900538E
:104C400038BDE060606038BD0874002410B5034BC7
:104C50000360044600F0C2F8204610BD445807081F
:104C600010B5054B0360044600F0B8F820460C214F
:104C7000EBF7E8FD204610BD4458070870B582B038
:104C80000E46069C9442054609D0A868056806941D
:104C90002C6A3146A44602B0BDE870406047194610
:104CA0000192009300F062F8DDE900320028ECD0B8
:104CB000062002B070BD00BF2DE9F04F0E4681B056
:104CC00019461F4691468346DDE90A4ADDE90C850F
:104CD00000F04CF870B1002E2C6085F804901DDBBC
:104CE0003444A0450CBF06240124AC71002001B05F
:104CF000BDE8F08F444516D0DBF80800D0F800C0BE
:104D0000CDE90C85CDE90A4ADCF81C403B464A4611
:104D10003146A44601B0BDE8F04F60470236E5D108
:104D20000123AB71E2E75146584600F01FF8002816
:104D3000E2D085F80590D9E72DE9F04107460C4609
:104D400015461E4600F084F808B1BDE8F081B86849
:104D500007682146BC6933462A46A446BDE8F041AF
:104D6000604700BF704700BF0020704781420FD0EE
:104D700008B5406803782A2B0CD049680B782A2B99
:104D800008BF013103F0C0FDB0FA80F0400908BD52
:104D900001207047002008BD70B5036884B000246E
:104DA0009E69009410231546CDE9023412688DF8EF
:104DB00004406B46B0479DF8043003F00603062B11
:104DC00003BF009B2B600120204604B070BD00BFD4
:104DD000009890420CBF06200120704710B5034B8D
:104DE00003600446FFF7BEFF204610BDB858070811
:104DF00010B5054B03600446FFF7B4FF20460821B9
:104E0000EBF720FD204610BDB85807082DE9F0410A
:104E1000DDE90814069D8D4290461F4606460CD0DB
:104E200039463046FFF7A2FF20B10123256084F800
:104E30000480A3710020BDE8F0810799FFF796FF79
:104E40000028EDD084F805800020BDE8F08100BF87
:104E500038B515461C46FFF789FF20B10822062306
:104E60002560E260237138BD2DE9F04117461C46EC
:104E700006460D46FFF77AFF08B9032C01D9BDE8B5
:104E8000F0812B683A46314628465B69BDE8F0411F
:104E9000184700BF80F0004002E000BF81F00041F1
:104EA00042001FBF5FEA410392EA030F7FEA226CD0
:104EB0007FEA236C6AD04FEA1262D2EB1363C1BF60
:104EC000D218414048404140B8BF5B42192B88BFCF
:104ED000704710F0004F40F4000020F07F4018BFF2
:104EE000404211F0004F41F4000121F07F4118BF12
:104EF000494292EA030F3FD0A2F1010241FA03FCBA
:104F000010EB0C00C3F1200301FA03F100F00043A1
:104F100002D5494260EB4000B0F5000F13D3B0F169
:104F2000807F06D340084FEA310102F10102FE2AD8
:104F300051D2B1F1004F40EBC25008BF20F0010048
:104F400040EA03007047490040EB000010F4000FF6
:104F5000A2F10102EDD1B0FA80FCACF1080CB2EB89
:104F60000C0200FA0CF0AABF00EBC25052421843E8
:104F7000BCBFD0401843704792F0000F81F400018D
:104F800006BF80F400000132013BB5E74FEA410360
:104F90007FEA226C18BF7FEA236C21D092EA030FCC
:104FA00004D092F0000F08BF0846704790EA010F46
:104FB0001CBF0020704712F07F4F04D1400028BF73
:104FC00040F00040704712F100723CBF00F5000055
:104FD000704700F0004343F0FE4040F4000070478B
:104FE0007FEA226216BF08467FEA23630146420237
:104FF00006BF5FEA412390EA010F40F4800070474A
:105000004FF0000304E000BF10F0004348BF4042EF
:105010005FEA000C08BF704743F0964301464FF02B
:1050200000001CE050EA010208BF70474FF0000387
:105030000AE000BF50EA010208BF704711F00043C8
:1050400002D5404261EB41015FEA010C02BF844698
:105050000146002043F0B64308BFA3F18053A3F5F7
:105060000003BCFA8CF2083AA3EBC25310DB01FA3E
:1050700002FC634400FA02FCC2F12002BCF1004FC2
:1050800020FA02F243EB020008BF20F00100704753
:1050900002F1200201FA02FCC2F1200250EA4C00A7
:1050A00021FA02F243EB020008BF20EADC707047ED
:1050B0007BB972B90029BEBF00204FF0004106E065
:1050C00008BF00281CBF6FF000414FF0FF3001F017
:1050D00043B9ADF1080C6DE904CE002909DB002BC2
:1050E0001ADB00F04DF8DDF804E0DDE9022304B03E
:1050F0007047404261EB4101002B1BDB00F040F8A0
:10510000DDF804E0DDE9022304B0404261EB410137
:10511000524263EB43037047524263EB430300F098
:105120002FF8DDF804E0DDE9022304B0404261EB32
:1051300041017047524263EB430300F021F8DDF870
:1051400004E0DDE9022304B0524263EB43037047FD
:1051500053B94AB9002908BF00281CBF4FF0FF31DE
:105160004FF0FF3001F0F8B8ADF1080C6DE904CE56
:1051700000F006F8DDF804E0DDE9022304B0704732
:105180002DE9F047089E04468846002B4BD18A4201
:10519000154667D9B2FA82F24AB1C2F1200701FA84
:1051A00002F320FA07F7954047EA030894404FEAD4
:1051B000154E230CB8FBFEF71FFA85FC0EFB178873
:1051C00043EA084307FB0CF1994209D9EB1807F1B0
:1051D000FF3080F01B81994240F21881023F2B443E
:1051E0005B1AA4B2B3FBFEF00EFB103344EA034497
:1051F00000FB0CFCA44509D92C1900F1FF3380F009
:105200000781A44540F2048102382C4440EA07405B
:10521000A4EB0C0400271EB1D4400023C6E90043D0
:105220003946BDE8F0878B4209D9002E00F0EB80AB
:105230000027C6E9000138463946BDE8F087B3FAD1
:1052400083F7002F47D18B4202D3824200F2FA80CB
:10525000841A61EB030301209846002EE0D0C6E9D2
:105260000048DDE702B9FFDEB2FA82F2002A40F020
:105270008F80491B4FEA154E1FFA85F80127B1FBB5
:10528000FEFC230C0EFB1C1143EA014308FB0CF14E
:10529000994207D9EB180CF1FF3002D2994200F283
:1052A000CD808446591AA3B2B1FBFEF00EFB101458
:1052B00043EA044408FB00F8A04507D92C1900F183
:1052C000FF3302D2A04500F2B6801846A4EB0804D2
:1052D00040EA0C409FE7C7F1200CBB4022FA0CFECD
:1052E0004EEA030E01FA07F420FA0CF521FA0CF34A
:1052F0004FEA1E482543B3FBF8F92C0C08FB193381
:105300001FFA8EFA44EA034309FB0AF49C4202FAAC
:1053100007F200FA07F10BD91EEB030309F1FF3086
:1053200080F087809C4240F28480A9F10209734496
:105330001B1BADB2B3FBF8F008FB103345EA034486
:1053400000FB0AFAA24508D91EEB040400F1FF3362
:105350006BD2A24569D90238744440EA0940A0FBE7
:105360000289A4EB0A044C45C2464B4654D351D0A3
:10537000002E69D0B1EB0A0564EB030404FA0CFCBF
:10538000FD40FC404CEA0505C6E90054002747E70C
:10539000C2F1200320FA03F7954001FA02F021FA46
:1053A00003F34FEA154E3843010CB3FBFEF71FFA27
:1053B00085F80EFB173341EA034107FB08F38B42E4
:1053C00004FA02F407D9691807F1FF3C2FD28B4287
:1053D0002DD9023F2944CB1A81B2B3FBFEF00EFB5C
:1053E000103341EA034100FB08F38B4207D96918E7
:1053F00000F1FF3C17D28B4215D902382944C91A53
:1054000040EA07473BE73746304609E70746E7E605
:105410001846FBE64145ABD2B8EB020A69EB0E0237
:1054200001381346A4E76046E9E7184695E7674662
:10543000D1E781467CE702382C4447E7ACF1020C07
:105440002B442FE7384608E73746E9E603685A0059
:105450004CBF43F0004323F000431844704700BFA3
:1054600061B32DE9F84F01F1FF3A90460646D14667
:10547000002707EB090404EBD4746410E5007119EC
:105480000846FFF7E3FFA245834605F108003044D4
:1054900009D0FFF7DBFFC34500F1FF3005D84045D9
:1054A00009D2671CE5E7C34505D9A74202D004F13C
:1054B000FF39DEE700210846BDE8F88F084670474F
:1054C000012807D0022807D0044B00280CBF18463B
:1054D000002070470248704702487047AD5B0608DD
:1054E000B15B0608B55B060830B5254B83B00446B2
:1054F0008D1E4BB301A92846AFF30080F0B101998E
:105500002A46FFF7ADFF0146C0B1FFF79FFF4B688A
:10551000A064012B2ED0002B01F1040026DBFFF745
:1055200095FF0023C4E913030368002B12DBFFF788
:105530008DFF00232061184603B030BD0023236196
:105540000923184603B030BD0E490F48091AC91087
:105550000191D5E7C3F30360FFF7B2FF002814BF42
:10556000002309232061184603B030BD0123C4E99C
:105570001303D9E7002323610523184603B030BD88
:1055800000000000A06A0708586207080368DA07ED
:1055900010B5044606D49B0700F1480009D500F079
:1055A0005FFC2368590709D51A070ED5DB0613D50A
:1055B00010BD00F04DFC23685907F5D404F1D0006C
:1055C00000F056FC23681A07F0D404F5A87000F028
:1055D00057FC2368DB06EBD404F5E870BDE8104007
:1055E00000F092BC036803B103441846704700BF43
:1055F00009207047704700BF70B504460D4608E0AB
:105600002B6C63612A4623692146012098470828AC
:1056100008D1296C2046FFF767FF06460028EFD027
:1056200000F09CFE0728FBD13046296CFFF7E2FF13
:10563000281D00F001FC00BF2DE9F0470C1D0546B8
:1056400017460FCCADF5727D03AE0FC60FCC0FC65B
:105650000FCC0FC694E80F0002ACD5F80C80D5F83B
:10566000189086E80F000023236021E0236C6B6113
:105670004FF4F07221467AA802F074FC2B697AAAE2
:10568000294630469847889BCDE9004982466364A5
:1056900031462B462A460120C0470746F8B94FF449
:1056A000F0727AA9204602F05DFCBAF1080F1CD115
:1056B000216C2846FFF718FF002F08BF0926074670
:1056C00018BF0A260028D1D0A36B46F01001CDE9FF
:1056D00000492A46636401202B46C04700B10927D0
:1056E00038460DF5727DBDE8F087BAF1070FF6D1A7
:1056F0003846216CFFF77EFF03A800F09DFB00BF3A
:10570000406C7047F0B5CB6B0B640D1D0F46064621
:105710000FCDF9B001AC0FC40FCD0FC40FCD0FC426
:1057200095E80F004FF0FF3584E80F00009506E084
:1057300033696A46314698470828044608D11099CB
:105740003046FFF7D1FE0028F2D0092079B0F0BD35
:105750006846FFF71BFF062CF7D139463046FFF7A6
:105760004BFF00BF30B4DD6BC160826119461D6420
:10577000002230BC60E700BF70B5C66843690B64A7
:10578000BEB903690A4604460D4601460220984701
:10579000072807D0082803D129462046FFF72CFF09
:1057A00000F0DCFD3046296CFFF724FF281D00F0D7
:1057B00043FB0122FFF740FF00F0D0FDC2681AB1A1
:1057C000CA6B0A64002237E79CE700BF704700BF3E
:1057D000836813B10146012018477047042907D890
:1057E000DFE801F00308060808000BB90F2A03D907
:1057F000022070470120704700EB82021846536870
:10580000009A1360704700BF10B584B0002303AC4A
:105810000A4600941946FFF7E1FF039804B010BD53
:10582000042907D8DFE801F00308060808000BB9CF
:105830000F2A03D9022070470120704700EB820035
:10584000009A126842601846704700BF10B584B0D5
:1058500004AC002344F8042D0A4600941946FFF7CF
:10586000DFFF04B010BD00BFF0B5D36B1364151D8E
:1058700007460E460FCDADF50F7D17AC0FC40FCD0B
:105880000FC40FCD0FC495E80F004FF0FF3584E82B
:105890000F00169510E016A8FFF7D8FF314616A89E
:1058A000B84716AA694678B9049B08209847052886
:1058B00004460AD0092807D026996846FFF714FE47
:1058C0006A460C210028E6D0092416A8FFF75EFEE0
:1058D00020460DF50F7DF0BD2DE9F04F0D46C96C4A
:1058E00089B00C1D164600F0030B0A6806941F468B
:1058F000002B68D0130CD9B212048DF81D3002238E
:1059000004EB810405928DF81C302B6DBBF1020F66
:1059100008BFAC6B13F0010346D1019300F00803FC
:105920000093D4F80090B9F1000F00F0F380022F3B
:1059300045D0B4F80090B4F802800434AB6C28F081
:10594000010A0F2130469A44FFF75EFF824534D8A2
:1059500029F001035344834294BF002001204FEA01
:10596000480808F0020809F0010948EA0908B8F1F6
:10597000010F3AD031D3B8F1020F1AD1236823F0C6
:10598000004ABBF1000F66D130B1009A002A6CD0FA
:10599000BAF1000F00F09080002B00DA04340AF115
:1059A000010304EB8304BCE7304605A900F046FB85
:1059B00078B1092009B0BDE8F08F0020CFE7D4F816
:1059C00004800834BAE7120203230592ADF81C30B4
:1059D0009BE7082009B0BDE8F08FBBF1000F02D0B3
:1059E000002840F0B48004349BE7BBF1000F18D1CD
:1059F000A8B1D4E90023991C4FEAD272D9D005F19D
:105A000058010133049100F0B580201DFFF7EAFD35
:105A100004AB01462846FEF7F1FE002867D10834A2
:105A20007FE70D213046D5F82080FFF7EDFE804559
:105A3000F5D1AB6A9C42F2D12046FFF707FD0F215A
:105A400002463046FFF702FF30462A460021FFF7A4
:105A5000FDFE0720AEE70D213046D5F82080FFF788
:105A6000D3FE804532D0236896E7BAF1000F23D0E9
:105A700005F1580304F10408CDF808B0DDF80090F2
:105A80000397A3461C4602E05745B94640D040461E
:105A90000494FFF7A7FD04AB014600222846FEF759
:105AA000ADFE09F1010708F104080028ECD0D1454A
:105AB0005C46DDE902B7D6D130460D21FFF7A4FEE2
:105AC000049B2862C5E90934062073E7AB6A9C424F
:105AD000C9D104224FF00008A318C5E90AA8C5E9F6
:105AE0000C23236843454DDB0123019357E7804690
:105AF0000D213046FFF788FEB8F1020F28623ED133
:105B00002B46049A43F82C2F6B62AC62062051E7B7
:105B10005C46D1E705A9304600F090FA00287FF4F2
:105B200048AF019B002B3FF454AF0F213046FFF7E5
:105B30006BFE0E2102463046FFF788FE30461A4AB9
:105B40000F21FFF783FE072009B0BDE8F08F204644
:105B5000FFF77CFC04340746AC632846FEF7A6FE3C
:105B600000283FF426AF30463A460F21FFF76EFE7D
:105B700007201FE730460D21FFF746FE2862049BF1
:105B80006B62C2E70AF1010004EB8000FFF75EFCE4
:105B90000F2102463046FFF759FE30462A4641465D
:105BA000FFF754FE072005E785450608002393E626
:105BB000012391E602238FE62DE9F0410546C4B0AA
:105BC000042906D8DFE801F04D2B05030900032B5B
:105BD0005FD0022044B0BDE8F081002BF9D1102A3B
:105BE000F7D82B68DC0600F1F48022AC2046019245
:105BF00000F094F9A86B019A0023012606FA03F13C
:105C0000114203D0016844F8231004300133042BFF
:105C1000F4D1A863204600F077F90020DAE7012BE1
:105C20004FEA124697B252D0052BD2D106EB0708A5
:105C3000B8F1200FCDD80F2E40F29980B846002F32
:105C400040F0DB80AA6BAA630F2E40F2BE80B8F151
:105C5000000F02D002A800F00BF9002044B0BDE80C
:105C6000F081002BB5D1AC6B97B2281D012606FA46
:105C700003F1394203F1010302D0216801600434C9
:105C8000102B00F10400F2D112F40050E5D1AC6306
:105C9000A0E7160C97B2F319102B9AD82B681A07A5
:105CA0005DD422AC204600F00DF904EBC601AB6BCD
:105CB0003FB103EBC702186841F8040B0433934269
:105CC000F9D12046AB6300F0DBF8002082E7F2193F
:105CD000102A3FF67EAF0F2E3FF67BAF2A68D10722
:105CE00008D5284622F0030240F8482B019300F023
:105CF000B3F8019B019322AC204600F0ADF8A96BEC
:105D0000019B002F00F095807F0004EBC6044FF04C
:105D10000008043C01EB870251F8040B44F8040F1F
:105D20009142F9D1B8F1000F0FD002AC102E3146DC
:105D300038BF102104EBC101843902EBC80452F8CA
:105D4000040B41F8040F9442F9D1012B7FF47BAF8F
:105D500022AC0432AA63204600F07AF87DE723F0F3
:105D600008032B6005F5A87000F0ACF899E7B8F1CE
:105D7000100F2A6843D9D007A8F110080BD5284680
:105D800022F0010242F0020240F8482B019300F099
:105D90006BF82A68019B510725D40F2E04D822A83E
:105DA000019300F061F8019B019302AC204600F0E2
:105DB00063F8C6F110010029AA6B019BB6DD22AC85
:105DC0004F0004EBC6041146A3E722A800F048F8F0
:105DD0003DE723F010032B6005F5E870019200F019
:105DE0009DF8019A01E7284622F0040240F8D02BE2
:105DF000019300F041F8019BCFE72A68CBE7D00779
:105E00000AD5284622F0010242F0020240F8482B4F
:105E1000019300F029F8019B019322AC204600F089
:105E200023F8B846A96B019B002F7FF46DAF0A469B
:105E300009E70A468DE700BF00F1340191E8380018
:105E40009C46A6464CF8045D90E8FF0FE54600BD71
:105E500090EC210B704700BF80EC210B704700BF16
:105E600090EC200B704700BF80EC200B704700BF08
:105E7000D0EC200B704700BFC0EC200B704700BF78
:105E8000F0EC0201F0EC0211F0EC0221F0EC023136
:105E9000F0EC0241F0EC0251F0EC0261F0EC027126
:105EA000F0EC0281F0EC0291F0EC02A1F0EC02B116
:105EB000F0EC02C1F0EC02D1F0EC02E1F0EC02F106
:105EC000704700BFE0EC0201E0EC0211E0EC0221BF
:105ED000E0EC0231E0EC0241E0EC0251E0EC026166
:105EE000E0EC0271E0EC0281E0EC0291E0EC02A156
:105EF000E0EC02B1E0EC02C1E0EC02D1E0EC02E146
:105F0000E0EC02F1704700BFB0FC0181B0FC0191F0
:105F1000B0FC01A1B0FC01B1704700BFA0FC018141
:105F2000A0FC0191A0FC01A1A0FC01B1704700BF41
:105F3000EC4600B52DE900502DE9FF1F4FF000039E
:105F40002DE90C0001A9FFF7DDFBDDF840E012B000
:105F5000704700BFEC4600B52DE900502DE9FF1F4A
:105F60004FF000032DE90C0001A9FFF705FCDDF857
:105F700040E012B0704700BFEC4600B52DE900507C
:105F80002DE9FF1F4FF000032DE90C0001A9FFF7D9
:105F900015FCDDF840E012B0704700BFEC4600B5DC
:105FA0002DE900502DE9FF1F4FF000032DE90C00F3
:105FB00001ABFFF7D7FBDDF840E012B0704700BF40
:105FC000EC4600B52DE900502DE9FF1F4FF000030E
:105FD0002DE90C0001AAFFF747FCDDF840E012B004
:105FE000704700BF027A82B9437AABB14268013B85
:105FF00010B4437213680321141D01721A02446025
:1060000002605DF8044B180E70470368013A027293
:106010001A020260180E7047B020704700B585B0B4
:1060200003AA0023009219460C22FFF7D7FB03981E
:1060300005B05DF804FB00BFF0E700BF2DE9F043B9
:10604000054685B00E464FF000083046FFF7CAFF00
:10605000B028044600F0B180070620D500F0F00318
:10606000802B65D0902B36D0A02B78D0B02B47D08A
:10607000C02B00F08A8000F0F803D02B0BD100F089
:106080000702013242F40022052301212846FFF7CE
:1060900093FD0028D9D0092005B0BDE8F0830DF1AB
:1060A0000C09002319468700CDF800900D222846E0
:1060B000FFF794FBFFB2039BCDF800900437600616
:1060C0004CBFDF1BFF18002319460D2228460397FB
:1060D000FFF7A6FBB9E700F00D030D2BDBD003AFF4
:1060E000002300F00F02194600972846FFF776FBC1
:1060F0000023009719460D222846FFF791FBA4E7DD
:10610000B1285FD0B22800F0CC80B3287ED000F058
:10611000FC03B42BBFD000F007020132012342F48C
:10612000002219462846FFF747FD00288DD0B2E728
:106130003046FFF757FF24020443B4F5004FAAD0BE
:1061400024010023A2B219462846FFF735FD002896
:10615000A1D114F4004F18BF4FF0010875E7C243F6
:1061600002F007034FF47F621A41010702F47F62D5
:106170004FF0000348BF42F4804219462846FFF71B
:106180001BFD00283FF461AF85E7C62851D0C72822
:106190005AD000F0F803C02B69D0C82875D0C928A0
:1061A0007FF479AF3046FFF71DFF020300F00F00C8
:1061B00002F470220130024366E7B8F1000F14D0F8
:1061C000002069E73046FFF70DFF00283FF463AF7A
:1061D00010F0F0037FF45FAF024619462846FFF740
:1061E000EBFC00283FF431AF55E703AC43460E22E9
:1061F000414600942846FFF7F1FA009428464346AA
:106200000F224146FFF70CFB404645E73046FFF7BB
:10621000E9FE010300F00F0001F47021421C01238C
:106220000A4328461946FFF7C7FC00283FF40DAF84
:1062300031E73046FFF7D6FE010300F00F0001F40E
:106240007021421C0323EBE73046FFF7CBFE0246EA
:1062500000283FF420AF10F0F0037FF41CAF0421BE
:106260002846FFF7A9FC00283FF4EFAE13E700F043
:106270000F020132032342F4202219462846FFF779
:106280009BFC00283FF4E1AE05E73046FFF7AAFE8D
:1062900000F0F00200F00F031032013343EA023243
:1062A000F2E600230DF10C090D221946CDF80090FD
:1062B0002846FFF793FA3046FFF794FE02064FF0A8
:1062C00002070CD5039B00F07F00B8400344304622
:1062D0000393FFF787FE030607F10707F2D4039B3A
:1062E000CDF8009000F07F0403F50172BC4000235C
:1062F000144419460D2228460394FFF791FAA4E6A8
:1063000010B5C36C84B05A6803208DF80C00DC799A
:106310008DF80D4012020833084601A9019202933C
:10632000FFF78CFE04B010BD08B5FFF785FE806C4A
:1063300008BD00BF08B5FFF77FFEC06CC37900EB56
:106340008300083008BD00BF08B500F007F800BFA3
:1063500008B5FFF7F9FF00BF704700BF08B506207A
:1063600002F07EF90120EAF7E5F900BF0A220021D8
:1063700003F0A2B8014B1868704700BFB00E0024AC
:1063800070B5002948D005460C4610B1836B002B30
:1063900048D0626EB4F90C30D00740D4990530D59E
:1063A0002146284600F05CF8E36A064633B1E1690D
:1063B000284698470028B8BF4FF0FF36A3891A0631
:1063C0003CD4216B41B104F14003994202D02846EC
:1063D000E9F7B8F900232363616C21B12846E9F796
:1063E000B1F90023636400F0E9F9636E0022DB0772
:1063F000A2811FD5A06D01F0E1F900F0E5F930466A
:1064000070BDA06D01F0DEF9B4F90C30002BC7D1DE
:10641000666E16F0010616D00026304670BD002BC1
:10642000FAD0BDE700F04CF9626EB4F90C30D00739
:10643000F5D4B3E7A06D01F0C9F9DBE7216928467F
:10644000E9F780F9BDE7A06D01F0C0F9304670BDF5
:10645000024B01461868FFF793BF00BFB00E00243F
:10646000B1F90C309AB22DE9F0410C461107804683
:1064700044D4626843F40063002AA38159DDA56A0D
:10648000002D53D000229BB2D8F80060E169C8F813
:10649000002013F4805240F0838001234046A84737
:1064A000421C4AD0A389A56AE1695B0705D56268E9
:1064B000236B801A0BB1E36BC01A024600234046DF
:1064C000A847471C45D0B4F90C302269226023F458
:1064D00000630022A381DB04626000D52065216B8C
:1064E000C8F8006011B304F14003994202D040465D
:1064F000E9F728F900202063BDE8F0812669AEB1F4
:106500002568266092070CBF63690023AD1BA3605A
:106510000AE02B463246676AE1694046B8470028E0
:10652000A5EB000506442BDD002DF2DC0020BDE8C4
:10653000F081E26B002AA2DCF8E7D8F80030002BEB
:10654000B0D01D2B01D0162B2CD1C8F80060002034
:10655000EDE7D8F800101D291AD8154BB4F90C2016
:10656000CB40DB4313F0010314D1256922F4006210
:10657000C4E90053D504A281B1D50029AFD1ADE75C
:10658000A38943F04003A3814FF0FF30BDE8F081C1
:10659000B4F90C2042F04002A2814FF0FF30C6E770
:1065A000206D82E7A38943F04003A381BFE700BFCA
:1065B0000100402038B50D46044608B1836BA3B1F5
:1065C000B5F90C00B8B16B6EDB0701D481051AD5A3
:1065D00020462946FFF744FF6B6EDA07044602D4D3
:1065E000AB899B050AD5204638BD00F069F8B5F99E
:1065F0000C000028E7D10446204638BDA86D01F004
:10660000E5F8204638BDA86D01F0DCF8E0E700BFF2
:1066100020B1054B01461868FFF7CCBF034B044976
:10662000186800F027BF00BFB00E0024E05907082B
:10663000B565060810B5002304468181C281C0E912
:10664000003383604366C0E904338361194608223E
:106650005C3001F085FD07480749084A084BE362B2
:10666000C4E90740C4E9091204F15800BDE810402C
:1066700001F0A2B87187060899870608D587060831
:10668000F5870608014900F0F5BE00BF81630608E2
:1066900070B54A1E682505FB02F50E4605F174012A
:1066A000E9F704F8044640B100210C30666005F1BA
:1066B00068022160A06001F053FD204670BD00BF5C
:1066C00010B50446124801F07DF8A26BD2B904F56A
:1066D0003B731048C4F8E8320321C4F8E022E063B9
:1066E000C4F8E41260680421FFF7A4FF0122092125
:1066F000A068FFF79FFF02221221E068FFF79AFFD0
:106700000123A3630248BDE8104001F05FB800BF59
:10671000A81601248566060870B50646244801F0CF
:1067200051F8244B1D68AB6B83B305F53875D5E97B
:106730000134013B05D525E0013B5A1C04F16804F6
:1067400020D0B4F90C20002AF6D100251A4BE360C2
:1067500004F15800656601F02FF8154801F036F88D
:106760002560C4E90155C4E90455A56129460822FC
:1067700004F15C0001F0F4FCC4E90C55C4E91155C6
:10678000204670BD2C682CB12546D0E72846FFF77F
:1067900097FFCAE704213046FFF77AFF04462860D6
:1067A0000028F1D1024801F011F80C233360E7E72B
:1067B000B4160124E05907080100FFFF014801F069
:1067C00001B800BFB4160124014800F0FFBF00BFAC
:1067D000B4160124F0B5134683B00F4601AA19463A
:1067E000064606F021FE002836D005463046FFF763
:1067F00093FF044600282FD039464FF4DB73019AEB
:10680000304601F0F7FC071E30DB636EDB0715D561
:106810001C4B1D491D4AE781C4E90743C4E909121D
:106820001B4BA581E905E3620FD4636EDA0702D43E
:10683000A3899B0514D5204603B0F0BDA389980514
:10684000E6D4A06D00F0BEFFE2E73046022300224E
:10685000214600F055FAE8E70024204603B0F0BDD9
:10686000A06D00F0B3FF204603B0F0BD0025FFF798
:10687000A5FFA581A06D00F0A1FF2C46FFF7A4FFA6
:10688000D9E700BF7187060899870608D5870608EB
:10689000F5870608024B0A4601461868FFF79ABFBB
:1068A000B00E00242DE9F04F83B002FB03F70C9CDF
:1068B000002F52D0914698460D46064618B1836B7C
:1068C000002B00F0AF80616EB4F90C30C9079AB2AA
:1068D00002D4900540F1A980910407D4626E43F47C
:1068E000005322F40051A3819AB26166D4F804A047
:1068F000BAF1000F35DB92075346D4F800C038D404
:106900003246BB4656466346924610E001F02AFBEB
:10691000236833442360214650463544ABEB060BD5
:1069200001F00CFD002840F08C80D4E90036B3451E
:10693000324619462846E9D85A4601F013FBD4E9F5
:106940000073A3EB0B035F44C4E90073636EDA07C3
:1069500002D4A3899B056FD54746384603B0BDE8EE
:10696000F08F002192070B4661608A46D4F800C080
:10697000C6D5BB4228BF3B461A466146284600930F
:1069800001F0F0FAD4E90002009B216B00EB030A4E
:10699000D21AC4E900A2A7EB030B002955D0BBF122
:1069A000000FD3D004F14000814205D03046E8F713
:1069B000C9FED4F800A0009B00212163D4E9042182
:1069C0001D440097CDF804800F46A8465546B246B0
:1069D000164602E0BBF1000F3BD0C4E9048BC4F8BB
:1069E00000802146504601F0A9FC61682560002323
:1069F000C4E90467ABEB010B884463600028E9D06D
:106A0000636E009FDD0705D4A389990502D4A06DAC
:106A100000F0DCFEA7EB0B07B7FBF9F7384603B035
:106A2000BDE8F08FFFF74CFE4DE7A06D00F0CAFE09
:106A3000B4F90C309AB24FE7A06D00F0C7FE47469C
:106A40008BE7636ED807E5D4DEE7BBF1000FB5D165
:106A50007CE7DDF8048079E710B582B0054C00933F
:106A6000246813460A4601462046FFF71BFF02B082
:106A700010BD00BFB00E0024F8B5244F0C460646EA
:106A8000E9F759FCBB685D68C4F57E610F3125F0FC
:106A90000305294421F47F6121F00F01A1F5805401
:106AA000B4F5805F07DB0021304601F0D3FCBB6802
:106AB0002B44984204D03046E9F741FC0020F8BD51
:106AC0006142304601F0C6FC01300DD0104BBA686F
:106AD00019682D1B45F001053046091B55601960EA
:106AE000E9F72DFC0120F8BD0021304601F0B2FC91
:106AF000BA68831A0F2BDEDD064C0549246843F083
:106B00000103001B53600860D5E700BF4C1400244C
:106B10001874002454180024002953D0F8B50C46EA
:106B20000646E9F708FC54F804CC714F2CF001013B
:106B3000A4F108056B18B8685A68984222F003025D
:106B400053D01CF0010F5A6003EB02003BD154F804
:106B500008CC4068A5EB0C0507F1080EAC6874453D
:106B6000614400F0010075D0D5F80CC0C4F80CC029
:106B7000CCF8084060B341F001036B606950B1F597
:106B8000007F50D34B0A042B70D88B0903F13904D2
:106B9000E40003F1380238193B590838984278D09C
:106BA0005A6822F003028A4271D99B689842F7D151
:106BB000C368C5E902039D60C5603046BDE8F84082
:106BC000E9F7BDBB7047406800F001000028D2D152
:106BD0009868484C1144A04241F0010262D0DB6841
:106BE000C36098606A606950C9E71CF0010F0A44ED
:106BF00007D154F8083CED1A1A44D5E90213CB60CA
:106C000099603D4B1B6842F0010193426960BD6091
:106C100004D83A4B30461968FFF72EFF3046BDE8DE
:106C2000F840E9F78CBBC90878684A1C0123891031
:106C30008B40034307EBC20157F832007B600839F1
:106C4000C5E9020147F83250C5603046BDE8F8405A
:106C5000E9F775BB002845D10A44D3E9021342F095
:106C60000100CB6099606860AA50D7E7142B08D95F
:106C7000542B1ED80B0B03F16F04E40003F16E02DA
:106C800089E703F15C04E40003F15B0283E7184643
:106C90008EE793107968012202FA03F30B437B60BD
:106CA000034686E7C7E90455C5E902006A606950F2
:106CB000B4E7B3F5AA7F06D8CB0B03F17804E40060
:106CC00003F1770267E740F25452934206D88B0CE7
:106CD00003F17D04E40003F17C025CE74FF47E7471
:106CE0007E2258E741F001026A60196096E700BF12
:106CF0004C14002454140024581800244874002410
:106D000000F00CB810B4044C13460A460146206843
:106D10005DF8044B00F002B8B00E00242DE9F04FEE
:106D20000C4697B091461F46064618B1836B002B60
:106D300000F08F80626EA389D20702D49D0540F1D6
:106D4000A18003F48473B3F5847F00F09680D4F8B7
:106D50002880B8F1000F7FD0012F13D0022F00F050
:106D60008780002F00F08480636E1622D90732607E
:106D700002D4A3899A0577D54FF0FF35284617B07E
:106D8000BDE8F08F21463046FFF714FCA38913F4C9
:106D9000805240F03181E1693B463046C047411C9A
:106DA000054600F0DC80A38922695F0740F1E88096
:106DB0006368216BED1A09B1E06B2D1AA9444FF0FD
:106DC000010A0027002A00F0E580B4F90C3040F6F3
:106DD0001A019AB20A4208D1520566D4944A9045E3
:106DE00000F0FB8043F40063A38121463046FFF7A7
:106DF000E1FB002840F0BF803B464A46E16930464F
:106E0000C047013000F0B780216B41B104F140036D
:106E1000994202D03046E8F795FC00232363A3890A
:106E20002269226023F402630021A38161600822A9
:106E300004F15C0001F094F9656E15F0010503D1D1
:106E4000A3899B0540F193800025284617B0BDE833
:106E5000F08FFFF735FC6DE7636E1D22D8073260B7
:106E60008AD4A3899A0587D4A06D00F0AFFC83E78C
:106E70004FF0000A22695546A4E721463046FFF745
:106E800099FB64E7A06D00F09DFCA38959E7019A86
:106E9000B4F90C3002F47042B2F5004FA2D143F4C1
:106EA00080634FF48062A381E264002F40F0888009
:106EB000CB46BAF1000F72D1A389DB047ED45246CF
:106EC0000123E1693046C047451C8ED06368216BC1
:106ED000C51A1A46002968D0E06B2D1AA26BD4F8A7
:106EE00010C01D44A2EB0C02AD1A0244AB4580F267
:106EF0008580E56CE1696D4205EA0B052A460023B1
:106F00003046C04701303FF470AF2369216B2360E6
:106F10000023636041B104F14003994202D030463E
:106F2000E8F710FC00232363A389BBEB050B23F0D8
:106F30002003A38110D02146304601F0FFF900283C
:106F40007FF453AF63685B45FFF44FAF2268A3EB58
:106F50000B035A44C4E900230822002168E7636E4A
:106F6000DA073FF509AFA3899B053FF505AFA06D93
:106F700000F02CFC02E7636ED9077FF5FAAEFBE662
:106F800018077FF51BAF2368002B3FF417AF9B1A40
:106F90001D4413E72146304600F048FC15E7216BFD
:106FA00011B16368E06B99E762682068D4F810C09B
:106FB000A0EB0C002D1A0244002197E7206D85E715
:106FC0006A46B4F90E10304600F034F800287FF419
:106FD0000CAF049B09EB030B6BE7B4F90E1000290F
:106FE000FFF600AF6A46304600F024F800283FF470
:106FF0004EAFB4F90C30F5E6256DD5E6AB185B4520
:107000007FF677AFABEB05050CEB0503521BC4E92C
:10701000003241B104F14003994202D03046E8F712
:1070200091FB00232363A38923F02003A38193E72B
:10703000D587060838B50B46074C05461146184655
:1070400000232360E9F7AFFB431C00D038BD236861
:10705000002BFBD02B6038BD94160124024B014657
:10706000186800F003B800BFB00E002438B50C4615
:10707000054610B1836B002B2FD0636ED90702D465
:10708000A3899A054BD5A36A002B33D0A38918078F
:107090001DD413F4805246D12846E169A56A012324
:1070A000A847411C05461BD0A38958072ED5616807
:1070B000226B6D1A0AB1E26BAD1A626ED20717D459
:1070C0009B0515D4A06D00F081FB284638BD2146F4
:1070D0002846FFF76FFAA389DBE7FFF7F1FACCE761
:1070E000636EDA0702D4A3899B05EBD54FF0FF3519
:1070F000284638BD636E1D22DB072A60F6D4A389BB
:107100009D05F3D4A06D00F061FBEFE71907D4D51E
:107110002268002AD1D02169521A1544CDE7A06D0A
:1071200000F050FBAFE7256DBFE700BF9368002B71
:1071300000F0E4802DE9F04FB1F90C309BB20C4621
:10714000190783B08246904635D522699AB313F069
:107150000202D8F800603DD00027D4F824B0D4F85B
:107160001CC0DFF8C0923D464D452B463A4628BF2D
:107170004B4661465046D5B1D847002840F3C680FB
:10718000D8F808301B1A07442D1AC8F80830002B0D
:1071900000F0B080D4F81CC0D4F824B04D452B4684
:1071A0003A4628BF4B4661465046002DE4D1D6E909
:1071B00000750836D8E72146504605F01BFA00282E
:1071C00040F02A81B4F90C30D8F800609BB213F07B
:1071D0000202C1D113F001095DD1A76820684D46B4
:1071E000002D54D09A0540F19B80AF42BB4600F27F
:1071F000D88013F4906F2FD0D4E9041707EB47071A
:10720000A0EB010B07EBD777681C7F105844B842FE
:107210003A4684BF07463A465B0540F1D3801146A3
:107220005046E8F743FA002800F0F0805A462169FA
:10723000019000F097FEA289019B22F4906242F037
:107240008002A281A7EB0B0203EB0B0067612361B5
:107250002060A2602F46AB465A46494600F01CFF0C
:10726000A2682368D21B5B442F46A26023600025DE
:10727000D8F80830DB1BB944C8F80830002B39D0E7
:10728000B4F90C30A76820689BB2002DAAD1D6E9CA
:1072900000950836A4E733469146104617464E46F9
:1072A0009B46002F6BD0002871D0D4E904122068CF
:1072B000B9454B4628BF3B46884203D9A5681544CB
:1072C000AB4271DC9A4200F393801346656AE16930
:1072D00032465046A847051E18DDB9EB05090FD008
:1072E0000120D8F808305B1B2E447F1BC8F80830FB
:1072F000002BD6D1002003B0BDE8F08F00207047EE
:1073000021465046FFF756F90028EAD0B4F90C3070
:1073100043F040034FF0FF30A38103B0BDE8F08F8E
:107320002369834215D36169A94212D83C4B676A2D
:107330009D4294BF2B466FF000434A4693FBF1F306
:10734000504601FB03F3E169B847071EDEDDED1B84
:107350008EE7AF4228BF2F463A46494600F09CFED2
:10736000A3682268DB1B3A44A3602260002BEED1A5
:1073700021465046FFF71EF90028E8D0C6E70BF17A
:10738000080353E902679B460833002FF9D03A46B9
:107390000A21304600F064FD38B30130A0EB060945
:1073A00083E72F46AB4657E731462A4600F074FE86
:1073B00023682B44236021465046FFF7FBF8002842
:1073C0008BD0A3E75046E8F7B5F8034600287FF4D2
:1073D00039AF21695046E8F7B5F9B4F90C300C2201
:1073E00023F08003CAF8002092E707F101095CE767
:1073F0001A463146019300F04FFE019BA1682268B6
:10740000C91A1A44A16022601D4666E70C23CAF817
:107410000030B4F90C307BE74FF0FF306BE700BF72
:10742000FEFFFF7F00FCFF7F2DE9F04110F538776C
:107430001BD088460026D7E90154013D0FD4A3890B
:10744000012B05F1FF35204605D9B4F90E30013383
:1074500001D0C04706436B1C04F16804EFD13F68BC
:10746000002FE8D13046BDE8F0813E463046BDE809
:10747000F08100BF2DE9F84310F538771FD088461A
:1074800006464FF00009D7E90154013D11D4A38904
:10749000012B05F1FF352146304606D9B4F90E30EF
:1074A000013302D0C04749EA00096B1C04F16804AB
:1074B000EDD13F68002FE6D14846BDE8F883B946D4
:1074C0004846BDE8F88300BF70B50D4E0D4D761BE4
:1074D000B61006D00024013455F8043B9847A64264
:1074E000F9D1094E094D761B07F0BAFDB61006D04A
:1074F0000024013455F8043B9847A642F9D170BDE9
:10750000C8180024C8180024F8180024C81800243B
:1075100010B5044600F042F92044407800F008001D
:1075200010BD00BF024B19687C3100F003B800BFEA
:10753000B00E00242DE9F8430C46074605F0F4FF91
:1075400021460646384605F0F3FF0446406900F23E
:107550006C7818F0030F34D04FEAE875814B83FB49
:107560000823C5EBE3154FF4C87303FB1585002D05
:107570000CBF302500257C4B1D4403F045FB03F078
:107580004FFB7A4B1B6853B37368434540F0A080B0
:107590003368D7E90001D6E90889002B40F0A280C2
:1075A000404571EB090380F2A780D6E9122390428F
:1075B00071EB0303B4BF01230023236210DA326DA1
:1075C0000FE0684B4FEAE87583FB0823C5EB6313B4
:1075D000642202FB1383002BC0D03025CBE723624B
:1075E000B26A634B634E83FB02131344D717DB125B
:1075F000D91B4FF4616000FB112186FB01260E446C
:10760000CA17C2EB6616A2682068DB1BD31AC6EB4A
:107610000612A1EB82016268A360411A921B3B290A
:10762000C4E900124DDD01323C39C4E900123B2AA5
:1076300040DD01333C3AC4E90123172B1DDDD4E9B9
:1076400006210132062AC8BF00220131E161A26190
:10765000D4E90321183B0132C4E9023255F8213044
:107660009A4205DD0131D21A0C29E26047D021612E
:1076700003F0D0FA2046BDE8F883002BF8DAD4E90D
:107680000621013A48BF0622A261E2680139183397
:10769000013AE161C4E90232002AE9D12369013BE0
:1076A00037D423619B00EB58E36003F0B3FA204624
:1076B000BDE8F883002AC0DA013B3C32C4E901236B
:1076C000BBE70029B3DA013A3C31C4E90012AEE766
:1076D000404603F0D3F900287FF45AAF4FF0FF3350
:1076E00023627DE7404571EB09030FDBD6E91223E6
:1076F000904271EB030309DA012323625FE76369B8
:1077000000220133C4E90423E261B1E700232362CC
:1077100066E76269511E0B208B07616102F26B7292
:10772000206111D0D3170F4981FB0201C3EBE11394
:107730004FF4C87101FB1323B3FA83F35B0903F51C
:10774000B673E3612C23AEE70649D31781FB020130
:10775000C3EB6111642000FB11210029E3D040F24A
:107760006D13EEE71F85EB51F45907086874002488
:10777000C5B3A29189888888044B054A1B685B6B56
:10778000002B08BF134693F828017047B00E002461
:10779000E0120024D0F8EC00704700BF044B054A0B
:1077A0001B685B6B002B08BF1346D3F8EC007047D7
:1077B000B00E0024E0120024704700BF704700BFE5
:1077C000704700BF704700BF704700BF704700BFE1
:1077D00070B50C46B1F90E10002996B015461E463C
:1077E0000FDAA289002312F08000336004D14FF435
:1077F00080632B6016B070BD402218462A6016B018
:1078000070BD6A46FFF716FC0028EADB019B03F413
:107810007043A3F50053B3FA83F35B094FF480621E
:107820004FF4006033602A6016B070BD8A899207F9
:107830000B4606D501F1430201211A60C3E9042178
:10784000704770B582B001AB6A460C460546FFF73B
:10785000BFFF009906462846E7F728FFB4F90C3029
:10786000D8B11649E963019A0099206043F080037A
:10787000A381C4E904011AB93343A38102B070BDE6
:107880002846B4F90E1005F039FFA0B1A38923F002
:10789000030343F001031BB2EEE79A05EED423F095
:1078A000030304F1430243F002030121A381226098
:1078B000C4E90421E2E7B4F90C30DDE78566060887
:1078C000024B01461868E7F7F1BE00BFB00E002476
:1078D000024B01461868E7F735BF00BFB00E002421
:1078E0002DE9F04F01F10B05162D83B0064623D884
:1078F000102900F2B980E8F71EFD10251823022098
:10790000C54F3B44A3F108025C68944200F06681D5
:10791000636823F003032344D4E902515A68E96001
:1079200042F001028D6030465A60E8F708FD0834E5
:10793000204603B0BDE8F08F35F0070500F19480D4
:10794000A94200F29180E8F7F6FCB5F5FC7FC0F0A3
:1079500083816B0A00F08F80042B00F24681AB0913
:1079600003F1390003F1380CC300AB4F3B44A3F1E2
:1079700008015C68A14206D10CE0002A80F21D815A
:10798000E468A14206D0636823F003035A1B0F2A60
:10799000F3DD60463C69DFF894C2644571D06368EA
:1079A00023F003035A1B0F2A00F34481002AC7E97E
:1079B00004CC80F22681B3F5007F80F06981DB087A
:1079C000591C7A6857F83180C4F808804FF0010ECE
:1079D0009B100EFA03F307EBC10E1343AEF108023E
:1079E000E2607B6047F83140C8F80C408210012407
:1079F00094409C424BD81C4206D120F00300640006
:107A00001C4200F10400FAD007EBC009CE468046C4
:107A1000DEF80C309E4507D122E1002A80F2298150
:107A2000DB689E4500F01C81596821F003014A1B68
:107A30000F2AF2DDD3E9028E5C1945F001055D6085
:107A400042F00105C8F80CE03046CEF80880C7E9DE
:107A50000444C4E902CC65605A500193E8F76FFC16
:107A6000019B03F1080463E700240C2320463360E4
:107A700003B0BDE8F08F4FF4007340204FF03F0C8F
:107A800073E77B688210012494409C42B3D9BC68A0
:107A9000636823F00309A94503D3A9EB05030F2B62
:107AA0007BDC5E4BDFF888A11A68DAF8003001331E
:107AB00005EB020800F0488108F5805808F10F082E
:107AC00028F47F6828F00F084146304600F0C2FCD9
:107AD000B0F1FF3F834600F0048104EB09005845F4
:107AE00000F2FD804E4A13684344136000F04D815C
:107AF000DAF8001001311BBFABEB00001B18CAF80D
:107B000000B013601BF0070300F03481C3F10801DB
:107B1000C3F580538B440833D844C8F30B08A3EB58
:107B2000080841463046019200F094FC431C019A3B
:107B300000F04681A0EB0B01414441F001011368C4
:107B4000C7F808B04344BC42CBF80410136015D00A
:107B5000B9F10F0F40F230816068A9F10C0121F0FA
:107B6000070100F0010004EB010C08434FF0050E83
:107B70000F296060CCE901EE00F23A81294A2A48D7
:107B80001168BC688B42016888BF136062688B42D1
:107B900022F0030288BF0360A7E0621943F00103EB
:107BA00045F0010565603046BA605360E8F7C7FBF1
:107BB0000834204603B0BDE8F08F2344E1685A68DA
:107BC000A56842F00102E96030468D605A60E8F72E
:107BD000B6FB0834204603B0BDE8F08FDC68A34252
:107BE00008BF02303FF4D6AE92E6142B71D9542B65
:107BF00000F2AD802B0B03F16F0003F16E0CC3009C
:107C0000B3E6234430465A6842F001025A60083411
:107C1000E8F795FB8CE600BF4C1400244874002460
:107C20001874002440740024447400245414002464
:107C300054180024611945F0010E42F00105C4F802
:107C400004E03046C7E90411C1E902CC4D60E250BE
:107C5000E8F775FB08346BE6E80805F108034FE622
:107C600008F1010818F0030F0EF1080E7FF4D0AEF2
:107C700052E019441C464A68DB6854F8085F42F039
:107C800001024A603046EB609D60E8F758FB4FE622
:107C90005A0A042A35D9142A6FD802F15C01C900A6
:107CA0005B3207EB010E7958AEF1080E8E4558D0C5
:107CB0004A6822F003029A4202D989688E45F7D1B8
:107CC000D1F80CE07B68C4E9021ECEF80840CC6015
:107CD0008CE603F15C0003F15B0CC30045E6BC429B
:107CE00072D0BC68626822F003029542A2EB0503E1
:107CF00002D80F2B3FF751AF3046E8F720FB0024A6
:107D000016E69A0902F13901C9003832C9E7D9F8F3
:107D10000090994540F0838010F0030FA9F108030B
:107D200000F1FF30F3D17B6823EA04037B60640039
:107D30009C423FF6ACAE1CB9A9E6640008F1040809
:107D40001C42FAD040465FE608F11008BCE6B3F5E5
:107D5000AA7F26D8EB0B03F1780003F1770CC30060
:107D600003E67B6892104FF0010808FA02F2134311
:107D70007B60A8E74FF48053CEE6542A29D81A0B2B
:107D800002F16F01C9006E328BE7C0F30B010029CD
:107D90007FF4AEAE09EB0802B96842F001024A6016
:107DA000ECE640F2545293421CD8AB0C03F17D0038
:107DB00003F17C0CC300D8E50123CBF804309BE72A
:107DC00001214FF00008BAE6164A136843441360D5
:107DD0008EE6B2F5AA7F14D8DA0B02F17801C90059
:107DE00077325EE74FF47E737F204FF07E0CBCE568
:107DF00004F1080130460192E7F7A4FC019A1368E8
:107E0000BCE640F254518A4205D89A0C02F17D0139
:107E1000C9007C3245E74FF47E717E2241E77B68E2
:107E200085E700BF1874002482B049B15AB16BB124
:107E300013780B601278101C18BF012002B0704735
:107E400001A9002AF3D1104602B070476FF001007B
:107E5000F4E700BF00000000000000000000000088
:107E600001F0FF01102A2BDB10F0070F08D010F8EB
:107E7000013B013A8B422DD010F0070F42B3F6D1EF
:107E8000F0B441EA012141EA014122F007047FF008
:107E900000070023F0E80256083C85EA010586EA5F
:107EA000010685FA47F5A3FA87F586FA47F6A5FA9B
:107EB00087F68EB9EED1F0BC01F0FF0102F00702A7
:107EC00032B110F8013B013A83EA010313B1F8D152
:107ED0000020704701387047002D06BF3546033833
:107EE000073815F0010F07D1013015F4807F02BF6C
:107EF000013015F4C03F0130F0BC0138704700BFBD
:107F0000032A70B414D940EA0105AD0704460B46B4
:107F100022D11D682668AE421946204603F10403AB
:107F200004F1040418D1043A032A20461946F0D873
:107F3000541E72B102780B789A4208BF641806D0BA
:107F40000CE010F8012F11F8013F9A4206D1A1422E
:107F5000F7D1002070BC7047541EEBE7D01A70BCFC
:107F6000704700BF844641EA000313F003036DD15C
:107F7000403A41D351F8043B40F8043B51F8043BEC
:107F800040F8043B51F8043B40F8043B51F8043BF3
:107F900040F8043B51F8043B40F8043B51F8043BE3
:107FA00040F8043B51F8043B40F8043B51F8043BD3
:107FB00040F8043B51F8043B40F8043B51F8043BC3
:107FC00040F8043B51F8043B40F8043B51F8043BB3
:107FD00040F8043B51F8043B40F8043B51F8043BA3
:107FE00040F8043B51F8043B40F8043B51F8043B93
:107FF00040F8043B403ABDD2303211D351F8043B33
:1080000040F8043B51F8043B40F8043B51F8043B72
:1080100040F8043B51F8043B40F8043B103AEDD2E1
:108020000C3205D351F8043B40F8043B043AF9D232
:10803000043208D0D2071CBF11F8013B00F8013B05
:1080400001D30B8803806046704700BF082A13D312
:108050008B078DD010F003038AD0C3F10403D21A2A
:10806000DB071CBF11F8013B00F8013B80D331F85E
:10807000023B20F8023B7BE7043AD9D3013A11F8DE
:10808000013B00F8013BF9D20B7803704B78437049
:108090008B788370604670478842F0B40DD98B1896
:1080A00083420AD9841832B1224613F8014D02F8EE
:1080B000014D9942F9D1F0BC70470F2A49D940EAE5
:1080C00001039B0747D1A2F110031B0901F120070F
:1080D00007EB031701F1100400F1100554F8106CC0
:1080E00045F8106C54F80C6C45F80C6C54F8086C9E
:1080F00045F8086C54F8046C45F8046C1034BC4224
:1081000005F11005EAD1013302F00F051B01032D23
:108110001944034421D91F1F0E462C46043C56F82F
:1081200004CB47F804CF032CF8D82C1F24F0030409
:1081300004342344214402F00302002ABBD0013B53
:108140000A4411F8014B03F8014F9142F9D1F0BCF8
:1081500070470346F1E70346F1E72A46EDE700BF23
:10816000F0B4860743D0541E002A3ED0CAB203465C
:1081700002E014F1FF3438D303F8012B9D07F8D146
:10818000032C2BD9CDB245EA05250F2C45EA054530
:1081900016D9A4F110073F0903F1200606EB0716D4
:1081A00003F1100242E9045542E902551032B2428D
:1081B000F8D104F00F040137032C03EB07130DD99A
:1081C0001E462246043A032A46F8045BFAD8221FC8
:1081D00022F003020432134404F003042CB1C9B2A8
:1081E0001C4403F8011B9C42FBD1F0BC70471446B1
:1081F0000346C5E770B50D46084C114606461A46BB
:10820000284600232360E8F755FC431C00D070BDCE
:108210002368002BFBD0336070BD00BF941601248F
:1082200070B5054688B008460C4600F049FD224A64
:10823000AB6B04940126441C04A906920222039409
:108240000590AC680796CDE901121BB3616EB4F9D5
:108250000C30CE079AB201D4900525D5910406D4EE
:10826000626E43F4005322F40052A38162662846F2
:1082700001AA2146FEF75AFF636E00280CBF0A25AB
:108280004FF0FF35DA0702D4A3899B0506D52846AF
:1082900008B070BD2846FEF713FAD7E7A06DFFF7C8
:1082A00095FA284608B070BDA06DFFF78BFAB4F9B7
:1082B0000C309AB2D2E700BF545A0708024B01466D
:1082C0001868FFF7ADBF00BFB00E0024024B1B685B
:1082D0000022C3E92A027047B00E00240B4B0C4861
:1082E0001968D1E92A2330B40A4C00FB02F004FBE0
:1082F0000300A2FB0423541C034443F1000525F0B2
:108300000040C1E92A4530BC704700BFB00E0024D0
:108310002DF451582D7F954C024B0A4601461868A2
:10832000E7F708B9B00E0024838903F00903092B8D
:1083300001D000207047FEF76BB900BFF8B50C46BE
:10834000054610B1836B002B40D0B4F90C309AB2C3
:10835000970407D4626E43F4005322F4005262661D
:10836000A3819AB200219606616038D450071AD4CE
:10837000D10662D512074ED443F00403A3812369CA
:10838000002B55D0B4F90C70BEB2B3072AD12269C4
:10839000226028466369256AE169A8470028606071
:1083A00017DD0020F8BD216B0029E8D004F140035F
:1083B000994202D02846E7F7C5F9E36B63600020D5
:1083C0002063002BDBD0A36B2360F8BDFEF778F9A8
:1083D000BBE7B4F90C3016D143F02003A3814FF072
:1083E000FF30F8BD194B1A4918680123A38106F024
:1083F0000906FFF719F8092EA781C8D1214628469A
:10840000FEF72EF8C3E743F040030022A381626029
:108410004FF0FF30F8BD21462846FEF7CBF8002884
:10842000DDD1B4F90C30A060A06123F00803A3E70C
:1084300021462846FFF7FAF9A4E743F04003092252
:108440002A604FF0FF30A381F8BD00BFE059070854
:108450002983060838B5074C0023054608462360E3
:10846000E7F74CFF431C00D038BD2368002BFBD03E
:108470002B6038BD9416012400290CBF0222002273
:108480004FF4806300F000B82DE9F0435D4C25689F
:1084900083B00446884616461F4615B1AB6B002BC9
:1084A0007ED0022E05D0012E00F2A980002FC0F24E
:1084B000A680636EDA0735D521462846FEF77AF89E
:1084C000216B41B104F14003994202D02846E7F7FD
:1084D00039F900232363B4F90C3000221806A26195
:1084E000626061D423F44A6323F00303022EA38164
:1084F0001FD10025616E002004F1430243F0020306
:10850000A060C9074FF00100A3812260C4E90420E4
:1085100004D49B0502D4A06DFFF758F9284603B098
:10852000BDE8F083A3899B05C6D4A06DFFF74AF987
:10853000C2E701AB6A4621462846FFF749F9A389FD
:108540001843A081002F36D1009F3846FFF7B8F9B5
:108550008046002842D0A38943F08003A381AB6BFF
:108560007BB3009AB4F90C30C4F80080BA421CBF47
:1085700043F40063A381012E04BF43F00103A381F0
:108580009BB213F00802C4E904871ED1A260656E95
:1085900015F00105BDD00025284603B0BDE8F083E5
:1085A0002846FEF78DF87CE721692846E7F7CAF8E8
:1085B000B4F90C3096E7B8F1000FC6D0AB6B002BC6
:1085C000CFD12846FEF77CF8CBE7DA0704D57F4207
:1085D0000022A761A260DAE7A760D8E7DDF8009083
:1085E000B94504D1B4F90C304FF0FF3582E7484665
:1085F000FFF766F980460028F4D04F46ABE74FF00E
:10860000FF358BE7B00E00241F2938B522D8D0F8EB
:10861000DC3205460C466BB153F8212052B1012AD9
:1086200012D0511C12D00025204643F82450904708
:10863000284638BD284600F02FF822460146284635
:10864000BDE8384000F014B8002038BD16230360A0
:10865000012038BD162303604FF0FF3038BD00BF46
:10866000024B01461868FFF7CFBF00BFB00E0024D1
:1086700038B50B46074C05461146184600232360C3
:1086800006F0E6FC431C00D038BD2368002BFBD06D
:108690002B6038BD9416012406F0D2BC0CB430B562
:1086A000214B00299DB01C6838DB4FF40273029007
:1086B0000690ADF8143021A819D001390346209A4C
:1086C0000491079101904FF6FF7502A92046ADF87D
:1086D000165000F0D5FF421C01DA8B232360029B69
:1086E00000221A701DB0BDE8304002B0704703464A
:1086F0000491079101904FF6FF75209AADF816503E
:1087000002A9204600F0BCFF431C04DB1DB0BDE8FD
:10871000304002B070478B232360F7E78B23236040
:108720004FF0FF30F2E700BFB00E00240EB430B5BA
:108730009CB01FAB0C4C0D4D53F8042B019301461C
:1087400002910691206802A96FF000440794CDE9D8
:10875000044500F095FF029B00221A701CB0BDE892
:10876000304003B0704700BFB00E00240802FFFF86
:1087700010B50C46B1F90E1005F038FB002803DBEC
:10878000236D0344236510BDA38923F48053A38183
:1087900010BD00BF002070472DE9F0411646B1F929
:1087A0000C201F46D3050C460546B1F90E1007D51F
:1087B0000022022304F0D0FFB4F90C20B4F90E100B
:1087C00022F48052A2813B4632462846BDE8F04161
:1087D00003F0FABE10B50C46B1F90E1004F0BCFF60
:1087E000A389421C0EBF23F4805343F480532065B9
:1087F000A38110BDB1F90E1003F062BFC9B200F041
:108800000303002943D07BB10378002B67D0994242
:108810003CD0431C05E013F8012B002A5DD08A42AE
:1088200034D09A071846F6D170B4046841EA01269C
:1088300046EA064686EA0405A5F10133A4F10132B1
:1088400023EA050322EA0402134313F0803F0FD109
:1088500050F8044F84EA0605A5F10132A4F1013372
:1088600022EA050223EA0403134313F0803FEFD00A
:10887000037843B1994202D106E08B4204D010F84C
:10888000013F002BF9D1184670BC704770475BB1AF
:108890000378002BFAD0431C03E002780133002A4E
:1088A000F4D099071846F8D10268A2F1013323EAFF
:1088B000020313F0803F08D150F8042FA2F10133D6
:1088C00023EA020313F0803FF6D00378002BDDD0BB
:1088D00010F8013F002BFBD1704710467047184637
:1088E000704700BF00000000000000000000000012
:1088F0000000000000000000000000000000000078
:10890000A2EB0300704700BF02780B78012A28BF52
:108910009A42F5D16DE9044540EA0104CDE90267C8
:108920006FF0000C4FEA447212B380EA010414F0B5
:10893000070F6AD100F0070420F0070004F00305D8
:1089400021F007014FEAC505F0E8042314F0040FF5
:10895000F1E804670CFA05F462EA040266EA040628
:108960000AD063EA0403624667EA0407664603E046
:10897000F0E80423F1E8046782FA4CF582EA060481
:10898000A4FA8CF46CBB83FA4CF583EA0705A5FACC
:108990008CF595B950E9022351E9026782FA4CF54A
:1089A00082EA0604A4FA8CF483FA4CF583EA0705FC
:1089B000A5FA8CF52543DBD09CB92DBAB5FA85F420
:1089C00024F0070427FA04F1DDE9026723FA04F32F
:1089D00003F0FF0001F0FF01FDE80445A0EB0100FA
:1089E000704724BAB4FA84F424F0070426FA04F198
:1089F000DDE9026722FA04F202F0FF0001F0FF0154
:108A0000FDE80445A0EB0100704714F0030F3CD1D2
:108A100010F0030428D150F8082B51F8083B82FAD3
:108A20004CF582EA0305A5FA8CF55DB950F8042CE3
:108A300051F8043C82FA4CF582EA0305A5FA8CF55C
:108A4000002DE8D02DBAB5FA85F424F0070423FAF6
:108A500004F122FA04F202F0FF0001F0FF01FDE848
:108A60000445A0EB010070474FEAC40420F0030066
:108A700050F8082B21F0030151F8083B0CFA04F4DC
:108A800062EA040263EA0403C9E710F003041AD09F
:108A9000A1EB040120F00300E40750F8042B06D0FA
:108AA0000FD28B785FFAA2F4E41A06D12BB1CB78FF
:108AB0005FFAB2F4E41A00D11BB920465DF8104BFE
:108AC000704701F1040150F8042BCC0721F0030199
:108AD00051F8043B48D824D222F07F4482FA4CF566
:108AE00094EA1325A5FA8CF50AD165B951F8043B2F
:108AF00084EA0204B4EB036F0ED150F8042BEBE7C9
:108B00004FEA132355E035F07F454DD10878FDE855
:108B10000445C0F1000070474FEA126203F0FF0302
:108B200047E002EA1C4482FA4CF594EA1345A5FAA0
:108B30008CF50AD165B951F8043B84EA0204B4EB20
:108B4000034F0CD150F8042BEBE74FEA134330E00E
:108B500015EA1C4528D10B884FEA124229E04FEA5A
:108B6000124203EA1C4324E002F0FF0482FA4CF5AF
:108B700094EA1365A5FA8CF50AD165B951F8043B5E
:108B800084EA0204B4EB032F09D150F8042BEBE77D
:108B90004FEA13630DE015F0FF0F05D10B684FEAA4
:108BA000122223F07F4304E04FF00000FDE804456B
:108BB000704712BA1BBA82FA4CF482EA0304A4FA90
:108BC0008CF5B5FA85F402FA04F203FA04F34FEADD
:108BD0001260FDE80445A0EB1360704780EA0102D3
:108BE000844612F0030F4FD111F0030F32D14DF82C
:108BF000044D11F0040F51F8043B0BD0A3F10132E6
:108C00009A4312F0803F04BF4CF8043B51F8043BF8
:108C100016D100BF51F8044BA3F101329A4312F070
:108C2000803FA4F101320BD14CF8043BA24312F077
:108C3000803F04BF51F8043B4CF8044BEAD0234674
:108C40000CF8013B13F0FF0F4FEA3323F8D15DF826
:108C5000044B704711F0010F06D011F8012B0CF8EE
:108C6000012B002A08BF704711F0020FBFD031F866
:108C7000022B12F0FF0F16BF2CF8022B8CF80020ED
:108C800012F47F4FB3D1704711F8012B0CF8012B70
:108C9000002AF9D1704700BF00000000000000006A
:108CA00000000000000000000000000000000000C4
:108CB00000000000000000000000000000000000B4
:108CC00090F800F06DE9024520F007016FF0000C0C
:108CD00010F0070491F820F040F049804FF00004B4
:108CE0006FF00700D1E9002391F840F000F108008F
:108CF00082FA4CF2A4FA8CF283FA4CF3A2FA8CF3C7
:108D00004BBBD1E9022382FA4CF200F10800A4FA2D
:108D10008CF283FA4CF3A2FA8CF3E3B9D1E9042381
:108D200082FA4CF200F10800A4FA8CF283FA4CF3B8
:108D3000A2FA8CF37BB9D1E9062301F1200182FA72
:108D40004CF200F10800A4FA8CF283FA4CF3A2FA78
:108D50008CF3002BC6D0002A04BF04301A4612BA86
:108D6000B2FA82F2FDE8024500EBD2007047D1E989
:108D7000002304F00305C4F100004FEAC50514F018
:108D8000040F91F840F00CFA05F562EA05021CBFE9
:108D900063EA050362464FF00004A9E7002A41D0C8
:108DA00040EA010313F00303F0B425D1032A23D9C9
:108DB00004680D68AC421FD1043A35D0A4F10135E6
:108DC00025EA040414F0803F31D1071D0D1D0DE08C
:108DD00057F8043B0E68A3F10134B34224EA0304BC
:108DE0000AD1043A20D014F0803F1DD1032A29462D
:108DF000384605F10405EBD803780C789C4202F163
:108E0000FF320CD182B114B90EE06AB17BB110F817
:108E1000013F11F8014FA34202F1FF32F5D0181BB8
:108E2000F0BC7047104670470020F0BC70471846F1
:108E3000F6E700BF40EA01039B0770B42AD1032A7A
:108E400028D90C460346214654F8046BA6F1013597
:108E500025EA060515F0803F06D1043A032A43F8B7
:108E6000046B2146EFD89AB10C781C70013A01339B
:108E70003CB16AB111F8014F03F8014B013A002CE3
:108E8000F7D12AB11A44002103F8011B9342FBD108
:108E900070BC70470346E6E770B40478A4B10D785F
:108EA00006464DB1A5420AD00A4601E0A34206D0CB
:108EB00012F8013F002BF9D1801B70BC704710F8ED
:108EC000014F002CEDD1F7E72046F6E74FF0010CFB
:108ED0002DE9F041644600264FF0FF3533198B42EF
:108EE00000EB05070DD23F5D10F803E0BE452DD223
:108EF0001E460124A3EB050C33198B4200EB05073A
:108F0000F1D34FF00108C2F800C0444600264FF0EC
:108F1000FF3733198B4200EB070C0ED21CF804C04C
:108F200010F803E0E64518D91E460124A3EB070814
:108F300033198B4200EB070CF0D30137681C8742D2
:108F400024BFC2F800803846BDE8F0810CD04FF055
:108F5000010C354664466644C0E70BD04FF001086B
:108F6000374644464644D4E7644512BF01341E46A2
:108F70000124B3E7444512BF01341E460124C8E76B
:108F80002DE9F04FADF2144D914605468B46104643
:108F9000194603AA1C46FFF799FF03AB80460DF262
:108FA0000C4243F8044F9342FBD154B1631E09F1C4
:108FB000FF3204A812F8011F40F8213013F1FF33EB
:108FC000F8D20399424649444846FEF799FF0028E3
:108FD0006ED108F1FF3301934B4482460093234640
:108FE0000746544658469A4607EB0A06321A0021AD
:108FF0002844FEF735FF002855D1002E53D0AB1979
:1090000004AA13F8013C52F823304BB124B1039A5F
:109010009A4201D9AAEB02031F4400243046E3E739
:10902000444523460AF1FF3C38BF4346634513D20B
:10903000FA1819F8030015F802E086452A4409EBEE
:10904000030106D02BE011F801EF12F8010F86455D
:1090500025D101336345F6D3019B4445194680F081
:109060008780FB18009AE85C127882422B447FD1FB
:10907000009804F1FF3B06E010F801ED13F801CD74
:10908000E64503D111464A1E9345F5D101348C4281
:1090900070D8039C30462744AAEB0404A4E7C8F127
:1090A00001021744B8E700200DF2144DBDE8F08F1F
:1090B000A4EB0803434538BF4346013308F1FF37AB
:1090C000039309EB070358464FF0000AC34698463E
:1090D0000AEB0406321A00212844FEF7C1FE0028DC
:1090E000E1D1002EDFD0AB1904AA13F8013C52F8ED
:1090F0002330A3BB611E8B4515D20AEB0B0219F876
:109100000B3015F802C09C452A4409EB0B005B4666
:1091100006D027E010F801EF12F801CFE64521D183
:1091200001338B42F6D37B1C12D00AEB070398F86D
:109130000000E95C884205EB03020FD1434605E0DD
:1091400013F8010D12F8011D884207D14B45F7D1E4
:1091500005EB0A000DF2144DBDE8F08F039B9A4415
:109160003046B5E7CBF1010292449A443046AFE76E
:1091700041468BE7E81997E72DE9F04F02780E4654
:1091800085B0054609788AB3A1B18446741C0846A7
:10919000012701E068B11C46904214BF002707F088
:1091A000010723461CF8012F13F8010B002AF1D107
:1091B000F0B91FB1284605B0BDE8F08F681CFFF775
:1091C0001DFB0746A0B1A41B012C16D025448542E7
:1091D0002CBFA5EB00094FF001091F2C0FD9234626
:1091E00032464946FFF7CCFE0546E3E70029E1D0C9
:1091F0000025284605B0BDE8F08F0546DAE703AA4A
:1092000021463046FFF762FE03998046024631440C
:109210003046FEF775FE00284ED108F1FF3301936A
:10922000F3188246054600934846B3466619321A3B
:1092300000213844FEF714FE0028D9D1002ED7D0E3
:10924000D045434638BF53469C4212D95A191BF8A1
:109250000310B85C81423A440BEB030C06D072E079
:109260001CF8010F12F8011F88426CD101339C4297
:10927000F6D1019BD045194677D9EB18009AF85CD6
:10928000127882423B4470D100980AF1FF3906E01F
:1092900010F801ED13F801CDE64503D111464A1E41
:1092A0004A45F5D10AF1010A8A454AD8039B30465E
:1092B0001D44A4EB030AB9E7A4EB0803434538BFF8
:1092C0004346013308F1FF3A039306EB0A0348468D
:1092D0000025B34699466619321A00213844FEF734
:1092E000BFFD002884D1002E82D0444514D908EB5C
:1092F00005021BF80830B85C98423A440BEB0801B1
:10930000434606D027E011F801CF12F8010F84453B
:1093100021D101339C42F6D1BAF1FF3F11D005EBC8
:109320000A0399F80020F95C91423B4419D14A465E
:1093300005E012F8010D13F8011D884211D15A45BC
:10934000F7D13D4436E7C8F1010215441D444FF002
:10935000000A30466AE7C8F1010215441D44304650
:10936000B9E7039B30461D44B5E741469AE700BF85
:109370002DE9F84F0E468046174699460D4600E007
:1093800025462C460A9814F801BBFEF703FA584408
:10939000417811F00801F3D1BBF12D0F57D0BBF18B
:1093A0002B0F04BF95F801B0AC1CB9F1000F04D02D
:1093B000B9F1100F50D0CC4605E0BBF1300F55D0BD
:1093C0004FF00A09CC4600290CBF6FF0004E4FF059
:1093D000004E0025BEFBFCF328460CFB13EA05E01B
:1093E00029D00CFB0020012514F801BBABF13002A1
:1093F000092A05D9ABF14102192A0BD8ABF1370282
:1094000091450FDDB5F1FF3FEED08342E8D24FF03A
:10941000FF35E9E7ABF16102192A03D8ABF1570236
:109420009145EFDC6B1C0BD001B140420FB14DBB3D
:109430003E60BDE8F88F9245D3DA4FF0FF35D3E7B1
:109440002223C8F80030FFB1661E7046F0E7AC1C5E
:1094500095F801B00121A8E7BBF1300FABD123781B
:1094600003F0DF03582B06D0CC46ACE7237803F09B
:10947000DF03582B0AD14FF0100C94F801B0E146ED
:109480000234A0E78646DFE77046D2E74FF00809CE
:10949000CC4698E730B5064C064D2468646B83B023
:1094A000002C08BF2C460094FFF762FF03B030BDCC
:1094B000B00E0024E012002430B5084C084B25689B
:1094C0006C6B83B0002C08BF1C46009413460A4600
:1094D00001462846FFF74CFF03B030BDB00E002414
:1094E000E01200242DE9F0470D460746164698463F
:1094F0008A4600E0A2465446089814F8019BFEF7FD
:1095000049F94844407810F00800F3D1B9F12D0F23
:109510005CD0B9F12B0F0ABF9AF8011049460AF145
:109520000204B8F1000F0CD0B8F1100F54D04FF076
:10953000FF3EBEFBF8FE08FB0EFA6FEA0A0AC146C0
:1095400008E0302950D04FF00A08DFF8E0E0C146CB
:109550004FF0050A00239C4607E0F44513D828D0B5
:1095600009FB0C2C012314F8011BA1F13002092A7C
:1095700005D9A1F14102192A08D8A1F13702904575
:109580000CDD002BE9DA4FF0FF33ECE7A1F16102CB
:10959000192A03D8A1F157029045F2DC002B0DDB0C
:1095A00008B1CCF1000C0EB173B935606046BDE86E
:1095B000F0875245D4DD4FF0FF33D4E722233B60E0
:1095C0004FF0FF3C002EF1D0651EEEE70AF10204D9
:1095D0009AF801100120A4E7302912D04FF00F0AA9
:1095E0006FF0704EC146B5E7237803F0DF03582BC8
:1095F0000CD04FF00808C1464FF0070A6FF0604EDC
:10960000A8E7237803F0DF03582B09D14FF01009A6
:109610006178C8464FF00F0A02346FF0704E99E738
:10962000C1466FF0704E4FF00F0A93E79999991960
:1096300030B5064C064D2468646B83B0002C08BF1F
:109640002C460094FFF74EFF03B030BDB00E00244F
:10965000E012002430B5084C084B25686C6B83B0D1
:10966000002C08BF1C46009413460A4601462846B3
:10967000FFF738FF03B030BDB00E0024E012002425
:109680002DE9F04F2DED068BBFB00C460B919046A7
:109690000F930C9004F052F8036815931846FFF7E7
:1096A0000FFBA38914901D0603D52369002B00F03E
:1096B000E28600239FED968B9FED979BCDE92233A9
:1096C0000DF1B8091293139316930A93CDF8849071
:1096D000CA4698F80030002B00F09A80252B4446AB
:1096E00002D11CE0252B03D014F8013F002BF9D147
:1096F000A4EB080585B1DDE9223201332A44072BAA
:10970000CAF80080CAF80450CDE9223278DC0AF1A8
:10971000080A0A9B2B440A932378002B78D04FF039
:10972000000300228DF867304FF0FF3063780D9210
:109730001146164604F10108099008F101089B46FC
:10974000ABF12003582B00F25E83DFE813F0C60272
:109750005C035C03C1025C035C035C035C035C03AD
:109760005C03B502B0025C03500335035C03550390
:10977000BB00BB00BB00BB00BB00BB00BB00BB0011
:10978000BB005C035C035C035C035C035C035C0385
:109790005C035C035C031303E7025C03E7025C0306
:1097A0005C035C035C03E2025C035C03AA005C03F1
:1097B0005C035C035C035C0377005C035C03900266
:1097C0005C035C035C035C035C035C035C035C03A1
:1097D0005C035C0388013B01E702E702E702360114
:1097E0003B015C035C0329015C031501AC00CF0065
:1097F000CA005C03EB005C0379005C035C03CE02EF
:1098000021AADDE90B1004F043FD40B9CA4680E708
:10981000239B23B10C980B9921AA04F039FD0B9BD3
:109820009B8913F0400F0A9B18BF4FF0FF330A9338
:109830000A983FB0BDEC068BBDE8F08F46F01006ED
:10984000B7060F9B40F1FA84073323F0070303F1B7
:109850000802D3E900450F9201234FF000028DF872
:109860006720099A013200F0FF8326F080020792F8
:1098700054EA05024FF0000740F0C780099A002A19
:1098800040F07B86002B40F0AE8416F001030E936F
:1098900000F018853EAB1A46302302F8413D109285
:1098A000D4E046F0100616F0200300F0D0840F9BA1
:1098B000073323F0070303F10802D3E900450F92B1
:1098C0000023CAE7ABF13003002018F801BB00EB1E
:1098D000800003EB4000ABF13003092BF5D90D906C
:1098E0002EE746F0200698F8003026E70F9A0C4B3A
:1098F00014681393043247F63003ADF8683046F02D
:1099000002060F92002502234FF0780BA5E700BF57
:109910000000000000000000FFFFFFFFFFFFEF7FDF
:109920007C5A07080F9A136810934FF000018DF8C6
:109930006710141D002B00F0CE85099A531C00F00F
:109940006D8600211098FEF78BFA002800F05387EF
:10995000109B9DF867700F94C31A00220E9323EAA0
:10996000E3730992079608931192002F00F08A8002
:10997000089B0133089385E0002A41F04D800F9A3F
:10998000B00652F8043B0F9200F1D484F10600F1C6
:10999000C885720640F1C585BDF828201A8098E672
:1099A00098F800306C2B03BF98F8013046F0200681
:1099B00008F1010846F01006BFE646F0400698F8A8
:1099C0000030BAE6002A41F03B80B4060F9B40F11C
:1099D000DA81073323F00703D3E9004503F10802D6
:1099E0000F92002C75F10003C0F27884099B9DF85A
:1099F0006770013300F07D8426F08002079254EAFC
:109A000005024FF001033FF439AF012B00F0328320
:109A1000022B00F05483494600E01146E20842EA76
:109A20004572E80804F0070305461446303354EA4B
:109A3000050001F8013C01F1FF32EED107981092C8
:109A4000C00700F12284A9EB02030E93099B0E9A32
:109A50009342B8BF134608930023119385E70F9AEA
:109A6000079613688DF890304FF00001131D8DF8A4
:109A7000671001210027CDE90E1324AB0891099747
:109A800011971093079B13F0020302D0089A023239
:109A900008920799239A11F084063AD10D990898F3
:109AA0000C1A002C35DD102C2299BD4D24DD5046BA
:109AB0001027C246B0461E4604E0103C102C00F1B0
:109AC000080015DD013110320729CDE92212C0E965
:109AD0000057F2DD21AADDE90B1004F0D9FB0028C4
:109AE0007FF49DAE103C102CDDE922124846E9DCE3
:109AF00033464646D0468246013122440729CDE905
:109B00002212CAE9005400F310859DF867700AF12B
:109B1000080A77B12299013101320DF16704012061
:109B20000729CDE92212CAE9004000F3B0820AF108
:109B3000080A6BB1229B013302321AA80221072BBB
:109B4000CDE92232CAE9000100F3AE820AF1080A27
:109B5000802E00F0C781099B0E995D1A002D2FDD24
:109B6000102D229B8F4C20DD51461026DDE90BA7DE
:109B700004E0103D102D01F1080115DD0133103214
:109B8000072BCDE92232C1E90046F2DD21AA514678
:109B9000384604F07DFB00287FF441AE103D102DC7
:109BA000DDE922324946E9DC8A4601332A44072BA3
:109BB000CDE92232CAE9004500F396820AF1080A8B
:109BC000079BDB0500F13681229B1099CAF8001033
:109BD0000E99CAF8041001330A44072B23922293EA
:109BE00000F3EE810AF1080A079B590730D50D9B57
:109BF00008995C1A002C2BDD102C229B684D1EDD71
:109C00001026DDE90BB704E0103C102C0AF1080A1D
:109C100015DD01331032072BCDE92232CAE9005697
:109C2000F2DD21AA5946384604F032FB00287FF4C1
:109C3000F6AD103C102CDDE92232CA46E9DC0133D6
:109C40002244072BCDE92232CAE9005400F33083C5
:109C50000A9B0D9908988142ACBF5B181B180A93A8
:109C6000002A40F0768100232293CA4631E5002A7B
:109C700040F0DA864C4B1393B1060F9B3DD507336A
:109C800023F00703D3E9004503F108020F92F70719
:109C900040F1B78054EA050300F0B38030238DF81B
:109CA00068308DF869B046F002060223D5E598F8D1
:109CB000003001222B2140E50F9898F8003004680D
:109CC0000D94002C00F10400C0F2E4830F9034E501
:109CD00046F0010698F800302FE598F8003000298A
:109CE0007FF42BAD0122202127E5002A40F0A08639
:109CF0002E4B1393B1060F9BC1D453F8044B0F9313
:109D0000F20600F1E382730640F1E082A4B200257E
:109D1000BDE746F0080698F800300EE5002A40F04E
:109D20007F860F9B073323F0070393ED008B0833E7
:109D3000B0EEC87BB4EE497BF1EE10FA0F9340F31E
:109D40000783B5EEC08BF1EE10FA00F113859DF894
:109D50006770174A174B0321002026F08004BBF1DF
:109D6000470FD8BF1A46CDE90810079410920E91FC
:109D70001190FAE5002A40F05F8646F01006B4061E
:109D80000F9B3FF526AE53F8044B0F93F00600F1FE
:109D90009F82710640F19C8224B2E51721E600BF44
:109DA0009C5A0708AC5A0708685A07087C5A0708E3
:109DB0005C5A0708585A070898F800B0BBF12A0FF8
:109DC00008F1010000F00F86ABF13003092B80464B
:109DD00000F2E584002018F801BB00EB800003EBE3
:109DE0004000ABF13003092BF5D90990A8E498F8AD
:109DF000003046F00406A0E446F0800698F80030F3
:109E00009BE4022329E5002A40F01E86BBF1000FE7
:109E10003FF4FEAC0123002708934FF000020E939D
:109E200024AB8DF890B08DF86720079609971197AD
:109E3000109327E6BBF1650F40F3CD80B5EE408B64
:109E4000F1EE10FA40F06081229BAD49CAF8001093
:109E5000013301320121072BCDE92232CAF8041067
:109E600000F3B6830AF1080A129A1B9B9342239AC5
:109E700080F21982229B1599CAF800101499CAF829
:109E8000041001330A44072BCDE9223200F3188372
:109E90000AF1080A129B5D1E002D7FF7A5AE102D5A
:109EA000229B984C40F36D831026DDE90BB705E04B
:109EB0000AF1080A103D102D40F36383013310327C
:109EC000072BCDE92232CAE90046F1DD21AA594625
:109ED000384604F0DDF900287FF4A1ACDDE9223238
:109EE000CA46E7E70D9B08995D1A002D7FF733AE50
:109EF000102D229B834C20DD51461026DDE90BA757
:109F000004E0103D102D01F1080115DD0133103280
:109F1000072BCDE92232C1E90046F2DD21AA5146E4
:109F2000384604F0B5F900287FF479AC103D102DC7
:109F3000DDE922324946E9DC8A4601332A44072B0F
:109F4000CDE92232CAE9004500F325830AF1080A67
:109F500001E621AADDE90B1004F09AF900283FF48C
:109F600082AE5CE421AADDE90B1004F091F900282F
:109F70007FF455AC1B99239ACA4619B9129B002B42
:109F800000F05C83229B1598CAF800001498CAF868
:109F9000040001330244072B2392229300F33684FA
:109FA0000AF1080A0029C0F26F841299109801334F
:109FB0000A44072BCDE92232CAE900017FF712AE2D
:109FC00021AADDE90B1004F063F900287FF427AC27
:109FD000239ACA4608E6129C2298012C02F101023B
:109FE00000F101030AF1080140F33C810120109CBB
:109FF000CAF80040072BCDE92232CAF8040000F36A
:10A00000A4821498159C01330244072BCDE9223217
:10A01000C1E9004000F3A5820831129CB5EE408BE7
:10A02000581CF1EE10FA074604F1FF3501F1080A59
:10A0300000F0DE80109C4D6001342A4407280C603B
:10A040002392229000F32A8201F11004981C5146B9
:10A05000A246169C4C6022441DAB072823922290F6
:10A060000B607FF7C1ADABE7012B07964FF0000700
:10A070007FF4CEAC002D08BF0A2C80F040813EABAF
:10A08000303403F8414D109301230E93DEE421AAEE
:10A09000DDE90B10179304F0FBF800287FF4BFAB49
:10A0A000239A179BCA4644E521AADDE90B1004F068
:10A0B000EFF800287FF4B3AB239ACA4648E5139E15
:10A0C0004A46230904F00F0043EA057329091C4698
:10A0D0000D46335C02F8013D54EA0503F1D1A9EBCA
:10A0E000020310920E93B1E421AADDE90B1004F0F3
:10A0F000CFF800287FF493AB239ACA4660E500BFEF
:10A10000985A0708AC5A07081B99002940F34F8258
:10A11000DDE911318B42A8BF0B46002B1D460EDD39
:10A12000229B1099CAF8001001332A44072B23926E
:10A13000CAF80450229300F312830AF1080A119B13
:10A14000002DA8BF5B1B002B1D4600F371811B9BDC
:10A1500012998B42C0F2D4810799CD0700F1D081CA
:10A160001299119CCB1A0D1B9D42A8BF1D46002DB4
:10A170000FDD22991098CAF80450013120442A4476
:10A180000729CAF80000CDE9221200F326830AF15C
:10A19000080A002DACBF5D1B1D46002D7FF724ADC6
:10A1A000102D229BC54C40F3EC811026DDE90BB746
:10A1B00005E00AF1080A103D102D40F3E281013359
:10A1C0001032072BCDE92232CAE90046F1DD21AA7F
:10A1D0005946384604F05CF800287FF420ABDDE9EE
:10A1E0002232CA46E7E7099B0E93CDF840902DE452
:10A1F000002D7FF72EAF102DB04C40F3D8831026E2
:10A20000DDF82CA00C9F034605E00831103D102D11
:10A2100040F3E88101331032072BCDE92232C1E946
:10A220000046F2DD21AA5146384604F031F80028F4
:10A230007FF4F5AADDE922324946E7E753F8044BFB
:10A240000F93F5067DD500250123FFF706BB0F9A76
:10A2500052F8044B0F9216F0100200F0E180002536
:10A26000FFF7FBBA079CE4073FF5C0AE0124109D41
:10A27000CAF80050072BCDE92232CAF8044000F397
:10A280000D8102300AF1100AE3E6302B00F0328132
:10A29000109A0239302302F8013CA9EB01030E9316
:10A2A0001091FFF7D3BB079BDF073FF5E3AD9BE4BE
:10A2B00021AADDE90B1003F0EBFF00287FF4AFAA21
:10A2C000239AC5E4CDF84090FFF7C0BB0025DEE43B
:10A2D000E517002C75F10003BFF688AB099B6442BB
:10A2E0004FF02D0765EB450501338DF867707FF45E
:10A2F00083AB002D08BF0A2C0796FFF4C0AE4E4674
:10A30000204629460A220023FAF722FF303206F8B7
:10A31000012D2046294600230A22FAF719FF044698
:10A320000D4654EA0503EBD1A9EB060310960E93F4
:10A33000FFF78CBB0A9A1046D117C3E90001FFF75B
:10A34000C8B9700648BFA4B200250123FFF785BA3B
:10A35000B4EE488BF1EE10FA80F10183099B5A1C90
:10A360002BF0200500F03682472D00F06C8146F47A
:10A370008073079318EE903A002BC0F20C82B0EE77
:10A3800048AB0027BBF1660F00F00D82BBF1460F12
:10A3900000F05E82452D00F05B811FA81CA91BAA5E
:10A3A0000223099C0292CDE903100093019453EC1F
:10A3B0001A2B0C9802F028FABBF1670F109040F0AE
:10A3C0002183F30740F16B81109B099A9918B5EE30
:10A3D00040ABF1EE10FA40F0D2810B46109A9B1A76
:10A3E0001293472D1B9B119300F06281BBF1660F06
:10A3F00040F06681119B002B099B40F3D182002B1A
:10A4000040F0C482F60700F1C182119B08930E93BD
:10A41000002F40F0808109979DF86770FFF7A5BA7B
:10A4200016F040031CBF1346A4B20025FFF715BA6F
:10A43000102D229B214C40F3E5801026DDE90BB75F
:10A4400005E00AF1080A103D102D40F3DB800133CE
:10A450001032072BCDE92232CAE90046F1DD21AAEC
:10A460005946384603F014FF00287FF4D8A9DDE9E7
:10A470002232CA46E7E740210C98E5F717F90B9B13
:10A4800018601861002800F0BF820B9A40235361C6
:10A49000FFF70FB964420D940F90AAE421AADDE9F9
:10A4A0000B1003F0F5FE00287FF4B9A9DDE92202C4
:10A4B0000DF1C00A01304946CBE500BFAC5A070890
:10A4C00021AADDE90B1003F0E3FE00287FF4A7A921
:10A4D000239ACA46DEE4099B109F0997062B28BFE2
:10A4E000062308930E93B94B0F9407961197109378
:10A4F000FFF73BBA109BA9EB03030E93FFF7A6BA35
:10A5000022991598CAF800001498CAF8040001317D
:10A51000024407292392229100F315810AF1080AC7
:10A520001EE60A9A1A60FFF7D4B821AADDE90B10DB
:10A53000179303F0ADFE00287FF471A99DF86770B2
:10A54000239A179BCA46FFF7E4BA21AADDE90B104C
:10A5500003F09EFE00287FF462A9DDE9223249461D
:10A560004FE521AADDE90B1003F092FE00287FF4ED
:10A5700056A9DDE9223249464FE5012B7FF448AA6E
:10A580007DE501332A44072BCDE92232CAE9004593
:10A590007FF728AB14E521AADDE90B1003F078FE64
:10A5A00000287FF43CA9239ACA46FFF7D4BA229B1D
:10A5B0008748CAF80000013301320120072BCDE99A
:10A5C0002232CAF804003FF7CDAC0AF1080AD4E4FD
:10A5D00021AADDE90B1003F05BFE00287FF41FA920
:10A5E000CA4641E4581C01F108032A440728239273
:10A5F000C1E9004522903FF751AF013003F1080A4D
:10A60000194626E501332A44072BCDE92232CAE94F
:10A61000004500F32E810AF1080A98E51098FEF72C
:10A620004FFB002320EAE0720E9009930F940796E7
:10A63000089211939DF86770FFF797B9079BDE07A3
:10A640007FF5D2AA9EE4002B08BF012309938EE672
:10A65000099B1FA85C1C1CA91BAA0223CDE903109F
:10A6600002920093019453EC1A2B0C9802F0CCF850
:10A670001090BBF1470F40F0AC81F30740F1AC8183
:10A68000109BBBF1460F03EB04017FF4A0AE109BBF
:10A690001B78302B00F058811B9C214497E61B9AB5
:10A6A0001F9B1192109A472DA3EB0203129307D11F
:10A6B000119BDA1C02DB099A9A4233DAABF1020BE6
:10A6C000119B8DF874B0013B002B1B93BDBF119BF8
:10A6D000C3F101032D222B22092B8DF8752000F3E5
:10A6E0000081303330228DF877308DF876201EAB24
:10A6F0001DAA9B1A129A1693012A13440E9340F333
:10A700003B810E9B149A13440E9323EAE373089340
:10A71000002311937CE62D2700238DF867700993A1
:10A72000FFF726B9DDE911318B427DDBF40740F1FB
:10A730000481119B149A13440E9323EAE373089344
:10A740004FF0670B64E621AADDE90B1003F0A0FDD2
:10A7500000287FF464A81B9B239ACA4600E521AA1F
:10A76000DDE90B1003F094FD00287FF458A8239A2C
:10A77000CA46E4E42D278DF86770FFF7EABA1F9BFD
:10A780008B42BFF42BAE30205A1C1F9218701F9BB7
:10A790009942F9D822E6B1EE48AB2D27F2E5002325
:10A7A0000993FEF7CDBF1CA9099C01941FA81BAA01
:10A7B0000323CDE90310029200930C9853EC1A2B5B
:10A7C00002F022F81090011961E700BF905A0708C3
:10A7D000985A070806230993C9E521AADDE90B1059
:10A7E00003F056FD00287FF41AA81B9B1299239AA8
:10A7F000CB1ACA46CDE4099B08930E9309900F9497
:10A80000079611909DF86770FFF7AFB821AADDE9B0
:10A810000B1003F03DFD00287FF401A81B99DDE932
:10A820002232CA46FFF7BEBB149A129B1344119AF8
:10A830000E93002A06DC119B0E9AC3F101031A4401
:10A8400013460E9223EAE37308934FF0670BDFE59C
:10A850001FA81CA91BAA0323099C0292CDE903107F
:10A860000093019453EC1A2B0C9801F0CDFF10903B
:10A8700006E721AADDE90B1003F00AFD00287EF4AB
:10A88000CEAF239ACA4662E44D421031704C1CDAB6
:10A890001026DDE90BB704E00AF1080A103D102D7F
:10A8A00013DD01331032072BCDE92232CAE900460D
:10A8B000F2DD21AA5946384603F0EAFC00287EF46E
:10A8C000AEAFDDE92232CA46E8E701332A44072B5E
:10A8D000CDE92232CAE900456EDC0AF1080AFFF729
:10A8E00064BB0DF1830528465A4C00E01046A4FBDA
:10A8F0000321C90801EB8102A3EB4202303209298E
:10A9000000F8012C0B4600F1FF32EFDC3033023847
:10A91000DBB2854202F8013C71D90DF17600114697
:10A9200001E011F8013B00F8013B8D42F9D121AB68
:10A930009B1A0DF176021344DAE623EAE3720892D9
:10A940000E934FF0670B63E5B5EE40ABF1EE10FAF6
:10A950003FF4A2AEC4F101041B94214437E518EE84
:10A96000903A002BB6BF2D279DF867708DF8677061
:10A97000394A3A4BFFF7EFB916F0010311937FF410
:10A98000C0AE0E9B23EAE373089341E5119B149A32
:10A990001344099A1A4422EAE2730E92089337E5A7
:10A9A0003BB9F50705D4012308930E9330E55346D0
:10A9B0001BE6149B0133ECE721AADDE90B1003F041
:10A9C00067FC00287EF42BAFDDE92232CA46FFF790
:10A9D000ECBA109B1919FAE41B9A1F9B1192109A5A
:10A9E0009B1A129364E60F9D98F801302C688046FC
:10A9F00044EAE474281D09940F90FEF79EBE0DF101
:10AA0000760375E6099C34E60C9A0C2313604FF02C
:10AA1000FF330A93FEF70CBF8DF86710FEF7AFBF48
:10AA20008DF86710FFF77DB98DF86710FFF722B931
:10AA30008DF86710FFF75CB98DF86710FFF79DB9C7
:10AA40008DF86710FEF7C1BF8DF86710FFF7DEB90C
:10AA5000AC5A0708CDCCCCCC645A0708605A07081A
:10AA600010B50446FCF79AFE2044437803F0030334
:10AA7000012B08BF2034204610BD00BF2DE9F04F48
:10AA800083B0044602F050FD40F2B1739C4240F3A3
:10AA900093806FF4F6625849DFF868814460A21829
:10AAA0009610A4F26D7340F26D1CA4F2B27281FB99
:10AAB00003570CFB0262DB176FF4C86681FB04E5E9
:10AAC000A3EB6713A619E717C7EBE51C1344A1FB1B
:10AAD00006164FF4C87202FB1C4C03EBD61604F0AA
:10AAE0000303C7EB651764220093BCF1000F0CBF92
:10AAF0003023002302FB17470193054600F1500E57
:10AB00002B7AD5F814904A2B5AD0442B1BD106EB44
:10AB10000903AA69A96A08FB03220A44D317C5E9F5
:10AB200008232835AE45EBD1D0E90845D0E91223FA
:10AB3000944275EB0303B4BF01230023036001209B
:10AB400003B0BDE8F08F009B002B4CD0DDF804A0D3
:10AB5000EB682A4A012B92444CDD4FEA830BABF1A0
:10AB600008045444AAF10402334652F8041F9442E4
:10AB70000B44FAD1ABF1040BDA4421491A1D81FBD5
:10AB800002418C18D117C1EBA401C1EBC101521ACB
:10AB9000B9EB02092A69DAF8001002F1FF3248BF66
:10ABA00009F10709C2EBC2024A448A4202DB073AB2
:10ABB0008A42FCDA1344ACE7002003B0BDE8F08F12
:10ABC000009A06EB090332B92FB1B9F13B0FC8BFA8
:10ABD0000133013B9DE7BCF1000FFAD1B9F13B0F06
:10ABE000C8BF0133F5E7019B002F0CBF9A464FF019
:10ABF000300AADE73346C0E71F85EB51F45907082B
:10AC000093244992805101000148FCF7D9BD00BF4F
:10AC1000B01601240148FCF7D7BD00BFB0160124CF
:10AC2000014B186800F002B8B00E00242DE9F04F77
:10AC30008BB0054602F078FCBB490746284602F077
:10AC40006BFC0446002800F0E680B84E316831B154
:10AC5000FDF75AFE10B90BB0BDE8F08F3168084619
:10AC6000FCF736FE2046FEF72BF8411C2846E4F799
:10AC70001DFD306010B12146FDF7B0FF2378AC4ACE
:10AC8000AC493A2B08BF013408AD2B46204603F0EF
:10AC9000FBF80028DFDD089BE25C2D2A1C4400F055
:10ACA000CA802B2A08BF01344FF0010806AB02937B
:10ACB0000DF11603002600930395019505AA2B4676
:10ACC0009D49ADF816602046ADF8186003F0DCF839
:10ACD000B042C0DDBDF81620BDF81810BDF8143024
:10ACE0000898DFF868A2DFF85C92C2EB021201EB71
:10ACF00082024FF4616101FB032308FB03F3BB6293
:10AD000004448B4BC9F800302046524689492B46F3
:10AD100003F0BAF8B04240F395800898C9F804A04F
:10AD2000235C2D2B044400F0F2802B2B08BF013450
:10AD30004FF0010806ABCDE901530DF116030026D3
:10AD4000009303952B4605AA7B49ADF81460204675
:10AD5000ADF81660ADF81860089603F095F8B042AB
:10AD600040F3D080BDF81630BDF81810BDF814209F
:10AD7000C3EB031301EB83034FF4616101FB023367
:10AD800008FB03F33B65089BDFF8C4A1DFF8C4B1FF
:10AD90001C44B8464FF0000926782C2E04BF667874
:10ADA00001344D2E65D04A2E08BF01344FF00A02FF
:10ADB00009A9204618BF4426FEF74CFC099BADF8B4
:10ADC0001E00A34248D080B2C8F8140088F808607A
:10ADD0001C4600230222ADF81420ADF81630ADF861
:10ADE0001830089323782F2B6ED04FF4E153C8F816
:10ADF000183008F12808B9F1000F20D07868FFF763
:10AE00003DFEBA6A3B6D4D484D499B1A18BF012360
:10AE100003600A601FE74A4A444D4849494B1460A1
:10AE2000494A28680C60C3E90022FCF751FD2C60F8
:10AE30000BB0BDE8F08F01344FF0FF3836E74FF02C
:10AE40000109A9E73E493D4AB86AD9F800300860CF
:10AE50001660C9F80430FEE6B9F1000F5BD04D2151
:10AE60000B2287F830107A6301210022C7E90E1205
:10AE7000AEE70DF11E0207ABCDE901520093039539
:10AE80002B460DF11A025146204602F0FDFF032821
:10AE90007FF4E1AEBDF81A305A1E0B2A3FF6DBAE46
:10AEA000BDF81C20511E04293FF6D5AEBDF81E107A
:10AEB00006293FF6D0AEC8E9033288F80860C8F822
:10AEC0001410089B1C4484E706ABCDE901530DF137
:10AED0001603009305AA2B4659462046039502F017
:10AEE000D3FFBDF81620BDF81800BDF8143008993E
:10AEF000C2EB021200EB82024FF4616000FB0323FD
:10AF00000C4474E7BB6AA3F561633B653BE701341E
:10AF10004FF0FF380EE74D2203213A720222C7F8A4
:10AF20001490C7E9031253E7BC5A0708647400245D
:10AF300058740024C45A0708D45A070868740024B7
:10AF40006C7400245C180024C05A07084C74002458
:10AF5000E85A0708FC5A07082DE9F04F2DED068B3B
:10AF6000BDB01C468846924605460A9002F0E6FBB4
:10AF7000036813931846FDF7A3FE0E9412901DB1BB
:10AF8000AB6B002B00F00581D8F86410B8F90C20E9
:10AF9000C80793B202D4990540F147819F040AD4AF
:10AFA000D8F8641042F4005321F40051A8F80C3092
:10AFB000C8F864109BB21E0740F1B180D8F8102089
:10AFC000002A00F0AC8003F01A020A2A00F0C580C3
:10AFD00000239FEDA18B9FEDA29B1193CDE9203320
:10AFE000CDE9143309932CAB1F939946C3469AF8C5
:10AFF0000030002B00F08082252B544602D11EE049
:10B00000252B03D014F8013F002BF9D1A4EB0A053E
:10B010008DB1DDE9203201332A44072BC9F800A0A5
:10B02000C9F80450CDE9203200F3DC8009F10809A9
:10B03000099B2B4409932378002B00F05D824FF08D
:10B04000000300228DF85F3066780B924FF0FF33DB
:10B050001146174604F1010A08930AF1010AA6F104
:10B060002003582B00F2E383DFE813F0DA02E10358
:10B07000E103E202E103E103E103E103E103E103B0
:10B0800032033E03E103AE037F03E1036002E70006
:10B09000E700E700E700E700E700E700E700E70078
:10B0A000E103E103E103E103E103E103E103E10380
:10B0B000E103E10399034303E1034303E103E103F4
:10B0C000E103E103B803E103E1039700E103E103D6
:10B0D000E103E103E103AB00E103E1036502E10306
:10B0E000E103E103E103E103E103E103E103E10340
:10B0F000E103BF02FE004303430343034E02FE008D
:10B10000E103E1035302E103220399006F03B30358
:10B11000E103FC02E103AD00E103E103E702414684
:10B120000A9801F067FA88B1D8F86430DD0704D4D2
:10B13000B8F80C309C0540F172834FF0FF3309934F
:10B1400009983DB0BDEC068BBDE8F08FB8F80C3027
:10B1500003F01A020A2A7FF43BAFB8F90E20002A46
:10B16000FFF636AFD8F86420D00705D4990503D48C
:10B17000D8F85800FCF72AFB2346524641460A9865
:10B1800001F032F9099009983DB0BDEC068BBDE89D
:10B19000F08F0A98FBF794FAF6E647F0100717F0DD
:10B1A000200340F020830E9A52F8044B0E9217F0C1
:10B1B000100204D117F040031CBF1346A4B20025AF
:10B1C000D9E147F01007BA060E9B00F1178353F838
:10B1D000044B0E93FB0602D47D0648BFA4B20025A3
:10B1E0000123C8E11FAA59460A9803F075FE50B919
:10B1F0000DF1B0091CE71FAA59460A9803F06CFE2E
:10B20000002800F07081D846D8F86420B8F80C30D7
:10B21000D00702D4990540F1FB825A068DD40998D3
:10B220003DB0BDEC068BBDE8F08FD8F85800FCF7B8
:10B23000C9FAB8F90C2093B2B0E6A6F130030020A9
:10B240001AF8016B00EB800003EB4000A6F130031D
:10B25000092BF5D90B9002E7000000000000000068
:10B26000FFFFFFFFFFFFEF7F002A41F08A80BA0651
:10B270000E9B40F19D82073323F00703D3E900457D
:10B2800003F108020E92002C75F10003C0F29B84BA
:10B290009DF85F300C93089B013300F0A18427F0E8
:10B2A0008002069254EA05024FF0010340F07481D7
:10B2B000089A002A40F04085002B40F0528417F095
:10B2C00001030D9300F05D850DF1F008302308F8BF
:10B2D000413D089B0D9A9342B8BF13460793002344
:10B2E00010930C9B13B1079B01330793069B13F03C
:10B2F00002030F9302D0079B02330793069B219A08
:10B3000013F084073CD10B9B07995C1A002C37DDA6
:10B31000102C2099BF4D25DD48461023C146B0466C
:10B320000A9E04E0103C102C00F1080017DD0131EA
:10B3300010320729CDE92012C0E90053F2DD1FAA1F
:10B34000594630460C9303F0C7FD00287FF45BAFED
:10B35000103C102CDDE920122CA80C9BE7DC4646A3
:10B36000C8468146013122440729CDE92012C9E9A6
:10B37000005400F357849DF85F300C9309F10809DD
:10B380000C9B73B12099013101320DF15F04012052
:10B390000729CDE92012C9E9004000F3778309F1BC
:10B3A00008090F9B6BB1209B0133023218A80221C0
:10B3B000072BCDE92032C9E9000100F3738309F1BD
:10B3C0000809802F00F0A482089B0D995D1A002DBA
:10B3D0002FDD102D209B904C20DD49461027DDF8F5
:10B3E000289004E0103D102D01F1080115DD013316
:10B3F0001032072BCDE92032C1E90047F2DD1FAA48
:10B400005946484603F068FD00287FF4FCAE103D25
:10B41000102DDDE920322CA9E9DC894601332A44CC
:10B42000072BCDE92032C9E9004500F3498309F132
:10B430000809069BD90500F11182209B0D99C9F8D6
:10B44000008001330A44072B2192C9F8041020938D
:10B4500000F3FD8209F10809069B5C0738D50B9BB8
:10B4600007995C1A002C33DD102C209B694D1EDDE2
:10B4700010260A9F04E0103C102C09F1080916DD83
:10B4800001331032072BCDE92032C9E90056F2DD35
:10B490001FAA5946384603F01FFD00287FF4B3AEBB
:10B4A000103C102CDDE920320DF1B009E8DC01334D
:10B4B0002244072BCDE92032C9E9005408DD1FAA38
:10B4C00059460A9803F008FD00287FF49CAE219AA3
:10B4D000099B0B9907988142ACBF5B181B18099315
:10B4E000002A7FF488AE002320939AF800300DF1F3
:10B4F000B009002B7FF480AD219BD846002B40F093
:10B500007586002320937FE647F040079AF8006095
:10B51000A3E59AF800606C2E03BF9AF8016047F02B
:10B5200020070AF1010A47F0100796E547F0800767
:10B530009AF8006091E5002A40F03D87374B14935C
:10B54000B8060E9B40F18280073323F00703D3E94E
:10B55000004503F108020E92FB0740F1AF8254EA66
:10B56000050300F0AB8230238DF860308DF8616008
:10B5700047F0020702234FF000028DF85F20089A7F
:10B58000013200F0708200220C9227F080020692B5
:10B5900054EA05023FF48CAE012B00F06A82022BC4
:10B5A00000F0F8812CA900E04146E20842EA457229
:10B5B000E80804F0070305461446303354EA050250
:10B5C00001F8013C01F1FF38EED1069AD00740F1B5
:10B5D000F281302B00F0EF813023023908F8013C72
:10B5E0002CAB5B1A0D93884673E60E9906970B6891
:10B5F0008DF888304FF0000201208DF85F200B1D80
:10B60000002207900C92CDE90D03089210920DF1E3
:10B6100088086BE6105B0708205B0708685A070874
:10B620009AF8006000297FF418AD0122202114E56A
:10B6300047F001079AF800600FE5002A40F0B7864E
:10B64000BB4B1493B8060E9B3FF57EAF53F8044BEB
:10B650000E93F90600F1AF827A0640F1AC82A4B2F3
:10B66000002579E70E9BD3F800804FF000028DF89B
:10B670005F201C1DB8F1000F00F0A084089A531C35
:10B6800000F0F28400214046FCF7EAFB002800F0BD
:10B690006D84A0EB08030D9323EAE3730022079364
:10B6A0009DF85F3008920E94069710920C9318E65E
:10B6B000002A40F078860E9ABC0652F8043B0E929F
:10B6C00040F17083099A1046D117C3E900018EE456
:10B6D0000E9B9AF8006018680B90002803F1040391
:10B6E000C0F219840E93B8E49AF8006001222B216D
:10B6F000B3E4002A40F053860E9B073323F0070380
:10B7000093ED008B0833B0EEC87BB4EE497BF1EECD
:10B7100010FA0E9340F35683B5EEC08BF1EE10FA9B
:10B7200000F1FD839DF85F300C93824A824B032128
:10B73000002027F08004CDE907100694472ECCBFE7
:10B74000904698460D911090CBE50E9A784B146870
:10B750001493043247F63003ADF8603047F0020727
:10B760000E9200250223782605E79AF800602A2E1B
:10B770000AF1010000F0F685A6F13003092B82469C
:10B7800000F2C58400201AF8016B00EB800003EB87
:10B790004000A6F13003092BF5D908905FE4002A98
:10B7A00040F0F98547F01007BA060E9B3FF563ADF0
:10B7B00053F8044B0E93FD0600F1FF81780640F12B
:10B7C000FC8124B2E5175EE59AF8006047F00407B3
:10B7D00043E447F020079AF800603EE447F008078A
:10B7E0009AF8006039E40E9B073323F0070303F156
:10B7F0000802D3E900450E920023BCE6073323F08C
:10B80000070303F10802D3E900450E920123B2E6D3
:10B81000D8F85800FBF7DAFFB8F80C30FDE4D8F898
:10B820005800FBF7D3FF4FF0FF330993F7E4002AEA
:10B8300040F0AD85002E3FF45FAE002301224FF0B3
:10B84000000107920C938DF888608DF85F100697C1
:10B850000D92089310930DF1880847E5652E40F38B
:10B86000AF80B5EE408BF1EE10FA40F03581209BB1
:10B870003249C9F80010013301320121072BCDE90B
:10B880002032C9F8041000F33B8309F10809119A2A
:10B89000199B9342219A03DB069BDB077FF5DCAD06
:10B8A000209B1399C9F800101299C9F804100133AC
:10B8B0000A44072BCDE9203200F3748309F108090B
:10B8C000119B5D1E002D7FF7C7AD102D209B1C4CDA
:10B8D00040F3368210260A9F05E009F10809103D61
:10B8E000102D40F32D8201331032072BCDE9203289
:10B8F000C9E90046F1DD1FAA5946384603F0ECFAC3
:10B9000000287FF480ACDDE920320DF1B009E6E7D4
:10B910000B9B07995D1A002D7FF756AD102D209BCC
:10B92000074C2BDD49461027DDF828900FE000BFBB
:10B930007C5A07085C5A0708585A0708985A07089B
:10B94000205B0708103D102D01F1080115DD0133C2
:10B950001032072BCDE92032C1E90047F2DD1FAAE2
:10B960005946484603F0B8FA00287FF44CAC103D25
:10B97000102DDDE920322CA9E9DC894601332A4467
:10B98000072BCDE92032C9E9004500F3FE8109F11A
:10B99000080919E514980DF1B008230904F00F0106
:10B9A00043EA05732A091C461546435C08F8013D25
:10B9B00054EA0503F1D12CABA3EB08030D9388E403
:10B9C000119C2098012C02F1010200F1010309F100
:10B9D000080140F307810120072BC9F80080CDE959
:10B9E0002032C9F8040000F38F811298139C0133B0
:10B9F0000244072BCDE92032C1E9004000F39081D9
:10BA00000831119CB5EE408BF1EE10FA03F1010004
:10BA100004F1FF3501F1080900F0A98008F10104E3
:10BA20002A4407280C6021924D60209000F3EB809F
:10BA300001F11004981C4946A146159C4C60224413
:10BA40001BAB0728219220900B607FF705AD1FAA42
:10BA500059460A9803F040FA00287FF4D4AB219AA3
:10BA60000DF1B009F8E40022012B06970C927FF447
:10BA700096AD002D08BF0A2C80F06C810DF1F00806
:10BA80003034012308F8414D0D9322E41FAA594692
:10BA90000A9803F021FA00287FF4B5AB219A0DF142
:10BAA000B0097EE41FAA59460A9803F015FA002847
:10BAB0007FF4A9AB219A0DF1B00982E402235AE583
:10BAC0001FAA59460A9803F007FA00287FF49BAB97
:10BAD000219A0DF1B009ACE41999002940F3DC81F9
:10BAE000DDE910318B42A8BF0B46002B1D460DDD52
:10BAF000209BC9F8008001332A44072B2192C9F802
:10BB00000450209300F3D98209F10809109B002DFD
:10BB1000A8BF5B1B002B1D4640F39F80102D209B70
:10BB2000A74C40F35C8210260A9F05E009F1080942
:10BB3000103D102D40F3538201331032072BCDE915
:10BB40002032C9E90046F1DD1FAA5946384603F004
:10BB5000C3F900287FF457ABDDE920320DF1B009BD
:10BB6000E6E7089B0D930DF1B008FFF7B2BB002D7F
:10BB70007FF763AF102D924C40F3CA831026034623
:10BB80000A9F05E00831103D102D40F3FB81013381
:10BB90001032072BCDE92032C1E90046F2DD1FAAA1
:10BBA0005946384603F098F900287FF42CABDDE9BC
:10BBB00020322CA9E7E70025CEE4E517002C75F12B
:10BBC0000003BFF665AB089B64424FF02D0865EBA0
:10BBD000450501338DF85F80CDF830807FF45FAB91
:10BBE000069746E7069CE5073FF5F5AE0124072BCF
:10BBF000C9F80080CDE92032C9F8044003DC0230E6
:10BC000009F1100919E71FAA59460A9803F064F9C7
:10BC100000287FF4F8AADDE920020DF1B80901300F
:10BC20002CA90AE71FAA59460A9803F055F90028DB
:10BC30007FF4E9AA9DF85F300C93219A0DF1B009C9
:10BC4000FFF79EBB1FAA59460A9803F045F9002842
:10BC50007FF4D9AA219A0DF1B009199B11998B4251
:10BC600002DB0699CE070FD520991398C9F800007A
:10BC70001298C9F804000131024407292192209149
:10BC800000F3278209F1080911991098CB1A0D1AAF
:10BC90009D42A8BF1D46002D0EDD2099C9F8045015
:10BCA000013140442A440729C9F80000CDE9201297
:10BCB00000F34A8109F10809002DACBF5D1B1D4648
:10BCC000002D7FF7C9AB102D209B3D4C38DD102691
:10BCD0000A9F04E009F10809103D102D30DD013301
:10BCE0001032072BCDE92032C9E90046F2DD1FAA48
:10BCF0005946384603F0F0F800287FF484AADDE9BD
:10BD000020320DF1B009E7E71FAA59460A9803F05F
:10BD1000E3F800287FF477AADDE920322CA964E655
:10BD20001FAA59460A9803F0D7F800287FF46BAA97
:10BD3000DDE920322CA964E6012B7FF430AC9DE6CE
:10BD400001332A44072BCDE92032C9E900457FF7AA
:10BD500081AB7CE60DF1B008204629460A2200237B
:10BD6000F9F7F6F9303208F8012D2046294600236C
:10BD70000A22F9F7EDF904460D4654EA0503EBD122
:10BD800019E60DF1B008FFF7A4BA1FAA59460A98A0
:10BD900003F0A2F800287FF436AA219A0DF1B00929
:10BDA000FFF712BBF80606D4790604D5BDF82420A7
:10BDB0001A80FFF71CB9099A1A60FFF718B900BF7B
:10BDC000205B0708B4EE488BF1EE10FA80F18B820D
:10BDD000089B591C26F0200500F0C580472D03D193
:10BDE000002B08BF0123089347F48073069318EED5
:10BDF000903A002BC0F28681B0EE48AB00230C9342
:10BE0000662E00F08881462E00F0DF81452D00F07F
:10BE1000C0811DA81AA919AA0223089C0292CDE983
:10BE200003100093019453EC1A2B0A9800F0ECFCD9
:10BE3000672E804640F0A982FB0740F1DC80089B1A
:10BE400008EB0301B5EE40ABF1EE10FA40F04E8185
:10BE50000B46A3EB08031193472D199B109300F099
:10BE6000D180662E40F0D580109B002B089B40F3BC
:10BE70005182002B40F02D82FB0700F12A82109B9B
:10BE800007930D930C9B002B40F0FF8008939DF8C7
:10BE90005F300C93FFF725BA209BB248C9F8000029
:10BEA000013301320120072BCDE92032C9F804000B
:10BEB0003DDC09F1080929B9119B1BB9069BDF0775
:10BEC0007FF5CAAA209B1398C9F800001298C9F8F8
:10BED000040001330244072B2192209300F33481A4
:10BEE00009F108090029C0F28B81119901330A4434
:10BEF000072BCDE92032C9E900817FF7ABAAA6E57F
:10BF00001FAA59460A9802F0E7FF00287FF47BA990
:10BF10000DF1B009BBE440420B900E9356E44FF094
:10BF20002D088DF85F80CDF83080FFF7FEBB1FAA8B
:10BF300059460A9802F0D0FF00287FF464A91999A5
:10BF4000219A0DF1B009B6E71FAA59460A9802F0E6
:10BF5000C3FF00287FF457A9199B1199219ACB1A86
:10BF60000DF1B009A8E6062308933DE7089B079367
:10BF70000D939DF85F3008900E94069710900C93E7
:10BF8000FFF7AFB9581C01F108032A440728219292
:10BF9000C1E9004520903FF736AE013003F10809B2
:10BFA00019464AE51FAA59460A9802F095FF00284B
:10BFB0007FF429A9219A0DF1B00981E4089BCDF8FD
:10BFC0004080062B28BF0623CDF82080CDE90C83C6
:10BFD00007930E940697DFF89081FFF782B901333B
:10BFE0002A44072BCDE92032C9E900453FF72AAEA4
:10BFF00009F1080931E61D9B199A10921B1A472D69
:10C00000119306D1109BDA1C02DB089A9A4244DA9B
:10C01000023E109B8DF86C60013B002B1993BDBF55
:10C02000109BC3F101032D222B22092B8DF86D20CB
:10C0300000F31281303330228DF86F308DF86E208E
:10C040001CAB1BAA9B1A119A1593012A13440D933A
:10C0500040F354810D9B129A13440D9323EAE3732A
:10C060000793002310930DE74046FCF729FE0023B9
:10C07000089320EAE07210939DF85F300D900E94C3
:10C08000069707920C93FFF72CB92D238DF85F309C
:10C090000C9300230893FFF726B9DDE910318B429A
:10C0A00064DBFD0740F10F81109B129A13440D933E
:10C0B00023EAE37307936726E4E61FAA59460A9822
:10C0C00002F00AFF00287FF49EA8219A0DF1B00922
:10C0D0001CE51FAA59460A9802F0FEFE00287FF4CC
:10C0E00092A8199B219A0DF1B009CDE51D9B8B42B9
:10C0F000BFF4AFAE30205A1C1D9218701D9B9942A0
:10C10000F9D8A6E62D23B1EE48AB0C9378E60023D0
:10C110000893FEF7A4BF1AA9089C01941DA819AAA8
:10C120000323CDE90310029200930A9853EC1A2BD3
:10C1300000F06AFB8046011998F80030302B00F0BF
:10C14000B780199C21447DE61FAA59460A9802F03F
:10C15000C3FE00287FF457A81999DDE920320DF1BC
:10C16000B009BFE6985A0708905A0708DDE911326E
:10C170001344109A0D93002A06DC109B0D9AC3F10C
:10C1800001031A4413460D9223EAE37307936726CB
:10C1900078E6089B1DA85C1C1AA919AA0223CDE900
:10C1A000031002920093019453EC1A2B0A9800F0AA
:10C1B0002BFB8046472E40F0D280FA0740F1C88022
:10C1C000462E08EB0401B7D03CE61DA81AA919AA0F
:10C1D0000323089C0292CDE903100093019453ECD1
:10C1E0001A2B0A9800F010FB8046E9E70A981FAA6C
:10C1F000594602F071FE00283FF483A9FFF704B806
:10C200004D4210316E4C1CDA10260A9F04E009F1F1
:10C210000809103D102D14DD01331032072BCDE934
:10C220002032C9E90046F2DD1FAA5946384602F01D
:10C2300053FE00287EF4E7AFDDE920320DF1B009AE
:10C24000E7E701332A44072BCDE92032C9E900454D
:10C2500071DC09F1080948E60DF17B052846594CC7
:10C2600000E01046A4FB0321C90801EB8102A3EB07
:10C2700042023032092900F8012C0B4600F1FF324E
:10C28000EFDC30330238DBB2854202F8013C75D96D
:10C290000DF16E00114601E011F8013B00F8013B81
:10C2A0008D42F9D11FAB9B1A0DF16E021344C8E603
:10C2B000B5EE40ABF1EE10FA3FF443AFC4F1010428
:10C2C00019942144BEE523EAE37207920D93672691
:10C2D000D8E5109B129A1344089A1A4422EAE27392
:10C2E0000D920793CEE518EE903A002B19DB9DF8DE
:10C2F0005F300C93344A354BFFF719BA17F001033E
:10C3000010937FF4A7AE0D9B23EAE3730793B9E57F
:10C310004B463AE663B9FF070AD4012307930D930E
:10C32000B0E54FF02D088DF85F80CDF83080E1E763
:10C33000129B0133D0E71FAA59460A9802F0CCFDA0
:10C3400000287EF460AFDDE920320DF1B009CCE5C4
:10C350001D9B199A1092A3EB0803119352E608EB68
:10C3600004016FE50E9C9AF80160236843EAE373C9
:10C370000893231D82460E93FEF76FBE0DF16E03E8
:10C380005FE68DF85F10FEF772BF089C12E78DF82C
:10C390005F10FFF74FBA8DF85F10FFF703BA8DF803
:10C3A0005F10FFF7A9B98DF85F10FFF784B98DF81A
:10C3B0005F10FFF745B98DF85F10FFF7BFB800BFFA
:10C3C000205B0708CDCCCCCC645A0708605A07081C
:10C3D00010B4044C13460A46014620685DF8044B2D
:10C3E000FEF7BABDB00E00242DE9F0410C46ADF5C4
:10C3F0008D6D8989666EE589199621F002010646E0
:10C40000E069ADF80C1017464FF48061626AADF830
:10C410000E5098461AAD0023079016A8099206936D
:10C420000095049502910591FBF7C6F943463A46FB
:10C4300069463046FEF790FD051E07DB304669462B
:10C44000FAF7B8F8002818BF4FF0FF35BDF80C30E8
:10C450005B0603D5A38943F04003A3811698FBF73D
:10C46000ADF928460DF58D6DBDE8F08170B5141E4F
:10C470009AB005462CDB1A464FF4027300910491E2
:10C48000ADF80C3013D0013C4FF6FF761E9B0294A2
:10C4900069460594ADF80E60FDF7F2F8421C01DA2A
:10C4A0008B232B60009B00221A701AB070BD1E9B5C
:10C4B00002944FF6FF7669460594ADF80E60FDF7DD
:10C4C000DFF8431C01DB1AB070BD8B232B60FAE749
:10C4D0008B2303604FF0FF30F5E700BF10B582B04B
:10C4E000054C0093246813460A4601462046FFF790
:10C4F000BDFF02B010BD00BFB00E0024F8B50D4660
:10C500001446064610B1836B002B43D0B4F90C20BF
:10C51000A369A36091B208071BD52369CBB1EDB223
:10C5200089042F4622D522686169D31A994229DDF0
:10C530000133A168501C0139A16020601570626947
:10C540009A422AD0A389DB0701D50A2D25D0384687
:10C55000F8BD2146304600F04DF820BBB4F90C2060
:10C56000236991B2EDB289042F46DCD4616E42F4A6
:10C57000005221F40051A281226861666169D31AD8
:10C580009942D5DC21463046FAF714F858B92268AA
:10C590000123CEE7FAF794F8B8E721463046FAF7D8
:10C5A00009F80028D3D04FF0FF37D0E721B1FF2A98
:10C5B00004D80A7001207047084670478A23036038
:10C5C0004FF0FF30704700BF70B50D46084C114664
:10C5D00006461A46284600232360E3F7BDFF431CA6
:10C5E00000D070BD2368002BFBD0336070BD00BF4E
:10C5F0009416012438B5314B1B6805460C4613B11F
:10C600009A6B002A3AD0B4F90C2093B218070CD5D3
:10C610002069A8B113F0010220D0636900225B42B7
:10C62000A361A26000B3002038BDD9063ED55807EB
:10C6300028D4206942F00803A3819BB20028E9D1E5
:10C6400003F42072B2F5007FE4D028462146FBF7C0
:10C65000EDF8A389206913F00102DED1990758BFD4
:10C660006269A2600028DED1B4F90C301A06DBD56D
:10C6700043F04003A3814FF0FF3038BD1846FAF76E
:10C680001FF8C0E7216B51B104F14003994204D077
:10C690002846E3F757F8B4F90C200023236300235E
:10C6A0002069636022F024022060C3E742F0400268
:10C6B00009232B604FF0FF30A28138BDB00E00245B
:10C6C00038B5074C0023054608462360E3F7E0FE33
:10C6D000431C00D038BD2368002BFBD02B6038BD35
:10C6E000941601242DE9F04F03690F69BB4283B012
:10C6F000C0F28680013F01F1140900F1140A59F8D3
:10C7000027205AF82730BC000132B3FBF2F80AEBBD
:10C710000403009409EB040B0193B8F1000F38D027
:10C7200000252E46CE46D4465EF8044BDCF8003099
:10C73000A2B208FB0255220C2C0C08FB0242ADB23F
:10C74000751B96B2C6EB134615FA83F306EB234628
:10C750009BB243EA0643F3454FEA12454CF8043BCB
:10C760004FEA2646E0D2009B5AF803308BB9019A73
:10C77000131F9A450CD252F8043C4BB9A2F108039E
:10C7800002E01A68043B1AB99A4507F1FF37F8D35B
:10C790000761044601F03AFA00282DDB08F1010890
:10C7A0005546002359F8041B28688AB29A1A0B0CC4
:10C7B00012FA80F2C3EB104303EB224392B242EA37
:10C7C0000342CB4545F8042B4FEA2343EAD25AF8FB
:10C7D00027200AEB87037AB91A1F92450BD253F828
:10C7E000042C42B9083B02E01A68043B1AB99A4586
:10C7F00007F1FF37F8D32761404603B0BDE8F08F5B
:10C80000002003B0BDE8F08F2DE9F04F016C93B02C
:10C8100004461F4692469B4641B1426C4A60012342
:10C8200093408B6001F002F8002323643D1E1F9AA1
:10C83000B4BF012300231360BF4BBCBF25F00045EC
:10C84000AB46AB4300F0A5804BEC17ABB5EE407B9D
:10C85000F1EE10FACDE902AB0DD11E9A012313605F
:10C86000209B002B00F0C280B44E1E60013E30467B
:10C8700013B0BDE8F08F10AA11ABCDE9003220460D
:10C88000DDE9022301F054FA5FEA1559804640F0D1
:10C890009E80DDE9101301EB030909F23243202BDE
:10C8A00040F38683C3F1400309F212429D402AFA05
:10C8B00002F32B4307EE903AB8EE677B09F1FF399C
:10C8C0008DED027B0398DDE90223A0F1F8730120CE
:10C8D0000D9043EC172BB7EE086B9FED914B37EEA5
:10C8E000466B9FED917B9FED925BA6EE047B06EE7F
:10C8F000909AB8EEE66BA6EE057BFDEEC76BB5EE43
:10C90000C07BF1EE10FACDED026A00F1D381029AFC
:10C91000162A00F2C4818A4B03EBC20393ED007B1D
:10C920004BEC16ABB4EEC67BF1EE10FA40F33A8353
:10C93000531E029300230B93A1EB0909B9F10103E4
:10C94000089344BF00230893029B4CBFC9F101091F
:10C950004FF00009002BC0F2A581089A0A931146F6
:10C9600019440023089105931C9B092B43D8052BE0
:10C9700040F31B83043B1C93002306931C9B023B48
:10C98000032B00F2EF83DFE813F039031A034303AC
:10C9900044041E9A42F20F731360BAF1000F0FD1D4
:10C9A000C5F3130565B9209B664E002B3FF45FAFBE
:10C9B00006F10803209A3046136013B0BDE8F08FEB
:10C9C000209B614E002B3FF452AFF31CF2E703991A
:10C9D000C1F31301DDE90223002041F07F53A9F2E6
:10C9E000FF3943F4401310990D9072E7574E3046CB
:10C9F00013B0BDE8F08F012300224FF0FF350693FE
:10CA00001C922F4609931D92002161640C972046C9
:10CA100000F0E6FE0E2D0646206400F2BE80069B66
:10CA2000002B00F0BA8002990029CDE90EAB40F34B
:10CA30005883434A01F00F0302EBC3020B11DD06DA
:10CA400092ED006B40F10784414A92ED087B4BEC7C
:10CA500015AB03F00F03032185EE074B5BB13C4A96
:10CA6000D80704D592ED007B013126EE076B5B10F1
:10CA700002F10802F4D184EE065B0B9B3BB1B7EEEA
:10CA8000007BB4EEC75BF1EE10FA00F14F8407EEC5
:10CA9000901AB8EEE76BB1EE0C7BA6EE057B8DED40
:10CAA000067B079BDDE906ABA3F1507B002F00F06E
:10CAB000998302983A46BDEEC57B214917EE103A9C
:10CAC00001EBC20111ED024B09993033B8EEC77B7F
:10CAD000DBB235EE477B4BEC16AB751C002900F042
:10CAE000DE83B6EE003B83EE045B35EE465BB4EED0
:10CAF000C75BF1EE10FA33704BDCB7EE003B33EE60
:10CB0000476BB4EEC65BF1EE10FA00F35984012ACC
:10CB100041D0B2EE044B324426E000BFAFF30080B8
:10CB200061436F63A787D23FB3C8608B288AC63F33
:10CB3000FB799F501344D33F0000F07F995A0708B8
:10CB4000685B0708305B07083C5B0708985A0708D2
:10CB5000405B070833EE476BB4EEC56BF1EE10FA9D
:10CB600000F12E84954216D027EE047B25EE045B5F
:10CB7000BDEEC76B16EE103A3033DBB2B8EEC66BC3
:10CB800037EE467BB4EEC57BF1EE10FA05F8013BBB
:10CB9000E0D50290D7E1DDE90EAB119B002B62DB03
:10CBA000029A0E2A5FDCBE4B03EBC20393ED003BFF
:10CBB0001D9B002BC0F274824BEC17AB87EE036B0E
:10CBC000BDEEC66B012F16EE103A03F13003B8EE3E
:10CBD000C65B06F101053370A3EE457B21D0B2EEB2
:10CBE000044B27EE047BB5EE407BF1EE10FA08D142
:10CBF000A9E127EE047BB5EE407BF1EE10FA00F0E0
:10CC0000A28187EE036BBDEEC66B16EE103A303391
:10CC100005F8013BAB1B9F42B8EEC65BA5EE437B1C
:10CC2000E7D137EE077BB4EEC37BF1EE10FA0ADCF6
:10CC3000B4EE437BF1EE10FA40F0858116EE103A27
:10CC4000D90740F1808115F8013C05E0964200F0DB
:10CC50004A8312F8013C1546392B05F1FF32F5D015
:10CC6000013313706FE1099A82B31C9A012A40F3D1
:10CC70000A82059B7A1E9342C0F2D5829A1A002F2F
:10CC8000C0F2FE82089B3B444D460893B944012103
:10CC900020460D9200F064FE0D9A06901AE00123E2
:10CCA0000B9349E6029BA9EB03095B420593002322
:10CCB0000A9359E6B8EEE66BB4EE476BF1EE10FA64
:10CCC0003FF425AE029B013B029320E6099B059AA7
:10CCD00006934D46002D0BDD0899002908DDA94279
:10CCE0000B46A8BF2B46A9EB0309ED1ACB1A0893F4
:10CCF000059B6BB10999002900F08E829B1A002ACE
:10CD000040F0A38141461A46204600F0D9FE8046F5
:10CD10000121204600F024FE0A9A0590002A40F0E6
:10CD20002C811C9B012B40F376810120089A104432
:10CD300010F01F0000F01A81C0F12003042B40F313
:10CD40006E83C0F11C000244814405440892B9F18D
:10CD5000000F05DD41464A46204600F001FF8046AF
:10CD6000089B002B05DD1A460599204600F0F8FEC9
:10CD700005900B9B002B73D1002F40F30E82099B73
:10CD8000002B00F08980002D00F376810A9B002B98
:10CD900040F0D381DDF818900B96731E3B440AF0E7
:10CDA00001023746069E0A920993059D4046294690
:10CDB000FFF798FC31468246404600F027FF29469F
:10CDC00083464A46204600F03DFFC3680AF130051D
:10CDD0000146002B40F0DC810690404600F016FF33
:10CDE000069A08901146204600F020FD089B33B9B2
:10CDF0001C9A22B90A9B002B00F0E4821C9BBBF119
:10CE0000000FC0F2188205D11C9A1AB90A9A002A9A
:10CE100000F01182002B07F1010A00F32182099B27
:10CE20003D70BB4200F02F82414600230A2220467B
:10CE300000F006FD4E45804631464FF000034FF0AE
:10CE40000A02204600F09E8100F0FAFC49460646A0
:10CE500000230A22204600F0F3FC57468146A4E74F
:10CE60000599404600F0D2FE002885DA029F41462F
:10CE700000230A222046013F029700F0E1FC099BB3
:10CE80008046002B40F0B6820C9F002F04DC1C9BD8
:10CE9000022B00F3C2820C9FDDF81490354604E0AB
:10CEA000685B070800F0CCFC804649464046FFF727
:10CEB00019FC00F1300C05F801CBAB1B9F424FF081
:10CEC0000A024FF0000341462046EBDCCDF820C0BB
:10CED0004FF0000A41460122204600F041FE05992C
:10CEE000804600F093FE002815F8012C12DC06D1D4
:10CEF000089BDB070ED402E015F8022C1D46302AF1
:10CF000005F1FF33F8D00BE09E4200F0528113F898
:10CF1000012C1D46392A05F1FF33F5D001321A7074
:10CF20000599204600F082FC069B63B1BAF1000F20
:10CF300005D09A4503D05146204600F077FC06996B
:10CF4000204600F073FC4146204600F06FFC0022B2
:10CF5000029B2A701E9A01331360209B002B3FF422
:10CF600086AC30461D6013B0BDE8F08F1C20089BD6
:10CF70000344814405440893E9E60146204600F055
:10CF80009FFD1C9B0590012B40F3D28000230A9348
:10CF9000059A136902EB8303186900F091FCC0F154
:10CFA0002000C3E600230B93C6E401230693E5E4C7
:10CFB000C3F120030AFA03F307EE903A7CE400235E
:10CFC0000993029B1D9A13445F1C012FBC460C93CE
:10CFD000B8BF4FF0010C0021BCF1170F61643D4652
:10CFE0007FF715AD012204235B0003F114006045B7
:10CFF000114602F10102F7D9616408E500230993A3
:10D000001D9B002B40F3DB800C931F469C46E2E700
:10D0100001230993F4E7BAF1000F7FF486AECBF356
:10D020001303002B40F068812BF000431B0D1B0500
:10D030002BB1089B0133089309F1010901230A9AD6
:10D040000A93002A3FF471AEA2E706990D93204699
:10D0500000F036FD424601460690204600F08AFC6C
:10D0600041460590204600F0E1FB059A0D9B904655
:10D07000002B3FF44DAE45E62A460699204600F0C7
:10D080006FFD069082E60D9A002A00F0378103F2C8
:10D090003343089A1A4408924D46059A9944F6E596
:10D0A000002F3FF789AD40F0B080B1EE047B23EE56
:10D0B000073B4BEC17ABB4EEC73BF1EE10FACDE9F2
:10D0C000057771DA029A3123013202923370751CAE
:10D0D0000599204600F0AAFB069B002B7FF42FAF9A
:10D0E00031E700F01E81029BC04A5B4203F00F0152
:10D0F00002EBC10292ED005B9DED0E7B1B1127EE52
:10D10000055B00F08781B0EE457BB94A0020022123
:10D11000DD0705D592ED006B0131012027EE067B7E
:10D120005B1002F10802F3D1002805FE075BA4E4BE
:10D13000BAF1000F3FF473AF28E7069B2046596809
:10D1400000F04EFB06990B6902339A0005460C313C
:10D150000C30FAF707FF29460122204600F000FDB7
:10D16000814619E6002565642946204600F038FB13
:10D170004FF0FF330C931F46012306461D95206494
:10D1800009930AE500F05CFB5746064681460CE62B
:10D19000204600F04BFB012331E61C9B022B7FF75E
:10D1A000EEAD002F00F0AE801D9BDB4302933546B1
:10D1B0008EE7029A3123013202923370B0E60125E4
:10D1C0001D952F4620E407EE901AB8EEE76BB1EEFE
:10D1D0000C7BA6EE057B8DED067B079BDDE906ABA0
:10D1E000A3F1507B4BEC16ABB1EE047B35EE477BE5
:10D1F000B4EEC67BF1EE10FA4DDCB1EE466BB4EE48
:10D20000C67BF1EE10FA7FF5C6AC0023CDE90533FD
:10D21000CAE701230993D4E64146059A204600F067
:10D220004FFC804674E5059B0A990592D31A194470
:10D230000A91002223E5002B0895069607F10105C7
:10D240000B9E00F392809DF82030DDF818A03B7013
:10D25000CDF8189064E69DED0E4B0221FFF7FEBB62
:10D260002B46392B0895069655460B9E00F08F806D
:10D27000089BDDF818A0CDF8189001333B704FE6FD
:10D28000A9EB070503E5334608950B9ECDF81890EA
:10D2900055469A461EE60023CDE9053312E7012ADA
:10D2A00026EE045B337011D0B2EE044B324427EE0D
:10D2B000047BBDEEC76B16EE103A303305F8013B28
:10D2C0009542B8EEC66B37EE467BF0D1B6EE006BFA
:10D2D00035EE064BB4EEC74BF1EE10FA5ED5029078
:10D2E00015F8013CB8E430233370029B01330293FC
:10D2F000324615F8013CB3E40023A0E6109BC3F1CD
:10D300003603C6E63B4605990522204600F098FA0A
:10D3100001460590404600F079FC00283FF7D2AE68
:10D3200042E79DED0E5B0221FFF7A7BB002F3FF404
:10D330004AAF0C9A002A7FF72EACB2EE044BB1EE46
:10D340000C6B013107EE901A25EE045BB8EEE77B1B
:10D35000A5EE076B8DED066B079BDDE906ABA3F130
:10D36000507B029B581EFFF7A6BB41460122204678
:10D3700000F0F6FB0599804600F048FC00282DDD02
:10D38000089B392B03D00AF1310308935BE739225C
:10D39000DDF818A03A70CDF81890BBE536EE456B75
:10D3A000B4EEC76BF1EE10FA02DCFFF7F4BB1546E2
:10D3B00015F8013C302B05F1FF32F8D0FFF7E9BB3F
:10D3C000029049E42B46392B0895069607F1010592
:10D3D0000B9EDCD0BBF1000FD5DC34E77FF433AF1C
:10D3E000089BDA077FF52FAFCAE700BF685B070825
:10D3F000405B0708069900230A22204600F020FA25
:10D400000C9F0690002F3FF7BEAC1C9B022B04DC48
:10D410000C9FB8E40221FFF730BB0C9FC1E63FF43C
:10D4200096ACC0F13C00A2E50B78722B30B431D041
:10D43000772B2AD0612B04D01623036030BC002048
:10D4400070474FF4027501244FF4847011F8013FC6
:10D450008BB1622B16D0782B11D02B2BF6D111F873
:10D46000013F20F01C0024F0030440F0100044F0C1
:10D470000204002BEDD12C43146030BC704744F4FF
:10D480000064E3E744F48034E0E74FF4C06501242E
:10D490000820DBE700252C460420D7E72DE9F047DC
:10D4A0001C4F0E4691468046E2F74DFF3D68F5B1B0
:10D4B00034785CB13D2C18BF344602D117E03D2BC7
:10D4C00015D014F8013F002BF9D1A41B286870B1C6
:10D4D00022463146FBF762FC28B92868035D3D2BE4
:10D4E00000EB040A09D055F8040F0028F0D140469B
:10D4F000E2F72DFF0020BDE8F0873B68ED1AAD1084
:10D500004046C9F80050E2F722FF0AF10100BDE8E9
:10D51000F08700BFC018002400B583B001AAFFF750
:10D52000BDFF03B05DF804FB004870476818002495
:10D530002DE9F041D0E900670C463046614A0023EE
:10D540003946F7F7B5FD5F4A00F52F28002330462E
:10D550003946F7F7ADFD002AB8BF02F5A8325A48A0
:10D560005A49B8BF02F5C072A0FB02304FEAD02082
:10D570004FF4616303FB1022B4BF08F66B2508F675
:10D580006C25534BA060E81C83FB0063A1FB026188
:10D590001E18C317C3EBA6034909C3EBC303C31A81
:10D5A000C1EB011648BF0733A2EB8602002DC4E988
:10D5B0000021A3617BDB474BEA1783FB0513C2EB1A
:10D5C000E3324548454B4649DFF828C1454F00FB4B
:10D5D00002508608A3FB065300EBD323A1FB06569B
:10D5E0000509A3EBD613ACFB0565DFF80CC13E4E75
:10D5F000A3EB1513A7FB0375ACFB03C700EBD730F8
:10D600009F085B1BA1FB077105EB5303A0EBD11037
:10D610001B0A40F26D1101FB130000EB8001023187
:10D62000A6FB0151C90909294FF4C87701EBC105CF
:10D6300007FB02322D4E8CBF6FF00907022705EB66
:10D64000051502353944A6FB0565012998BF01324D
:10D65000461CB0F5997FA6EB950525D29E0718D0FC
:10D66000234EA6FB0376F6094FF4C87707FB163363
:10D67000B3FA83F6760900F13B033344A2F26C72ED
:10D68000002020626261E361C4E903512046BDE8E5
:10D69000F081174EA6FB03767609642707FB163642
:10D6A000002EDDD00126E6E7A0F59973E6E7A5F5A3
:10D6B0000E33084AA3F52C7382FB0312DB17C3EB6E
:10D6C000E2327EE780510100C5B3A2918988888843
:10D6D00093244992BD066B394FC5FDFF7F206B39FE
:10D6E000D97CC65961F31967D7802BD6CDCCCCCC69
:10D6F0001F85EB5141D672001F2BD3E538B5074C7F
:10D700000023054608462360E2F794FF431C00D03F
:10D7100038BD2368002BFBD02B6038BD9416012444
:10D72000FF2801D90020704710B50446FAF736F8F3
:10D730002044407800F0080010BD00BF044A054BAB
:10D740001268506B002808BF1846F030704700BFC1
:10D75000B00E0024E012002470B50D46084C1146AE
:10D7600006461A46284600232360E2F7CAFF431CF8
:10D7700000D070BD2368002BFBD0336070BD00BFAC
:10D7800094160124F0B5134C83B02468089D646B93
:10D7900007465AB1104E0095002C08BF3446D4F805
:10D7A000E440A047431C0ED003B0F0BD0A4B0095E7
:10D7B000002C08BF1C4611460123D4F8E440074A58
:10D7C000A047431CF0D100228A232A603B6003B0AB
:10D7D000F0BD00BFB00E0024E0120024785A070804
:10D7E000C36C70B505460C464BB153F8240080B1AC
:10D7F000026843F824200023C0E9033370BD2122CE
:10D800000421E1F7C0FE0346E8640028EDD10020C2
:10D8100070BD012101FA04F6721D28469200E1F75D
:10D82000B2FE0028F3D0C0E90146E4E731B1C36C91
:10D830004A6853F82200086043F82210704700BF7E
:10D84000F0B50C6983B00D46064601F1140C0027B3
:10D85000DCF8000081B202FB0133010C180C02FB62
:10D8600001019BB2013703EB0143BC424CF8043B7E
:10D870004FEA1143ECDC3BB1AA68A24207DD05EB9D
:10D880008402013453612C61284603B0F0BD6968FD
:10D89000019301313046FFF7A3FF2A69023205F1F7
:10D8A0000C01074692000C30FAF75CFBF26C6968D9
:10D8B000019B52F82100286042F821503D46DEE7E6
:10D8C000020C12040346C2B90304102013F07F4F68
:10D8D00004BF1B02083013F0704F04BF1B0104305B
:10D8E00013F0404F04BF9B000230002B04DB5B00B1
:10D8F00001D501307047202070470020E6E700BFC7
:10D90000036813F00702014607D0DA071FD498070F
:10D910001FD55B080B600120704798B2A0B110467C
:10D9200013F0FF0F04BF1B0A08301A0704BF1B09BE
:10D9300004309A0704BF9B080230DA0702D45B0860
:10D940000BD001300B6070471B0C1020E8E7002063
:10D9500070479B080B60022070472020704700BF73
:10D9600010B50C460121FFF73BFF0122C0E904245A
:10D9700010BD00BF2DE9F04F0E691469A64283B0B7
:10D980000F46154604DA32462F4626460D46144603
:10D99000D7E9011306EB04084345B8BF0131FFF78F
:10D9A0001FFF00F1140909EB880EF145009005D224
:10D9B0004B46002243F8042B9E45FBD805F1140A80
:10D9C0000AEB840407F11403A24503EB860C61D231
:10D9D000641B153C24F00304CDF804E0A24405F1D7
:10D9E00010029E4605E02D0C2BD1924509F1040949
:10D9F0004ED052F8045F1FFA85FBBBF1000FF2D046
:10DA000077464E46002000E0264657F8041B34684F
:10DA10008BB2A5B2090C240C0BFB035303440BFB84
:10DA2000014000EB134034469BB243EA0043BC453F
:10DA30004FEA104044F8043BE6D8706015682D0C9E
:10DA4000D3D0D9F8003076461846CB46002100E006
:10DA5000A3463488000C05FB040001449BB25C46DD
:10DA600043EA014344F8043B56F8043BDBF8040066
:10DA70001B0C87B205FB037303EB1143B4454FEA5C
:10DA80001341E5D89245CBF8043009F10409B0D12F
:10DA9000DDF804E0B8F1000F0BDD5EF8043CAEF1F8
:10DAA000040E1BB105E05EF8043D13B9B8F101089E
:10DAB000F9D10098C0F8108003B0BDE8F08F00BF26
:10DAC00012F003032DE9F041144607462ED10D460E
:10DAD000A4101CD0BE6C96B3E3074FF0000806D428
:10DAE000641014D03068A8B10646E307F8D5324672
:10DAF00029463846FFF73EFFB5B16A68FB6C6410F3
:10DB000053F82210296043F822500546EAD12846EE
:10DB1000BDE8F081324631463846FFF72BFF3060D2
:10DB2000C0F800800646E0E70546D9E7013B0B4A0E
:10DB300052F823200023FFF783FE0546C8E70121A2
:10DB40003846FFF74DFE40F2712343610122002366
:10DB500002610646B8640360BEE700BF305C070898
:10DB60002DE9F04791460A690E464FEA6914D1E95A
:10DB7000011304EB020808F101059D42074604DD8C
:10DB80005B009D4201F10101FADC3846FFF728FEF7
:10DB9000002C00F1140337DD03EB8401002243F86D
:10DBA000042B8B42FBD1346906F1140319F01F09D1
:10DBB00003EB840C20D0C9F1200E002200E0514676
:10DBC0001C688A4604FA09F414434AF8044B53F8D3
:10DBD000042B634522FA0EF2F1D34A600AB108F130
:10DBE0000205FB6C7268013D53F82210056131603B
:10DBF00043F82260BDE8F087043953F8042B41F85C
:10DC0000042F9C45F9D8ECE71946CCE730B40B69F2
:10DC100005460069C01A0FD19B0014351431194410
:10DC20002B4401E09D4207D253F8044D51F8042DD6
:10DC30009442F7D002D3012030BC70474FF0FF3040
:10DC4000FAE700BF2DE9F04113690D69ED1A002DC7
:10DC50000E46904601F1140402F1140714D19B0002
:10DC6000E2183B4401E0A24259D952F804CD53F8DE
:10DC7000041D8C45F7D009D2224633463C46464621
:10DC800017469846012501E0F6DB00257168FFF78D
:10DC9000A7FDD8F810303669C56007EB830EBC4687
:10DCA00000F1140504EB860700235CF8041B54F80C
:10DCB000048B8AB213FA88F3090C9A1AC1EB184341
:10DCC00003EB224392B242EA0342E64545F8042BB5
:10DCD0004FEA2343E9D8A74217D9AE46A4465CF8D9
:10DCE000042B13FA82F3191401EB12419BB243EA9D
:10DCF000014267454EF8042B4FEA2143EFD8E44335
:10DD0000274427F0030704373D44043D22B955F862
:10DD1000043D013E002BFAD00661BDE8F0810021F0
:10DD2000FFF75EFD01220023C0E90423BDE8F08176
:10DD30002DE9F04383B001211F4616460A9DFFF7E7
:10DD40004FFDC7F30A548146C7F313030CB143F4E4
:10DD50008013002E019323D002A840F8086DFFF72E
:10DD6000CFFD002835D1DDE90023C9F81420002BB0
:10DD70000CBF01210221C9F81830C9F81010DCB914
:10DD800009EB8103A0F2324028601869FFF798FD83
:10DD90000B9BC0EB41101860484603B0BDE8F08310
:10DDA00001A8FFF7ADFD019BC9F814300121203017
:10DDB000C9F81010002CE3D0A4F2334808EB00039C
:10DDC0002B600B9BC0F135001860484603B0BDE8DE
:10DDD000F083DDE90013C0F1200203FA02F20A43E6
:10DDE000C3400193C9F81420C1E700BF70B50D46C8
:10DDF000084C114606461A46284600232360E2F7DF
:10DE00001BFC431C00D070BD2368002BFBD033608B
:10DE100070BD00BF9416012470B40C785E2C0646C9
:10DE20001ED00022481C1546731E06F1FF0103F8A0
:10DE3000012F8B42FBD184B185F001033355411C86
:10DE400011F8012C2D2A10D05D2A03D01AB11446E6
:10DE50000846F3E7084670BC7047013870BC70474D
:10DE600001224C781546881CDEE745785D2DEED002
:10DE7000AC42ECDC023032190134A54202F8013F19
:10DE8000FADC0231DCE700BF0EB470B59DB021AC06
:10DE90004FF4017254F8045BADF814200290069020
:10DEA000FAF70EFF0C4B019401462A4603910791A5
:10DEB0000A4E18680A9623464FF6FF75002402A9F9
:10DEC0000E941394ADF8165000F0F4FA1DB0BDE8AE
:10DED000704003B0704700BFB00E0024958706085D
:10DEE0002DE9F04F89B0CDE9061003921F468A460E
:10DEF00000E0AA465546129815F8014BF9F74AFC7E
:10DF00002044467816F00806F3D12D2C00F08980C5
:10DF10002B2C04BF9AF801400AF10205002F46D0CD
:10DF2000102F00F08480BA464FEAE77B002E47D0DE
:10DF300000214FF00043CDE9041352465B46DDE972
:10DF40000401F7F705F9804689464FF0000C0020E0
:10DF50000021CDE9008912E054D0894600FB0BF482
:10DF60000AFB0944A0FB0A01214410EB030841EB22
:10DF7000E379404649464FF0010C15F8014BA4F1F6
:10DF80003003092B05D9A4F14103192B1FD8A4F1A3
:10DF900037039F4223DDBCF1FF3FEED0DDE900896E
:10DFA000894508BF8045D7D24FF0FF3CE5E7302CCC
:10DFB00044D04FF00A0A4FF0000B0A27002EB7D1C9
:10DFC0004FF0FF326FF00043CDE90423B5E7A4F131
:10DFD0006103192B03D8A4F157039F42DBDCBCF18A
:10DFE000FF3F14D016B1404261EB4101039B33B1B6
:10DFF000BCF1000F2FD1039B1A46069B136009B09A
:10E00000BDE8F08F9A42A8DA4FF0FF3CB5E7079AD7
:10E0100022231360039B0BB36B1EDDE904010693FF
:10E02000E9E70AF102059AF80140012676E7302C6B
:10E0300017D04FF0100A4FF0000B77E72B7803F062
:10E04000DF03582B13D16C784FF0100A4FF0000B00
:10E05000023510276AE7CDE90401DDE7DDE90401B7
:10E06000CDE72B7803F0DF03582BE2D1EBE74FF03D
:10E07000080A4FF0000B082758E700BF30B5064CE0
:10E08000064D2468646B83B0002C08BF2C460094B6
:10E09000FFF726FF03B030BDB00E0024E0120024CD
:10E0A0002DE9F04F87B00F46059003921E46884633
:10E0B00000E0A8464546109815F8014BF9F76AFBB1
:10E0C000204490F801B01BF0080BF2D12D2C00F089
:10E0D00091802B2C09BF98F80140CDF810B0CDF8F5
:10E0E00010B008F10205C6B1102E00F08A80B246C9
:10E0F0004FEAE67B52465B464FF0FF304FF0FF3170
:10E10000F7F726F85246804689465B464FF0FF30C7
:10E110004FF0FF31F7F71CF80BE0302C7DD0DFF823
:10E12000489105224FF099384FF00A0A4FF0000B42
:10E130000A264FF0000C00200021CDE900AB1CE0C6
:10E14000894508BF804527D3494508BF404540D091
:10E15000824601980AFB00F400988B4600FB0B44B2
:10E16000AAFB0001214410EB030A41EBE37B50467C
:10E1700059464FF0010C15F8014BA4F13003092B5F
:10E1800005D9A4F14103192B09D8A4F137039E4204
:10E190000DDDBCF1000FD3DA4FF0FF3CEBE7A4F14B
:10E1A0006103192B03D8A4F157039E42F1DCBCF1A3
:10E1B000000F13DB049B13B1404261EB4101039B51
:10E1C00023B1BCF1000F13D1039B1F6007B0BDE862
:10E1D000F08F9342BCDD4FF0FF3CCCE7059A222341
:10E1E0001360039B4FF0FF304FF0FF31002BEDD059
:10E1F0006F1EE9E7012308F1020598F80140049336
:10E2000071E7302C19D00F224FF0FF386FF07049B2
:10E210004FF0100A4FF0000B8BE72B7803F0DF0371
:10E22000582B0FD007224FF0FF386FF060494FF0A6
:10E23000080A4FF0000B08267BE72B7803F0DF037A
:10E24000582B0CD16C780F2202354FF0FF386FF04D
:10E2500070494FF0100A4FF0000B102669E74FF09D
:10E26000100A4FF0000B45E79999991930B5064C03
:10E27000064D2468646B83B0002C08BF2C460094C4
:10E28000FFF70EFF03B030BDB00E0024E0120024F3
:10E290002DE9F04F936883B09046002B6CD017683F
:10E2A0008D6882460C460868083742E0A38913F45B
:10E2B000906F2DD0D4E9041505EB4505A0EB010BBB
:10E2C00005EBD575701C6D105844A8422A4684BFD2
:10E2D00005462A465B0536D511465046E1F7E6F974
:10E2E00000283AD05A4621690190F9F73BFEA289ED
:10E2F000019B22F4906242F08002A281A5EB0B0206
:10E3000003EB0B00656123612060A2603546B346D4
:10E310005A464946F9F7C0FED8F80830A268206886
:10E32000551B58449E1BA5602060C8F808601EB3AA
:10E33000083757E90296AB46002EF9D0AE42B5D267
:10E340003546B346E4E75046E1F7F4F803460028C3
:10E35000D4D121695046E1F7F5F90C23CAF8003011
:10E36000A389002243F040034FF0FF30A381C8E9A6
:10E37000012203B0BDE8F08F0020C8F8040003B00C
:10E38000BDE8F08F4B1C70B51AD09389146B56689A
:10E3900023F02003CDB29381ACB1536BB34214464A
:10E3A00009DD23685A1E226003F8015C63680133AB
:10E3B0006360284670BD114600F016FD0028F0D0BD
:10E3C0004FF0FF35F5E7136911682BB18B4203D28B
:10E3D00011F8013CAB420ED0134602F14004032079
:10E3E0009163C2E90C40D66303F8425F0121C2E9A0
:10E3F0000031284670BD01390136C2E90016D8E760
:10E4000010B50C46096B69B104F14003994201D083
:10E41000E1F798F9E36B63600020206313B1A36B0D
:10E42000236010BDA3892269226043F020030022EB
:10E43000A38162604FF0FF3010BD00BF2DE9F04FA7
:10E4400083B002FB03F701929A460C9C2FB38046DF
:10E450000E463D464FF000090EE0F9F783FD2268B5
:10E46000C4F804905A442260214640465E44A5EB1D
:10E470000B05FFF7C5FFA0B9D4E900CBAB4530468B
:10E480005A466146E9D32A46F9F76CFDD4E90032D1
:10E49000521B1D44C4E900525746384603B0BDE83C
:10E4A000F08F019B7F1BB7FBF3F7384603B0BDE845
:10E4B000F08F00BF2DE9F04F0C46B1F90C10D9B028
:10E4C000824688049146059306D4636E41F4005158
:10E4D00023F40053A18163660023069304939B46B3
:10E4E00003934F4617F8013B0B93002B00F0CF80AE
:10E4F000F9F754F90B9B1844467816F0080640F0DB
:10E500001981252B40F0328199F80180354607F1B9
:10E510000109B8F1780F7AD8DFE818F0DF02790046
:10E520007900790079007900790079007900790023
:10E530007900790079007900790079007900790013
:10E540007900790079007900790079007900790003
:10E5500079007900790079007900790079007900F3
:10E560007900790079002701790079007900790034
:10E57000FD0279007900790079007900EC02EC0263
:10E58000EC02EC02EC02EC02EC02EC02EC02EC021B
:10E5900079007900790079007900790079007900B3
:10E5A000790079008100790079007900790079009B
:10E5B00079007900390379007900EC00790079005D
:10E5C00079007900790079007900790036037900C3
:10E5D00079002D03790079007900790079007900BC
:10E5E0007900290383007900790079002303E6028A
:10E5F00079007900030379001503EE000D0379001B
:10E600007900FB027900F502790079003603F9F709
:10E61000C5F84044437803F00303012B01D146F0D1
:10E620000106764B06930A23049303276368002BA5
:10E630006BDD710635D5022F00F04C81032F00F001
:10E64000E180012F00F0A580002D08BF012506F014
:10E65000100816F0010640F02183B8F1000F3AD1FE
:10E66000059E2B463168009401225046FFF7E6FED6
:10E67000331D00284FD04F46039A059317F8013BEE
:10E680000B93013283440392002B7FF431AF039844
:10E6900059B0BDE8F08F21465046FFF7B1FE002883
:10E6A00039D1F9F77BF823681A781044013342789E
:10E6B0001207C0D56268013A002A0BF1010B6260B3
:10E6C000E9DD2360EDE727601E44ED1AFFF798FEB1
:10E6D000002840F03F83D4E900239D422146504664
:10E6E00002EB0307EFDC5B1B2A44C4E900232E4442
:10E6F000B344F6E646F00106414B06930823049323
:10E700006368002B4FF0030793DC21465046FFF768
:10E7100077FE00288DD0039A002A00F0DE81A389BD
:10E7200013F0400F18BF4FF0FF320392039859B017
:10E73000BDE8F08F62680EE0F9F730F823681A78C8
:10E7400010440133427812070DD562682360013A04
:10E750000BF1010B6260002AEEDC21465046FFF708
:10E760004FFE0028E8D0B946BBE64F466368002B51
:10E7700040F32082236817F8012C1978914286D142
:10E7800062680133013A23600BF1010BB946626004
:10E79000A7E6002D08BF4FF0FF35F106226800F113
:10E7A0007581059B1E6804330593B04618AF00E0E1
:10E7B00022681378FB5C511C9BB163682160013BAC
:10E7C0006360137808F8013B013D0AD06368002BB1
:10E7D000EEDC21465046FFF713FE0028E8D0464500
:10E7E00099D0B8EB06063FF452AF039A00230132EA
:10E7F000039288F80030B34473E600BF959406088E
:10E80000319606086B1E262B00F2628100230993C5
:10E8100000230DF13808CDE90739D146DDF810A005
:10E8200046F45866474621680878A0F12B034D2B23
:10E8300000F2BA80DFE813F02501B8002501B80026
:10E84000B8000301FD00FD00FD00FD00FD00FD001E
:10E85000FD00F600F600B800B800B800B800B80037
:10E86000B800B800F000F000F000F000F000F00098
:10E87000B800B800B800B800B800B800B800B800D8
:10E88000B800B800B800B800B800B800B800B800C8
:10E89000B800A000B800B800B800B800B800B800D0
:10E8A000B800B800F000F000F000F000F000F00058
:10E8B000B800B800B800B800B800B800B800B80098
:10E8C000B800B800B800B800B800B800B800B80088
:10E8D000B800A000002D08BF4FF0FF3506F010076C
:10E8E00016F0010640F06E81002F30D1059BD3F861
:10E8F00000801E1D4746F8F751FF22681378184420
:10E90000511C4378180711D463682160013B636090
:10E91000137807F8013B013D08D06368002BEADC5F
:10E9200021465046FFF76CFD0028E4D0039A059677
:10E93000A7EB080800230132C34403923B70D0E5E3
:10E9400021465046FFF75CFD00287FF4D1AEF8F772
:10E9500025FF23681A7810440133427817073FF5E2
:10E96000C7AE626823600136013AB54262603FF487
:10E97000BFAE002AEBDCE3E706F4C063B3F5007F2B
:10E9800012D126F4007646F4A0664FF0100A6368B0
:10E990003870013B002B07F1010763606ADD01312C
:10E9A0002160013D7FF43FAFF005CDF810A0CA46CD
:10E9B000DDF8209005D5474500F2D28147453FF468
:10E9C00066AE16F0100540F0EF802A46049B3D70BD
:10E9D0004146069D5046A847059BB10603F1040534
:10E9E00000F1DC80720700F1318116F0010240F085
:10E9F000D480B30740F1D180069B1946A44B9942BD
:10EA00005046049B414600F0E881FFF737FB059B29
:10EA10001B68C3E90001C3E0BAF10A0FC4DD26F4A4
:10EA20003866B4E79B4B33F91AA0BAF1080FF6DC4D
:10EA3000BAE7984B26F4386633F91AA0A7E73305EE
:10EA4000A5D5BAF1000F03D146F400764FF0080ABD
:10EA5000720500F1FF80099B26F4607613B1013B3B
:10EA600009930135079B013307936368013B002B32
:10EA7000636094DC21464846FFF7C2FC002890D032
:10EA800092E7330690D526F0800680E7002618AF7F
:10EA90001378FB5C0132B3B1636822600136013B3D
:10EAA000B54263603FF424AE002BF1DC21465046B2
:10EAB000FFF7A6FC00287FF41BAE22681378FB5CEE
:10EAC0000132002BE8D1002E3FF4E1ADB34408E55C
:10EAD000A5F12703099327259AE64FF0FF33039307
:10EAE000039859B0BDE8F08F6B4B06930023049355
:10EAF00003279BE505EB850508EB4505303D97F8B9
:10EB000001804F4603E5624B06930A2304930327D3
:10EB10008CE502278AE597F8018046F010064F46FB
:10EB2000F5E497F80180B8F16C0F00F0218146F010
:10EB300001064F46EBE446F40876554B0693102346
:10EB40000493032772E5F3063FF5CBAC059A7707EC
:10EB500002F10403126840F11281A2F800B005939B
:10EB6000BFE497F8018046F004064F46CFE446F034
:10EB7000400600275AE5494618A8FFF74DF946F028
:10EB800040068146012751E546F40076D5E797F81F
:10EB9000018046F002064F46B9E4059B1B681860E9
:10EBA000039B059501330393079BA7EB08071F44BD
:10EBB000BB4496E421465046FFF722FC00283FF470
:10EBC000D9ADA8E50CAB1846082200210793F9F748
:10EBD000C7FA002F41D00DF12C080026F8F7DEFD12
:10EBE00023681B78184443781B0747D4002D45D071
:10EBF000F8F7C2FDB0423FF48EADD4E9002312F81D
:10EC0000010B226007990091721C013B089263601E
:10EC100013460EAA414690555046FEF7B3FD421CDE
:10EC20003FF479AD002840F0BD80C8F80000FEF741
:10EC300077FD089B002840F0BD809B44013D002FDC
:10EC400040F0C98008F104080897ADE0059B1B68F7
:10EC50001880A5E726F4B06699E6059BD3F80080F6
:10EC600004330593B9E721465046FFF7C9FB002856
:10EC700000F09E80089B002B7FF44DAD002F7FF4A9
:10EC800030ACC8F80070039B0133039329E400BF44
:10EC9000319606083C5C0708959406080CAB1846AC
:10ECA000082200210793F9F75BFAB8F1000F76D13B
:10ECB000059B1A6804330593CDF8209000269146F1
:10ECC000F8F75AFDB0423FF426ADD4E9002312F81C
:10ECD000010B2260079A00920EAA771C013B905507
:10ECE000636049463B465046FEF74CFD461C3FF4E8
:10ECF00012AD28BBBB44013DB8F1000F03D1C9F8E8
:10ED0000008009F1040900266368002B08DD002D4E
:10ED1000D6D1DDF82090B8F1000F7FF4E2ABB2E776
:10ED200021465046FFF76CFB0028F0D0DDF820901C
:10ED3000002E7FF4F0ACB8F1000F7FF4D2ABA2E765
:10ED4000023001D13E46DFE7BB44013DB8F1000F80
:10ED5000D9D1D6E7002E3FF4DEACB344FFF7C1BBF8
:10ED600017F8011C22465046FFF70CFB013F25E631
:10ED700097F8028046F002060237FFF7C8BBF50796
:10ED800008D4B00706D55846C1170593C2E900015B
:10ED9000FFF7A7BBC2F800B00593FFF7A2BB0023A3
:10EDA0001A4689E702301BD16368002B7FF75BAFFF
:10EDB000089E13E7002B3FF461AF5E1E0EAB1E44AE
:10EDC0000DF1370516F8011922465046FFF7DAFA19
:10EDD000AE42F7D152E70890E6E7FFF747FA16E6AA
:10EDE000D8F8000023E700BF01F140032DE9F0410E
:10EDF0000C46096B994214D0666B77003A46E0F7EF
:10EE000099FB054640B300EB0608324640462946CA
:10EE1000F9F7A8F8C4E90C57C4F800800020BDE851
:10EE2000F0814FF48061E0F741FCA8B194F84230E2
:10EE30004FF48062C4E90C0280F8FF3394F841304B
:10EE400080F8FE3394F8403080F8FD3300F2FD3056
:10EE500020600020BDE8F0814FF0FF30DFE700BF09
:10EE60002DE9F84F4B6E9C0492462DD5936812689D
:10EE700043B30E46074602F1080959E9025B5FEA0F
:10EE80009B0815D0043D002401E0A0450ED0324679
:10EE900055F8041F384600F079F8431C04F10104CA
:10EEA000F3D10023CAE90133BDE8F88FDAF808305E
:10EEB0002BF0030BA3EB0B03CAF8083009F1080988
:10EEC000002BDAD10020ECE7F8F730F90023CAE98B
:10EED0000133BDE8F88F00BF93680BB1FFF7C0BFE7
:10EEE00010B4184653605DF8044B70472DE9F047A5
:10EEF00082B0814688461446F8F73EFC012803D1CB
:10EF000008F1FF33FE2B33D9424604F15C0301A91B
:10EF1000484600F06DF8421C06462FD020B39DF8FD
:10EF200004C000250DF1040A09E023685A1C226080
:10EF300083F800C00135B54216D215F80AC0A3689F
:10EF4000013B002BA360F0DAA769BB426146224671
:10EF5000484602DBBCF10A0FE7D1FDF7CFFA431CAC
:10EF6000E8D102B0BDE8F087404602B0BDE8F087C6
:10EF70005FFA88FC06468DF804C0D2E7A38943F007
:10EF80004003A38102B0BDE8F08700BF30B505465D
:10EF9000506EB2F90C30C007144683B09AB201D457
:10EFA00090051CD5900406D4626E43F4005342F4DD
:10EFB0000052A381626628462246FFF797FF636EE0
:10EFC000DA07054602D4A3899B0502D5284603B07B
:10EFD00030BDA06DF8F7FAFB284603B030BDA06D38
:10EFE0000191F8F7EFFBB4F90C3001999AB2D9E727
:10EFF000F0B5114C246885B00646646B1F4651B1CC
:10F000000E4D002C08BF2C46D4F8E040A047431C0E
:10F010000CD005B0F0BD094A002C08BF14460A46C2
:10F02000D4F8E04001A9A047431CF2D100228A2372
:10F030003A60336005B0F0BDB00E0024E012002449
:10F04000024B58221A604FF0FF307047941601248B
:10F05000024B58221A604FF0FF307047941601247B
:10F06000F8B500BFF8BC08BC9E467047F8B500BFB5
:10F07000F8BC08BC9E46704720202020202020207D
:10F0800020534420434152442046494C45532020BC
:10F090002020202020202020202020202020202070
:10F0A000200053442063617264206E6F7420726587
:10F0B0006164792E205472792027464F524D415475
:10F0C0005344272E002F6673004552524F523A2068
:10F0D0004661696C656420746F206F70656E206492
:10F0E00069726563746F72792100547279202746C2
:10F0F0004F524D415453442720746F2072656D6FF9
:10F10000756E742E004469726563746F7279206C39
:10F11000697374696E67206F6620726F6F74206602
:10F120006F6C6465723A002D2D2D2D2D2D2D2D2DFA
:10F130002D2D2D2D2D2D2D2D2D2D2D2D2D2D2D2DFF
:10F140002D2D2D2D2D2D2D2D2D2D2D2D2D2D2D2DEF
:10F15000005B4449525D2000204200204B420020C9
:10F160004D42005B4552525D200020646972656328
:10F17000746F72792869657329004E6F2066696C17
:10F180006573206F72206469726563746F7269655C
:10F190007320666F756E642E002066696C65287337
:10F1A000292C200020627974657320746F74616C5F
:10F1B00000204B4220746F74616C00204D4220741B
:10F1C0006F74616C00436172642073697A653A20E0
:10F1D000002F66732F2573007262004661696C65AB
:10F1E0006420746F206F70656E2000494D475F4F3B
:10F1F00050454E5F4641494C0020202020202020D1
:10F20000202042454E43484D41524B2053544152D9
:10F210005445442020202020202020202020202071
:10F22000202020005374617274696E672041455339
:10F230002D43424320536F66747761726520696D78
:10F240006167652074657374207769746820002095
:10F25000697465726174696F6E732E2E2E00496D2C
:10F260006167653A20002062797465732C20002064
:10F27000626C6F636B73290053656E64202753546F
:10F280004F502720746F2061626F72742074657311
:10F2900074000A4552524F523A204661696C6564C7
:10F2A00020746F20726561642066726F6D206669DC
:10F2B0006C65210045787065637465642000206288
:10F2C000797465732C20676F742000524541445F48
:10F2D0004552524F5200495445523A25643B424CE4
:10F2E0004B3A25643B454E435F75733A256C753B3D
:10F2F0004445435F75733A256C753B6D413A252E45
:10F3000032663B413A252E35663B563A252E33660A
:10F310003B6D573A252E32663B573A252E3566000F
:10F32000497465726174696F6E2000206F662000F9
:10F3300020636F6D706C6574656400202020202050
:10F340002020202042454E43484D41524B205245FB
:10F3500053554C54532020202020202020202020B2
:10F36000202020200020627974657329004974658B
:10F37000726174696F6E7320636F6D706C65746514
:10F38000643A20002028696D61676520626C6F63B4
:10F390006B733A2000546F74616C20656E637279F0
:10F3A0007074696F6E2074696D653A2000546F74D3
:10F3B000616C2064656372797074696F6E20746922
:10F3C0006D653A2000546F74616C2074657374200D
:10F3D00074696D653A2000206D73000A417665728C
:10F3E0006167652074696D6520706572206F706556
:10F3F000726174696F6E3A002020456E6372797095
:10F4000074696F6E3A2000202044656372797074CD
:10F41000696F6E3A20000A506572666F726D616E98
:10F420006365206D6574726963733A002020202043
:10F4300020202020205445535420434F4D504C450C
:10F44000544544205355434345535346554C4C591A
:10F450002020202020200050726F63657373656444
:10F46000200020627974657320696E200020697421
:10F4700065726174696F6E73002020202020202047
:10F480002020494D41474520544553542046414989
:10F490004C454420202020202020202020202020F7
:10F4A0002020200053442063617264206E6F74201A
:10F4B00072656164792E20496E697469616C697A3C
:10F4C00065207769746820274C495354534427209A
:10F4D0006F722027464F524D41545344272E00202F
:10F4E000202020202020202056414C4944415449CE
:10F4F0004F4E2054455354202020202020202020EF
:10F5000020202020202020200056616C6964617436
:10F51000696E67204145532D43424320736F6674E3
:10F520007761726520696D706C656D656E7461746C
:10F53000696F6E2E2E2E00506C61696E7465787442
:10F540003A00456E637279707465643A004578706C
:10F5500065637465643A00446563727970746564C8
:10F560003A0056616C69646174696F6E205355434B
:10F570004345535346554C210056616C6964617490
:10F58000696F6E204641494C4544210053746570B3
:10F59000004D454D4F5259205B005D3A2048656152
:10F5A0007020002F002062797465732C20467265EC
:10F5B000653A20002062797465732C20537461636E
:10F5C0006B206D61783A2000202020202020202010
:10F5D000205344204341524420494E495449414C10
:10F5E000495A4154494F4E202020202020202020DD
:10F5F000202000534420636172642077617320707F
:10F60000726576696F75736C79206D6F756E746550
:10F61000642C20756E6D6F756E74696E672E2E2E5C
:10F6200000496E697469616C697A696E6720534438
:10F6300020636172642E2E2E00506F737369626CAA
:10F640006520726561736F6E733A20636172642026
:10F650006D697373696E672C2064616D61676564A1
:10F66000206F7220686172647761726520697373BC
:10F670007565005344206361726420686172647729
:10F6800061726520696E697469616C697A6564216B
:10F69000004D6F756E74696E672066696C6573796D
:10F6A0007374656D2E2E2E0046696C6573797374C4
:10F6B000656D206D6F756E74656420737563636529
:10F6C000737366756C6C792E004661696C65642095
:10F6D000746F206D6F756E742066696C65737973D5
:10F6E00074656D2E204572726F723A200046696C07
:10F6F0006573797374656D20636F7272757074656C
:10F7000064206F72206E6F7420666F726D61747406
:10F7100065642E00547970652027464F524D415440
:10F7200053442720746F20666F726D617420746873
:10F730006520636172642E00556E6B6E6F776E206C
:10F740006572726F722E20547279207265696E73C1
:10F75000657274696E672074686520636172642ED7
:10F76000002831302B35292A320031302B352A320E
:10F77000002831302A35292B320031302A352B32FE
:10F78000002831302B35293200352B350032302D11
:10F79000313000342A35003230003130302F34001F
:10F7A0003235004265666F72652042656E63686D32
:10F7B00061726B00496E76616C696420746578745F
:10F7C000206C656E677468005374617274696E674B
:10F7D000204145532D43424320536F667477617235
:10F7E000652062656E63686D61726B20776974680D
:10F7F00020002072657065746974696F6E732E2EB7
:10F800002E00496E7075743A2022002220280020B4
:10F8100062797465732C2070616464656420746F10
:10F82000200053656E64202753544F502720746F77
:10F830002061626F72742062656E63686D61726BC5
:10F8400000496E70757420746578743A20220054F3
:10F850006F74616C2062656E63686D61726B207499
:10F86000696D653A20004350552075736167653AAC
:10F8700020002020202020202020204558505245C4
:10F880005353494F4E204556414C554154494F4ED4
:10F89000202020202020202020202000546F746170
:10F8A0006C206576616C756174696F6E2074696D2A
:10F8B000653A200041766572616765206576616C06
:10F8C000756174696F6E2074696D653A200020203F
:10F8D00020202020202020444154412053414D50DD
:10F8E0004C45532020202020202020202020202094
:10F8F0002020202020202000456E637279707465DE
:10F90000642028666972737420626C6F636B207761
:10F91000697468204956293A2000446563727970F9
:10F920007465643A2000524553503A524553554C41
:10F93000543D0041667465722042656E63686D6176
:10F94000726B002020202020202020444543495372
:10F95000494F4E204D415452495820444154412072
:10F9600020202020202020202020202000416C6703
:10F970006F726974686D3A20004145532D434243CC
:10F980002D534F4654574152450052414D20557317
:10F990006167653A2000524F4D2F464C4153483A1B
:10F9A000205B53656520636F6D70696C6572206FB5
:10F9B00075747075745D00435055205573616765AB
:10F9C0003A20002500456E6372797074696F6E206D
:10F9D0004C6174656E63793A200020C2B5730044AF
:10F9E000656372797074696F6E204C6174656E63C3
:10F9F000793A2000456E6372797074696F6E205495
:10FA000068726F7567687075743A20002062797447
:10FA100065732F730044656372797074696F6E202B
:10FA20005468726F7567687075743A2000456E632C
:10FA300072797074696F6E20476F6F647075743A75
:10FA4000200044656372797074696F6E20476F6F30
:10FA5000647075743A200050726F746F636F6C201D
:10FA60004F766572686561643A200053656375720C
:10FA700069747920537472656E6774683A20313204
:10FA8000382D626974004572726F722050726F7007
:10FA900061676174696F6E3A20434243206D6F6401
:10FAA000652070726F706167617465732065727232
:10FAB0006F727320746F206E65787420626C6F6350
:10FAC0006B00464F524D41545344002020202020CB
:10FAD000202020205344204341524420464F524D81
:10FAE0004154205245515545535420202020202078
:10FAF00020202020200043616E6E6F7420666F729C
:10FB00006D61743A205344206361726420696E69A8
:10FB100074206661696C65642E204572726F723A5A
:10FB20002000436865636B2069662063617264200E
:10FB3000697320696E7365727465642070726F708A
:10FB400065726C792E005741524E494E473A205407
:10FB50006869732077696C6C204552415345204198
:10FB60004C4C2044415441206F6E207468652053F2
:10FB70004420636172642100547970652027434FEB
:10FB80004E4649524D5F464F524D41542720746FA7
:10FB90002070726F63656564206F7220616E7920DA
:10FBA0006F7468657220636F6D6D616E6420746F31
:10FBB0002063616E63656C2E00434F4E4649524D83
:10FBC0005F464F524D41540020202020202020200D
:10FBD00020464F524D415454494E472053442043F0
:10FBE000415244202020202020202020202020209E
:10FBF0002020005265666F726D617474696E6720B3
:10FC0000746F204641542E2E2E005344206361729F
:10FC10006420666F726D61747465642073756363CC
:10FC200065737366756C6C79210046696C657379D0
:10FC30007374656D206D6F756E74656420616E649C
:10FC40002072656164792E004661696C6564207478
:10FC50006F206D6F756E7420616674657220666FBB
:10FC6000726D617474696E672E204572726F723A9C
:10FC70002000466F726D6174206661696C65642E48
:10FC8000204572726F723A200043617264206D6188
:10FC9000792062652077726974652D70726F746562
:10FCA00063746564206F722064616D616765642EA2
:10FCB00000466F726D6174206F7065726174696F58
:10FCC0006E2063616E63656C6C65642E0028313054
:10FCD0002B352900283130202B20352900202054B5
:10FCE000696D652076617269616E6365202D2045BE
:10FCF0006E63727970743A2000252C20446563721B
:10FD00007970743A20000A5741524E494E473A20C2
:10FD1000456E6372797074696F6E2076657269667C
:10FD200069636174696F6E206661696C6564210046
:10FD30000A3D3D3D3D3D3D3D3D3D3D3D3D3D3D3D26
:10FD40003D3D3D3D3D3D3D3D3D3D3D3D3D3D3D3DE3
:10FD50003D3D3D3D3D3D3D3D3D3D3D002020202084
:10FD60002020202020504F574552204D45415355CB
:10FD700052454D454E545320202020202020202045
:10FD80002020202020004176657261676520637520
:10FD90007272656E743A2000206D41202800204167
:10FDA000290043757272656E742072616E67653AE0
:10FDB0002000202D200043757272656E74207261E0
:10FDC0006E67653A204E2F41004176657261676526
:10FDD00020766F6C746167653A200020560041768A
:10FDE000657261676520706F7765723A2000206DDB
:10FDF0005720280020572900456E657267792063D7
:10FE00006F6E73756D7074696F6E3A2000206D4A65
:10FE1000202800204A2900494E41323236206361B1
:10FE20006C3A200020CEA9202F20002041004176EE
:10FE300065726167652063757272656E743A204EF3
:10FE40002F41004176657261676520766F6C746141
:10FE500067653A204E2F41004176657261676520E3
:10FE6000706F7765723A204E2F4100456E6572675C
:10FE70007920636F6E73756D7074696F6E3A204E82
:10FE80002F4100494E413232362063616C3A204E98
:10FE90006F7420617661696C61626C650053746592
:10FEA0007020313A204265666F7265204465637246
:10FEB000797074696F6E004572726F723A206C656A
:10FEC0006E20746F6F206C6172676520666F7220A0
:10FED0004D41585F53495A4520696E2064656372ED
:10FEE0007970742829005374657020343A20456E67
:10FEF00064206F662044656372797074696F6E0068
:10FF00005374657020313A204265666F72652045F2
:10FF10006E6372797074696F6E004572726F723AB7
:10FF2000206C656E20746F6F206C6172676520664F
:10FF30006F72204D41585F53495A4520696E2065C4
:10FF40006E63727970742829005374657020343A96
:10FF500020456E64206F6620456E63727970746907
:10FF60006F6E006BC1BEE22E409F96E93D7E11731D
:10FF700093172A7649ABAC8119B246CEE98E9B1213
:10FF8000E9197D8D01020408102040801B36637C36
:10FF9000777BF26B6FC53001672BFED7AB76CA82D9
:10FFA000C97DFA5947F0ADD4A2AF9CA472C0B7FD89
:10FFB0009326363FF7CC34A5E5F171D8311504C747
:10FFC00023C31896059A071280E2EB27B2750983BE
:10FFD0002C1A1B6E5AA0523BD6B329E32F8453D15F
:10FFE00000ED20FCB15B6ACBBE394A4C58CFD0EF54
:10FFF000AAFB434D338545F9027F503C9FA851A38E
:020000040807EB
:10000000408F929D38F5BCB6DA2110FFF3D2CD0CAB
:1000100013EC5F974417C4A77E3D645D197360813C
:100020004FDC222A908846EEB814DE5E0BDBE0320D
:100030003A0A4906245CC2D3AC629195E479E7C8D8
:10004000376D8DD54EA96C56F4EA657AAE08BA784C
:10005000252E1CA6B4C6E8DD741F4BBD8B8A703EEE
:10006000B5664803F60E613557B986C11D9EE1F8A5
:10007000981169D98E949B1E87E9CE5528DF8CA1F3
:10008000890DBFE6426841992D0FB054BB16520945
:100090006AD53036A538BF40A39E81F3D7FB7CE3F9
:1000A00039829B2FFF87348E4344C4DEE9CB547BD7
:1000B0009432A6C2233DEE4C950B42FAC34E082E55
:1000C000A16628D924B2765BA2496D8BD12572F83E
:1000D000F66486689816D4A45CCC5D65B6926C70A4
:1000E0004850FDEDB9DA5E154657A78D9D8490D82E
:1000F000AB008CBCD30AF7E45805B8B34506D02C46
:100100001E8FCA3F0F02C1AFBD0301138A6B3A9124
:1001100011414F67DCEA97F2CFCEF0B4E67396ACAC
:100120007422E7AD3585E2F937E81C75DF6E47F1DB
:100130001A711D29C5896FB7620EAA18BE1BFC561D
:100140003E4BC6D279209ADBC0FE78CD5AF41FDD33
:10015000A8338807C731B11210592780EC5F60516E
:100160007FA919B54A0D2DE57A9F93C99CEFA0E0B0
:100170003B4DAE2AF5B0C8EBBB3C83539961172BBE
:10018000047EBA77D626E169146355210C7D0001FF
:1001900002030405060708090A0B0C0D0E0F2B7E3F
:1001A000151628AED2A6ABF7158809CF4F3C3E20D6
:1001B0000053544F500041626F7274696E67206241
:1001C000656E63686D61726B2E2E2E0042656E63E4
:1001D000686D61726B2061626F72746564210043A7
:1001E000616E6E6F74206578656375746520636FEA
:1001F0006D6D616E64207768696C652062656E6301
:10020000686D61726B206F7220696D616765207423
:100210006573742069732072756E6E696E672E0047
:1002200053656E64202753544F502720746F20610C
:10023000626F72742E0044455441494C204F4E0069
:1002400044657461696C206D6F646520656E6162E0
:100250006C6564202D20496D616765207465737439
:100260002077696C6C2073686F7720626C6F636BAA
:100270002D62792D626C6F636B206F75747075746D
:100280000044455441494C204F4646004465746142
:10029000696C206D6F64652064697361626C65646C
:1002A000202D20496D61676520746573742077691E
:1002B0006C6C2073686F772073756D6D6172792037
:1002C0006F7574707574206F6E6C790056414C496F
:1002D0004441544500504F574552004D41545249F6
:1002E00058004C4953545344004C530052454D4F11
:1002F000554E5400417474656D7074696E67207456
:100300006F2072656D6F756E742053442063617247
:10031000642E2E2E00534420636172642072656D3A
:100320006F756E746564207375636365737366754A
:100330006C6C79004661696C656420746F2072652D
:100340006D6F756E742053442063617264004D4577
:100350004D4F52595F44455441494C5F4F4E004404
:10036000657461696C6564206D656D6F7279207468
:100370007261636B696E6720656E61626C656400B3
:100380004D454D4F52595F44455441494C5F4F468E
:10039000460044657461696C6564206D656D6F72BB
:1003A0007920747261636B696E672064697361623E
:1003B0006C656400494D41474500696D61676500A2
:1003C000496E76616C696420494D41474520636FF1
:1003D0006D6D616E6420666F726D61742E20557351
:1003E000653A20494D4147452069746572617469D9
:1003F0006F6E732066696C656E616D6500496E761F
:10040000616C696420494D41474520706172616D9E
:1004100065746572732E20497465726174696F6EBC
:1004200073206D757374206265203E203020616EEC
:10043000642066696C656E616D65206D75737420EE
:1004400062652070726F76696465642E0052455053
:100450004541540072657065617400496E76616C47
:1004600069642052455045415420666F726D617435
:100470002E205573653A20524550454154205B6308
:100480006F756E745D205B746578745D00436F7585
:100490006C64206E6F742066696E6420726570658E
:1004A000617420636F756E742E205573653A205207
:1004B0004550454154205B636F756E745D205B74DD
:1004C0006578745D00434D443A4745545F53454E4B
:1004D000534F52204D41544800524553503A5245D3
:1004E00053554C543D3330004265666F726520535E
:1004F000696E676C6520456E6372797074696F6EA2
:100500000020202020202020202053494E474C4509
:10051000204F5045524154494F4E20524553554C5F
:100520005453202020202020202000456E63727923
:1005300070746564202877697468204956293A20C8
:1005400000456E6372797074696F6E2074696D65B1
:100550003A200044656372797074696F6E20746923
:100560006D653A20005468726F7567687075743AEB
:1005700020456E633D002C204465633D0043757249
:1005800072656E742075736167653A2000566F6CF2
:10059000746167653A2000506F77657220757361EA
:1005A00067653A2000456E657267792065737469E6
:1005B0006D6174653A200043757272656E742075C2
:1005C000736167653A204E2F412028494E413232EF
:1005D00036206E6F7420617661696C61626C65298A
:1005E00000566F6C746167653A204E2F4100506F62
:1005F0007765722075736167653A204E2F4100451B
:100600006E657267792075736167653A204E2F4178
:100610000041667465722053696E676C6520456E93
:100620006372797074696F6E00524553503A455247
:10063000524F523D496E636F7272656374207265EA
:1006400073756C74002020204145532D4342432094
:10065000536F66747761726520496D706C656D6566
:100660006E746174696F6E2054657374202020006D
:100670004145532D53572D504F5254454E54412D03
:10068000524541445900494E4132323620706F770D
:100690006572206D6F6E69746F7220696E6974691E
:1006A000616C697A656420776974682000206DCE7A
:1006B000A9207368756E74202F200020412072617C
:1006C0006E6765004661696C656420746F20696EB1
:1006D000697469616C697A6520494E41323236200D
:1006E000706F776572206D6F6E69746F720053441E
:1006F000206361726420696E697469616C697A65EE
:100700006420616E642072656164790053442063E3
:10071000617264206E6F7420617661696C61626CD5
:1007200065206F72206E6F742070726F7065726CCE
:100730007920696E697469616C697A6564005374C3
:100740006172747570000A417661696C61626C65F2
:1007500020636F6D6D616E64733A002020524550C6
:10076000454154205B636F756E745D205B746578E2
:10077000745D202D2052756E20746578742062653A
:100780006E63686D61726B002020494D41474520C2
:100790005B636F756E745D205B66696C656E616D21
:1007A000655D202D2052756E20696D61676520742E
:1007B00065737400202056414C4944415445202D16
:1007C0002056616C69646174652041455320696DF0
:1007D000706C656D656E746174696F6E0020204C7D
:1007E0004953545344202D204C6973742066696C1E
:1007F0006573206F6E205344206361726400202073
:10080000464F524D41545344202D20466F726D6126
:100810007420534420636172640020204445544195
:10082000494C204F4E2F4F4646202D20456E616289
:100830006C652F64697361626C65206465746169BD
:100840006C6564206F757470757420666F722049D2
:100850004D4147452074657374002020504F574523
:1008600052202D20526561642063757272656E742A
:1008700020706F776572206D6561737572656D6547
:100880006E74730020204D4154524958202D20474A
:10089000656E6572617465206465636973696F6E06
:1008A000206D6174726978207265706F72740020B7
:1008B0002052454D4F554E54202D2052657472796B
:1008C000205344206361726420696E697469616CAD
:1008D000697A6174696F6E00202053544F50202D47
:1008E0002041626F72742072756E6E696E6720624D
:1008F000656E63686D61726B0053444341524400FE
:1009000000000000000000001145040835450408FF
:1009100049450408DD440408114204084944040818
:10092000B543040829430408154204082542040875
:100930002B42040831420408194204081F420408EB
:100940003742040861420408B5450408C14204085E
:100950004D420408554204085B420408154B040844
:10096000F546040855460408493243536C617665E0
:1009700000000000000000000000000083460408A2
:100980003D6D040851460408A14604087747040851
:100990008B470408AF460408C7460408394A0408D0
:1009A000CF470408334704085F460408514704084A
:1009B0006B4604080F48040873460408A34604085D
:1009C000A94604085746040803470408000000002D
:1009D00000000000F15004080551040849290508E9
:1009E00001260508114204088D1705088518050819
:1009F00081190508154204082D1205082D12050855
:100A0000331205085D1305084B1205084512050849
:100A100061420408B5450408C14204083D120508B6
:100A2000EF4D040859560408F546040855460408D5
:100A3000000000000000000071520408F552040894
:100A40005146040867510408E1530408C5540408DA
:100A50003D540408AD5504081B5104087F51040897
:100A600021520408456E766965204D37000000006C
:100A70000000000000000000715704088D570408B2
:100A8000B3D904080FD004081DCD04080BCE040808
:100A900055DA040839C904083BC9040889DC04088C
:100AA000D9DC0408D9C9040869580408B1590408F4
:100AB000A9C9040869570408615904088D59040834
:100AC000C1C90408255904083157040835570408DA
:100AD00037570408395704084F570408A357040828
:100AE000E3570408175804083F5804086D5B0408CE
:100AF000715B0408755B0408100341007200640018
:100B0000750069006E006F0000000000000000002A
:100B1000715D0408855D04086362040885C60408E5
:100B20000000000000000000995D0408AD5D0408AD
:100B3000AB63040885C60408000000000000000044
:100B4000495D04085D5D04087F5B040885C60408F0
:100B500061650408F5460408554604088025000030
:100B600000000800FFFFFFFF5F72785F73697A651E
:100B7000203D3D2030005F74785F6C6973742E6592
:100B80006D7074792829005F72785F6C6973742EB8
:100B9000656D707479282900433A5C5573657273EA
:100BA0005C456C7961735C417070446174615C4C4C
:100BB0006F63616C5C41726475696E6F31355C7036
:100BC00061636B616765735C61726475696E6F5CAC
:100BD00068617264776172655C6D6265645F706F95
:100BE0007274656E74615C342E332E305C636F7288
:100BF00065735C61726475696E6F5C5553425C55D8
:100C000053424344432E637070007265736F6C7679
:100C100065722E76616C696428290000000000006E
:100C200000000000FD5C04082D5D0408995B0408C9
:100C300091600408AD600408495E04088D640408EE
:100C4000435D0408C15D0408875B04088D5B0408EC
:100C50007D600408915B0408795B04087B5B0408F1
:100C60007D5B040816034300440043002000440059
:100C70004500560049004300450000009D6A0408F5
:100C8000F5460408554604088D6A0408F54604082C
:100C90005546040855534265767400433A5C5573D3
:100CA0006572735C456C7961735C4170704461740A
:100CB000615C4C6F63616C5C41726475696E6F312D
:100CC000355C7061636B616765735C6172647569E3
:100CD0006E6F5C68617264776172655C6D62656499
:100CE0005F706F7274656E74615C342E332E305C8D
:100CF000636F7265735C61726475696E6F2F6D628C
:100D000065642F706C6174666F726D2F696E636CB1
:100D10007564652F706C6174666F726D2F43616CC2
:100D20006C6261636B2E6800626F6F6C282A746856
:100D3000697329000000000000000000F16604084B
:100D40004D670408995B040891600408AD600408CD
:100D5000495E04088D640408435D0408C15D04080D
:100D6000875B04088D5B04087D600408915B0408C0
:100D700053660408A16804087D5B04080166040842
:100D8000296604087D69040895650408A1650408BE
:100D9000BD5304080954040879540408A5650408DF
:100DA0004D520408B5520408A965040858FBFFFF1A
:100DB000000000003D6704086B67040875EF040835
:100DC00045EF0408A7EF040841EF040841EF0408C9
:100DD00041EF0408ABEF0408AFEF0408ABEF0408E1
:100DE000696504086F6504087B6504087F6504086D
:100DF000856504088B6504088F650408216604086E
:100E00004B660408916504089365040854FBFFFFD2
:100E100000000000456704086367040840FBFFFF0B
:100E20000000000069520408EF520408514604080B
:100E3000A7650408D9530408BD54040837540408AE
:100E4000816A04089B650408A3650408B965040861
:100E500000000000000000006B6B04086E616E0073
:100E6000696E66006F7666005254582056352E35EE
:100E70002E33007274785F74696D657200727478D5
:100E80005F69646C65000000000000000000000065
:100E90000000000000000000000000000000000052
:100EA0000000000000000000000000000000000042
:100EB0000000000000000000000000000000000032
:100EC00005000000E803000005000000C8490024F8
:100ED0001000000000000000000000000000000002
:100EE0000000000000000000000000000000000002
:100EF00000000000000000000000000000000000F2
:100F000000000000000000000000000000000000E1
:100F10000000000000100000340F0708700F0708E1
:100F2000AD9D04088D9D0408580F070804000000BB
:100F3000000000007D0E070800000000D04A0024D9
:100F400044000000184B0024800300000100000052
:100F50000100000000000000000000000000000090
:100F6000084A0024340000003C4A002450000000DD
:100F7000730E0708000000008C4A002444000000A3
:100F8000984E00240003000028000000010000002B
:100F9000000000006D616C6C6F635F6D7574657847
:100FA00000656E765F6D757465780073696E676C49
:100FB00065746F6E5F6D75746578006D61696E0044
:100FC000507265206D61696E20746872656164207D
:100FD0006E6F742063726561746564004661696C4C
:100FE000656420746F2073746172742052544F537F
:100FF00000000000AB0F07080B0000001CF50024E8
:101000001C000000434D5349532D52544F5320654B
:1010100072726F723A20537461636B206F766572DF
:10102000666C6F7700434D5349532D52544F5320F4
:101030006572726F723A2049535220517565756519
:10104000206F766572666C6F7700434D5349532D60
:1010500052544F53206572726F723A205573657205
:101060002054696D65722043616C6C6261636B2012
:101070005175657565206F766572666C6F77004394
:101080004D5349532D52544F53206572726F723A2B
:101090002053544420432F432B2B206C69627261F0
:1010A0007279206C69627370616365206E6F742061
:1010B000617661696C61626C6500434D5349532DE3
:1010C00052544F53206572726F723A205354442029
:1010D000432F432B2B206C696272617279206D75EE
:1010E00074657820696E697469616C697A61746984
:1010F0006F6E206661696C656400434D5349532DE2
:1011000052544F53206572726F723A20556E6B6E57
:101110006F776E004E6F7420616C6C6F7765642022
:10112000696E2049535220636F6E74657874005362
:10113000797374656D206973206F7574206F6620F4
:101140006D656D6F727900506172616D6574657265
:10115000206572726F72005265736F7572636520DD
:101160006E6F7420617661696C61626C65004F70AE
:1011700065726174696F6E206E6F7420636F6D703D
:101180006C657465642077697468696E207468653D
:101190002074696D656F757420706572696F640085
:1011A000556E7370656369666965642052544F5368
:1011B000206572726F720000141107082F11070862
:1011C00047110708571107086E110708A0110708F3
:1011D0002E2F6D6265642D6F732F636D7369732F8E
:1011E0006465766963652F72746F732F736F7572A0
:1011F00063652F6D6265645F7274785F69646C65A6
:101200002E637070007469636B735F736C657074C8
:10121000203C2072746F733A3A4B65726E656C3A7B
:101220003A776169745F666F725F7533325F6D61C3
:10123000780066726571203D3D20313030300068A5
:10124000616E646C6572203D3D20284952514861B1
:101250006E646C65725F74294E5649435F476574CE
:10126000566563746F72286972712900E5A20408DB
:10127000F5460408554604082E2F6D6265642D6FEF
:10128000732F706C6174666F726D2F696E636C750D
:1012900064652F706C6174666F726D2F43616C6C46
:1012A0006261636B2E68004572726F72203A20454E
:1012B00054485F54585F444553435F434E54206E37
:1012C0006F742073756666696369656E7400535444
:1012D0004532004572726F722072657475726E6568
:1012E000642062792048414C5F4554485F547261E4
:1012F0006E736D6974202825642900706F7765729C
:101300005F646F776E004572726F723A2072657417
:1013100075726E65642062792048414C5F4554487F
:101320005F4765745278446174614C656E67746898
:10133000004554482062756666657273203A202520
:1013400075205278202575205478006C6F775F6C7B
:101350006576656C5F696E69745F737563636573E9
:101360007366756C004572726F722066726F6D20C5
:1013700065746865726E65742048414C2028484148
:101380004C5F4554485F444D414572726F724361F2
:101390006C6C6261636B290A004572726F72206621
:1013A000726F6D2065746865726E65742048414C7B
:1013B000202848414C5F4554485F4D414345727277
:1013C0006F7243616C6C6261636B290A00656D61C9
:1013D000635F6C696E6B5F73746174655F636220D9
:1013E00073657420746F207472756500656D616338
:1013F0005F6C696E6B5F73746174655F63622073A9
:10140000657420746F2066616C73650073746D334E
:10141000325F656D61635F746872656164000000CE
:101420006DAF0408F54604085546040800000000A6
:101430000000000015A804081BA804080DA9040852
:101440001FA8040889AB040823A804086DA8040891
:1014500095AE040821A90408C9AC0408D5AC040859
:1014600023A8040823A8040825A8040827A804081A
:101470003BA804084DA8040835A804087379735FD5
:101480006D626F785F747279706F737420657272B9
:101490006F720A007379735F6D757465785F6C6F36
:1014A000636B206572726F720A007379735F6D757A
:1014B0007465785F756E6C6F636B206572726F72A6
:1014C0000A007379735F617263685F70726F74652D
:1014D0006374206572726F720A007379735F617250
:1014E00063685F756E70726F746563742065727285
:1014F0006F720A0018000F00D90B01240055002458
:10150000100008009EF80024045500241000080074
:10151000470E012408550024CC000400A60801242D
:101520000C5500241000080040FC00241055002435
:1015300060020500C3FC0024145500241C000400B4
:10154000A4F9002418550024200005009AFA00246C
:101550001C55002410001000440D012420550024C7
:101560001000080017FA0024245500241000080079
:1015700021F9002428550024A40004000BF60024BF
:101580002C5500241C000400CA0E012430550024F0
:10159000100010003DFB00243455002428000400F6
:1015A00068F50024385500243C1507089C150708E9
:1015B00078150708841507089015070848150708C7
:1015C000F41407080C150708181507086015070814
:1015D0006C15070800150708541507082415070897
:1015E000301507082E2F6D6265642D6F732F706C98
:1015F0006174666F726D2F696E636C7564652F70B0
:101600006C6174666F726D2F53696E676C65746F71
:101610006E5074722E680070203D3D207265696EB8
:10162000746572707265745F636173743C54202AD0
:101630003E28265F646174612900000000000000FC
:101640000000000005B6040807B6040839B604080F
:101650004DB604080000000000000000F5B80408C2
:1016600005B90408B14F0408A15004082E2F6D627B
:1016700065642D6F732F647269766572732F736F53
:10168000757263652F515350492E637070007375E6
:101690006363657373000102040000000000000032
:1016A0000000000029BD04084DBD040801BD040868
:1016B00015BD04082E2F6D6265642D6F732F647243
:1016C00069766572732F736F757263652F536572D8
:1016D00069616C426173652E637070005F73746141
:1016E0007469635F70696E6D6170203D3D204E5579
:1016F0004C4C0000000000000000000061BD040828
:1017000061BD0408F5C104085DC2040800000000C2
:1017100000000000656B04080000000000000000ED
:1017200061BD040861BD040865C4040881C40408DF
:101730009BC40408E9C40408E7C30408F3C304080D
:10174000FFC3040807C4040841C4040853C40408C0
:101750000FC4040878FFFFFF0000000079C40408EC
:1017600095C404080FC50408E1C40408EDC30408C7
:101770000BC40408E3C3040803C4040889B60408BE
:1017800093B60408F9C30408696504086F65040882
:101790007B6504084BC404085DC4040839C404080C
:1017A0008F6504082E2F6D6265642D6F732F647230
:1017B00069766572732F7573622F736F75726365C7
:1017C0002F4173796E634F702E637070005F776185
:1017D0006974203D3D204E554C4C005F6C6973741C
:1017E000203D3D204E554C4C000000000000000004
:1017F000000000000000000000000000656B04080D
:1018000085C604082E2F6D6265642D6F732F647278
:1018100069766572732F7573622F736F7572636566
:101820002F5553424465766963652E637070005F7F
:101830006C6F636B6564203E20300044657669639D
:10184000652073746174652069732022506F776519
:1018500072656422206F722022446574616368653A
:1018600064220054686520656E64706F696E742030
:101870006973206E6F7420696E64657861626C654F
:101880002E005F7472616E736665722E7573657279
:101890005F63616C6C6261636B203D3D20526571DA
:1018A0007565737458666572446F6E65005468653B
:1018B00020737461636B2069732077616974696E4A
:1018C00067206F6E206120757365722063616C6C98
:1018D0006261636B20666F72207468652062756652
:1018E00066657220746F2066696C6C206F7220735D
:1018F00074617475732E005F7472616E73666572C5
:101900002E757365725F63616C6C6261636B203D01
:101910003D20536574436F6E6669677572617469C3
:101920006F6E005F7472616E736665722E7573659B
:10193000725F63616C6C6261636B203D3D20536537
:1019400074496E74657266616365005F7472616E7E
:10195000736665722E757365725F63616C6C62612C
:10196000636B203D3D205265717565737400216382
:101970006F6E666967757265642829005468652012
:1019800073697A65206F662074686520646174618C
:1019900020746F2072656164206973206C657373B5
:1019A000207468616E20746865206D6178207061B4
:1019B000636B65742073697A6520666F7220746842
:1019C000697320656E64706F696E742E005468656B
:1019D00020656E64706F696E74206973206E6F7419
:1019E00020696E64657861626C650053697A652070
:1019F0006265696E67207772697474656E206973B9
:101A000020746F6F206C617267652E002128696EEB
:101A1000666F2D3E666C616773202620454E4450EC
:101A20004F494E545F454E41424C454429006D613B
:101A3000785F7061636B65745F73697A65203C3DA4
:101A4000203130323400215F696E697469616C69DC
:101A50007A65640000000000000000000000000043
:101A600000000000B3D904080FD004081DCD0408FD
:101A70000BCE040855DA040839C904083BC9040828
:101A800089DC0408D9DC0408D9C9040841C9040860
:101A9000656B0408A9C90408B1C90408D1C90408C0
:101AA000B9C90408C1C90408C9C9040831570408E0
:101AB0003557040837570408F3C80408656B040851
:101AC000656B0408656B0408656B0408656B0408A6
:101AD00019CA040845CA0408F9C90408040309041A
:101AE0001603300031003200330034003500360078
:101AF000370038003900160355005300420020001B
:101B000044004500560049004300450008035500C5
:101B10005300420012036D006200650064002E0055
:101B20006F00720067000603300031006571756553
:101B30007565002E2F6D6265642D6F732F65766558
:101B40006E74732F736F757263652F6D6265645F5A
:101B50007368617265645F7175657565732E637016
:101B60007000737461747573203D3D206F734F4B2B
:101B7000007368617265645F6576656E745F717528
:101B8000657565002E2F6D6265642D6F732F68611A
:101B90006C2F736F757263652F6D6265645F63721E
:101BA00069746963616C5F73656374696F6E5F61AB
:101BB00070692E6300216172655F696E746572726F
:101BC000757074735F656E61626C656428290000CE
:101BD000D81B0708B8610024412306089122060893
:101BE000D52206080925060831250608A12206087F
:101BF000D12606087122060801000000636F756C8B
:101C000064206E6F742070696E6F75740070696EF9
:101C10006D6170206D69732D6D617463680070690A
:101C20006E6D6170206E6F7420666F756E642066D5
:101C30006F72207065726970686572616C0070699E
:101C40006E6D6170206E6F7420666F756E642066B5
:101C50006F722066756E6374696F6E002E2F6D62F1
:101C600065642D6F732F68616C2F736F7572636578
:101C70002F6D6265645F7469636B65725F61706923
:101C80002E63006D617463685F7469636B20213D2E
:101C90002071756575652D3E7469636B5F6C61734A
:101CA000745F72656164005469636B65722066726B
:101CB000657175656E6379206973207A65726F004E
:101CC0005469636B6572206E756D626572206F6614
:101CD000206269742069732067726561746572207F
:101CE0007468616E203332206F72206C65737320CC
:101CF0007468616E2034206269747300041D0708E3
:101D0000F0610024D53D0608ED3D0608353E060885
:101D1000493E0608F93D0608153E0608ADE90408E7
:101D2000F93C0608000000002E2F6D6265642D6FDF
:101D3000732F68616C2F736F757263652F6D70758B
:101D40002F6D6265645F6D70755F76376D2E630011
:101D5000726567696F6E73203E3D2034000D1B5B1A
:101D6000324B001B5B33316D001B5B33336D001B4B
:101D70005B33396D001B5B39346D005B455252207B
:101D80005D5B252D34735D3A20005B5741524E5DFB
:101D90005B252D34735D3A20005B494E464F5D5BF9
:101DA000252D34735D3A20005B444247205D5B255E
:101DB0002D34735D3A20001B5B306D0064656661F5
:101DC000756C7400000000000000000061ED040864
:101DD000C5ED040800000000000000000000000045
:101DE00000000000656B0408656B0408656B04085F
:101DF000656B0408E3C304084DEE040889B60408C3
:101E000093B6040851EE0408696504086F65040878
:101E10007B6504087F650408856504088B650408F4
:101E20008F6504082E2F6D6265642D6F732F706CA3
:101E30006174666F726D2F736F757263652F46697B
:101E40006C65506174682E637070006C656E202143
:101E50003D203000000000000000000000000000F5
:101E600000000000656B04082FEF040835EF04083C
:101E70002FEF04082FEF04083BEF04082FEF0408AE
:101E8000772B0053747265616D206F626A20666102
:101E9000696C757265000000000000000000000021
:101EA0000000000000000000656B0408656B04087A
:101EB000656B0408656B0408E3C304084DEE040871
:101EC00089B6040893B6040851EE0408696504084D
:101ED0006F6504087B6504087F6504088565040850
:101EE0008B6504088F650408FCFFFFFF00000000FD
:101EF00000000000000000000000000000000000E2
:101F0000000000000000000075EF040845EF040821
:101F1000A7EF040841EF040841EF040841EF04086B
:101F2000ABEF0408AFEF0408ABEF040869650408E1
:101F30006F6504087B6504087F65040885650408EF
:101F40008B6504088F650408656B0408656B0408DD
:101F50009165040893650408FCFFFFFF0000000082
:101F600000000000000000002E2F6D6265642D6FE0
:101F7000732F706C6174666F726D2F736F757263FF
:101F8000652F53797354696D65722E6370700021EB
:101F90005F7469636B696E6700215F7469636B6965
:101FA0006E6720262620215F77616B655F74696DFF
:101FB000655F736574000000000000000000000011
:101FC000DDF204080A52252D34643A202530386C9D
:101FD00058000A53502020203A202530386C580AE7
:101FE0004C522020203A202530386C580A5043208B
:101FF00020203A202530386C580A78505352203A25
:10200000202530386C580A50535020203A20253073
:10201000386C580A4D535020203A202530386C58DF
:10202000000A43505549443A202530386C58000A7C
:1020300048465352203A202530386C580A4D4D46B8
:1020400053523A202530386C580A42465352203AAF
:10205000202530386C580A55465352203A202530F6
:10206000386C580A44465352203A202530386C5870
:102070000A41465352203A202530386C58000A4D08
:102080004D4641523A202530386C58000A424641AC
:1020900052203A202530386C58000A4D6F64652074
:1020A0003A20546872656164000A50726976203A79
:1020B0002055736572000A50726976203A2050727A
:1020C0006976696C65676564000A4D6F6465203ADE
:1020D0002048616E646C6572000A537461636B3AE8
:1020E00020505350000A537461636B3A204D535093
:1020F000000A2B2B204D6265644F53204661756C9E
:10210000742048616E646C6572202B2B0A0A46614C
:10211000756C74547970653A20004D656D4D616E33
:102120006167654661756C74004275734661756CD4
:10213000740055736167654661756C74004861721F
:10214000644661756C74000A0A436F6E7465787436
:102150003A000A0A2D2D204D6265644F53204661D6
:10216000756C742048616E646C6572202D2D0A0AAE
:10217000004661756C7420657863657074696F6E74
:10218000002E2E2E0A002E2F6D6265642D6F732F88
:10219000706C6174666F726D2F736F757263652FEB
:1021A0006D6265645F637269746963616C2E63005C
:1021B000637269746963616C5F73656374696F6E80
:1021C0005F7265656E7472616E63795F636F756E61
:1021D000746572203C2055494E5433325F4D41584E
:1021E000003C756E6E616D65643E00203C68616EFA
:1021F000646C65723E000A0A2B2B204D6265644FA9
:1022000053204572726F7220496E666F202B2B0A25
:102210004572726F72205374617475733A2030780E
:10222000255820436F64653A202564204D6F6475FE
:102230006C653A2025640A4572726F72204D657391
:10224000736167653A20004B65726E656C2045725C
:10225000726F723A203078256C582C2000546872C6
:102260006561643A203078256C582C20004D7574D7
:1022700065783A203078256C582C200053656D61C4
:1022800070686F72653A203078256C582C20004DAC
:10229000656D6F7279506F6F6C3A203078256C588D
:1022A0002C20004576656E74466C6167733A203069
:1022B00078256C582C200054696D65723A2030786E
:1022C000256C582C20004D657373616765517565E9
:1022D00075653A203078256C582C20004173736561
:1022E0007274696F6E206661696C65643A20000AD9
:1022F0004C6F636174696F6E3A203078256C5800BA
:102300000A46696C653A20002B2564000A45727202
:102310006F722056616C75653A203078256C5800D4
:102320000A43757272656E74205468726561643A0E
:1023300020257325732049643A203078256C582075
:10234000456E7472793A203078256C582053746148
:10235000636B53697A653A203078256C5820537442
:1023600061636B4D656D3A203078256C5820535071
:102370003A203078256C5820000A466F72206D6F25
:10238000726520696E666F2C2076697369743A20D5
:1023900068747470733A2F2F6D6265642E636F6D6D
:1023A0002F732F6572726F723F6572726F723D305C
:1023B0007825303858266F737665723D256C642613
:1023C000636F72653D30782530386C5826636F6DC9
:1023D000703D2564267665723D256C75267467749C
:1023E0003D504F5254454E54415F48375F4D370082
:1023F0000A2D2D204D6265644F53204572726F7215
:1024000020496E666F202D2D0A00466174616C2094
:1024100052756E2D74696D65206572726F72000061
:102420000000000080DE280080C84D0000A7760074
:1024300000349E008012C700809FEE00007E1701CE
:10244000805C400180E9670100C890010055B80137
:102450000000000080DE2800001A4F0080F877009E
:1024600080859F000064C80000F1EF0080CF180154
:1024700000AE4101003B69018019920180A6B901BB
:1024800044656570536C6565704C6F636B206F7647
:102490006572666C6F7720283E2030784646464647
:1024A000290044656570536C6565704C6F636B20E3
:1024B000756E646572666C6F7720283C2030290049
:1024C000457863657074696F6E002E2F6D62656468
:1024D0002D6F732F706C6174666F726D2F736F75D3
:1024E0007263652F6D6265645F72657461726765A2
:1024F000742E637070002867756172642026204313
:1025000058415F47554152445F4D41534B29203D4F
:102510003D203000286775617264202620435841B1
:102520005F47554152445F4D41534B29203D3D206B
:102530004358415F47554152445F494E49545F49B2
:102540004E5F50524F4752455353004572726F725F
:10255000202D2077726974696E6720746F20612066
:1025600066696C6520696E20616E20495352206F48
:102570007220637269746963616C20736563746946
:102580006F6E0D0A000D004572726F72202D207261
:10259000656164696E672066726F6D20612066698F
:1025A0006C6520696E20616E20495352206F722045
:1025B000637269746963616C2073656374696F6EBB
:1025C0000D0A004F70657261746F72206E6577201E
:1025D0006F7574206F66206D656D6F72790D0A00DE
:1025E0000000000000000000A10105085D080508CA
:1025F0001D020508C90105088D0105089D01050892
:10260000E3C304089901050889B6040893B60408D1
:1026100093010508696504086F6504087B65040873
:102620007F65040885650408ED0105088F650408C9
:10263000FFFFFFFF09000000FFFFFFFF0A0000008F
:10264000FFFFFFFF000000002F73746465727200CB
:102650002F737464696E002F7374646F7574002E29
:102660002F6D6265642D6F732F706C6174666F726D
:102670006D2F736F757263652F6D6265645F737420
:102680006174732E6300737461747320213D204E56
:10269000554C4C002E2F6D6265642D6F732F727434
:1026A0006F732F736F757263652F4576656E744611
:1026B0006C6167732E637070005F69640061707095
:1026C0006C69636174696F6E5F756E6E616D656470
:1026D0005F6576656E745F666C61677300617070CC
:1026E0006C69636174696F6E5F756E6E616D656450
:1026F0005F6D75746578002E2F6D6265642D6F7344
:102700002F72746F732F736F757263652F4D7574AD
:1027100065782E637070005F6964207C7C206D6238
:1027200065645F6765745F6572726F725F696E5F23
:1027300070726F67726573732829004D75746578C0
:10274000206C6F636B206661696C6564004D757405
:10275000657820756E6C6F636B206661696C65646B
:10276000002E2F6D6265642D6F732F72746F732F3F
:10277000736F757263652F53656D6170686F7265F5
:102780002E637070005F696420213D206E756C6C53
:102790007074720053656D6170686F72652061635B
:1027A0007175697265206661696C6564002E2F6DB4
:1027B0006265642D6F732F72746F732F736F7572F0
:1027C00063652F546869735468726561642E637021
:1027D000700028666C616773203D3D206F73466C06
:1027E0006167734572726F7254696D656F7574209D
:1027F00026262072656C5F74696D6520213D207707
:102800006169745F666F725F7533325F666F7265A0
:1028100076657229207C7C2028666C616773203D78
:102820003D206F73466C6167734572726F725265BB
:10283000736F757263652026262072656C5F7469FC
:102840006D65203D3D2072656C5F74696D652E7A03
:1028500065726F282929006170706C696361746901
:102860006F6E5F756E6E616D65645F7468726561D1
:10287000640000000000000000000000E9100508EE
:1028800025110508515350494600496E76616C691F
:1028900064205346445020636F6D6D616E64206107
:1028A0006464726573732073697A653A20307825A1
:1028B000303258005F717370695F636F6E6669676D
:1028C0007572655F666F726D6174206661696C65B3
:1028D000640053656E64696E6720534644502072ED
:1028E00065616420696E737472756374696F6E00DC
:1028F0004E6F206572617365207479706520776111
:102900007320666F756E6420666F722072656769EA
:102910006F6E206164647200515350492047656EA8
:102920006572696320636F6D6D616E64202D205543
:1029300070646174696E6720342D627974652061FA
:10294000646472657373696E6720657874656E641C
:10295000656420616464726573732072656769736E
:10296000746572206661696C65640053656E6469A4
:102970006E672047656E6572696320636F6D6D6178
:102980006E643A2025780052656164696E67205351
:10299000746174757320526567697374657220661B
:1029A00061696C6564005F69735F6D656D5F726519
:1029B0006164792046414C53453A207374617475C3
:1029C000732076616C7565203D2030782578200075
:1029D000446576696365206E6F7420726561647901
:1029E0002C207365745F77726974655F656E6162D0
:1029F0006C65206661696C65640053656E64696E20
:102A000067205752454E20636F6D6D616E6420469E
:102A100041494C454400446576696365206E6F7496
:102A20002072656164792C20777269746520666113
:102A3000696C65640052656164696E6720537461F6
:102A400074757320526567697374657220312066EE
:102A500061696C6564005F7365745F777269746542
:102A60005F656E61626C65206661696C6564202DCE
:102A7000207374617475732072656769737465720D
:102A800020312076616C75653A2025750057726992
:102A9000746520656E61626C65206661696C656451
:102AA00000417474656D7074656420746F20757373
:102AB0006520342D62797465206164647265737376
:102AC0002062757420342D627974652061646472AB
:102AD000657373696E67206973206E6F74207375F8
:102AE00070706F7274656400515350492052656173
:102AF00064202D205570646174696E6720342D62E6
:102B00007974652061646472657373696E672065AA
:102B10007874656E646564206164647265737320A3
:102B20007265676973746572206661696C656400BB
:102B3000515350492052656164206661696C656437
:102B4000005265616420436F6D6D616E6420666143
:102B5000696C65640051535049205772697465204F
:102B60002D205570646174696E6720342D6279740C
:102B7000652061646472657373696E67206578743B
:102B8000656E646564206164647265737320726548
:102B9000676973746572206661696C65640051537E
:102BA0005049205772697465206661696C656400DC
:102BB00051535049204572617365202D2055706432
:102BC0006174696E6720342D627974652061646474
:102BD00072657373696E6720657874656E64656489
:102BE00020616464726573732072656769737465CC
:102BF00072206661696C65640051535049204572CA
:102C0000617365206661696C6564005772697465FB
:102C100020456E616265206661696C65640044658B
:102C200076696365206E6F742072656164792061D6
:102C3000667465722077726974652C206661696CB0
:102C400065640045726173652065786365656473CA
:102C500020666C61736820646576696365207369BA
:102C60007A6500496E76616C69642065726173658E
:102C7000202D20756E616C69676E656420616464E7
:102C80007265737320616E642073697A6500696E82
:102C90007465726E616C206572726F723A20616445
:102CA000647265737320256C6C75206E6F7420617F
:102CB0006C69676E656420746F206572617365204E
:102CC00073697A65202575202874797065202564DC
:102CD000290051535049204572617365204465763F
:102CE000696365206E6F74207265616479202D20A0
:102CF0006661696C65640051535049204572617387
:102D00006520636F6D6D616E64206661696C6564DA
:102D1000210051535049204166746572204572610B
:102D2000736520446576696365206E6F74207265F3
:102D3000616479202D206661696C6564005F73664B
:102D400064705F7365745F7170695F656E61626CFA
:102D50006564202D2073656E6420636F6D6D616EF8
:102D60006420333868204661696C6564005F73666F
:102D700064705F7365745F7170695F656E61626CCA
:102D80006564202D2073656E6420636F6D6D616EC8
:102D90006420333568204661696C6564005F736642
:102DA00064705F7365745F7170695F656E61626C9A
:102DB0006564202D2073657420636F6E66696720DB
:102DC000626974203620636F6D6D616E64203635E4
:102DD00068204661696C6564005F736664705F7348
:102DE00065745F7170695F656E61626C6564202DEA
:102DF0002073656E6420636F6D6D616E6420373182
:102E000068204661696C6564005F736664705F7317
:102E100065745F7170695F656E61626C6564202DB9
:102E20002073656E6420636F6D6D616E642036354E
:102E300068204661696C6564005F736664705F73E7
:102E400065745F7170695F656E61626C6564202D89
:102E50002073656E6420636F6D6D616E6420363122
:102E6000204661696C6564005F736664705F7365BA
:102E7000745F7170695F656E61626C6564202D209E
:102E8000556E737570706F7274656420456E205353
:102E900065712034343420636F6E666967757261C2
:102EA00074696F6E00526561642056656E646F725E
:102EB000204944204661696C6564004661696C651F
:102EC0006420746F2064657465726D696E6520732B
:102ED0006F66742072657365742073657175656EB5
:102EE00063652E20496620796F7572206465766966
:102EF0006365206861732061206C65676163792078
:102F000053464450207461626C652C20706C65617E
:102F10007365206D616E75616C6C792073657420CA
:102F2000656E61626C652D616E642D72657365748A
:102F3000206F72206469726563742D7265736574A5
:102F40002E00446576696365206E6F74207265613A
:102F500064792C207265736574206661696C6564A0
:102F60000052656164696E672053746174757320E3
:102F700052656769737465722032206661696C6599
:102F80006400577269746520456E61626C652066E5
:102F900061696C65640057726974696E6720537467
:102FA0006174757320526567697374657273206606
:102FB00061696C6564002E2F6D6265642D6F732FDF
:102FC00073746F726167652F626C6F636B64657693
:102FD0006963652F434F4D504F4E454E545F5153DB
:102FE0005049462F736F757263652F515350494690
:102FF000426C6F636B4465766963652E6370700025
:103000005F6E756D5F7374617475735F7265676908
:103010007374657273203D3D203200577269746984
:103020006E67205374617475732052656769737499
:1030300065722031206661696C656400577269743D
:10304000696E672053746174757320526567697384
:103050007465722032206661696C656400556E7318
:103060007570706F727465642051455220636F6E85
:1030700066696775726174696F6E00537461747507
:1030800073207265676973746572206E6F74207344
:10309000657420636F72726563746C790044657641
:1030A000696365206E6F742072656164792C20639A
:1030B0006C656172696E6720626C6F636B20707201
:1030C0006F74656374696F6E206661696C65640016
:1030D000476C6F62616C20626C6F636B2070726F03
:1030E00074656374696F6E20756E6C6F636B2066B8
:1030F00061696C6564005F636C6561725F626C6FCF
:10310000636B5F70726F74656374696F6E202D20DE
:103110005374617475732072656769737465722086
:1031200072656164206661696C6564005F5F636CF1
:103130006561725F626C6F636B5F70726F74656301
:1031400074696F6E202D20537461747573207265DD
:103150006769737465722077726974652066616946
:103160006C6564005F6E756D5F7374617475735F19
:10317000726567697374657273203D3D2033005238
:10318000656164696E6720436F6E6669672052658A
:10319000676973746572206661696C656400666155
:1031A0007374206D6F646520656E61626C65202D9F
:1031B0002057726974696E6720436F6E6669672075
:1031C0005265676973746572206661696C65640035
:1031D000566572696679696E6720436F6E666967C6
:1031E000205265676973746572206661696C6564F5
:1031F000005153504946426C6F636B446576696376
:10320000652077697468207468652073616D652036
:103210006373656C2825642920616C72656164792B
:103220002065786973747300546F6F206D616E79D7
:1032300020646966666572656E7420515350494614
:10324000426C6F636B44657669636520646576697B
:10325000636573202D206D617820616C6C6F7765DC
:10326000643A20256400577269746520446973616B
:10327000626C65206661696C656400496E697420E2
:103280002D20526561642053464450204669727374
:1032900074205461626C65204661696C65640056F7
:1032A000657269667920346279746520616464723C
:1032B000657373696E67206661696C656400446557
:1032C00074656374696E67206465766963652064FC
:1032D000656E73697479206661696C656400496E16
:1032E0006974202D20446574656374696E6720726B
:1032F000657365742070726F746F636F6C2F726585
:1033000073657474696E67206661696C65640049F1
:103310006E6974202D20446574656374696E67203E
:10332000657261736520747970657320696E73745A
:1033300072756374696F6E732F73697A6573206633
:1033400061696C65640044657669636520737570B6
:10335000706F7274732051756164206275732C20D4
:10336000627574205175616420456E61626C6520E0
:103370004661696C656400496E6974202D2044655E
:1033800074656374696E672F656E61626C696E67E0
:1033900020342D6279746520616464726573736989
:1033A0006E67206661696C656400496E6974202DE2
:1033B000205F69735F6D656D5F726561647920463A
:1033C00061696C656400515350492053657420460F
:1033D00072657175656E6379204661696C6564001C
:1033E000496E6974202D20436F756C64206E6F7474
:1033F00020726561642076656E646F722069640076
:10340000496E6974202D20506172736520534644C3
:10341000502048656164657273204661696C65641B
:1034200000496E6974202D205061727365204261DD
:1034300073696320506172616D205461626C652014
:103440004661696C656400496E6974202D20506185
:1034500072736520536563746F72204D61702054E0
:1034600061626C65204661696C656400496E6974CF
:10347000202D20636C656172696E6720626C6F63DA
:103480006B2070726F74656374696F6E206661691A
:103490006C6564002F2B0508F546040855460408A2
:1034A000000000000000000000000000B55004080B
:1034B000D9500408492905080126050811420408C5
:1034C0008D17050885180508811905081542040897
:1034D0002D1205082D120508331205085D13050885
:1034E0004B1205084512050861420408B545040859
:1034F000C14204083D1205082E2F6D6265642D6FD0
:10350000732F73746F726167652F626C6F636B6486
:1035100065766963652F736F757263652F534644D3
:10352000502E637070006E756C6C70747220213D4B
:103530002064657363726970746F720053464450FF
:103540000056657269667920534644502073696756
:103550006E617475726520616E6420766572736940
:103560006F6E204661696C656400506172616D65C3
:10357000746572206865616465723A204D616A6F96
:10358000722056657273696F6E206D757374206258
:103590006520312100506172616D6574657220682B
:1035A00065616465723A20536563746F72204D6182
:1035B0007000506172616D65746572206865616448
:1035C00065723A20342D62797465204164647265B5
:1035D000737320496E737472756374696F6E0055EE
:1035E0004E535550504F525445443A506172616D9C
:1035F00065746572206865616465723A2052657011
:103600006C61792050726F746563746564204D6FCE
:103610006E6F746F6E696320436F756E746572733D
:1036200000554E535550504F525445443A506172D4
:10363000616D65746572206865616465723A2065C4
:103640005874656E6465642053657269616C2050BE
:1036500065726970686572616C20496E7465726626
:10366000616365202878535049292050726F66693C
:103670006C6520312E3000554E535550504F5254EA
:1036800045443A506172616D657465722068656188
:103690006465723A20655874656E6465642053658C
:1036A0007269616C205065726970686572616C2026
:1036B000496E7465726661636520287853504929A4
:1036C0002050726F66696C6520322E30004164654F
:1036D00073746F2068656164657200554E53555070
:1036E000504F525445443A506172616D6574657231
:1036F000206865616465723A2053434352204D61EE
:103700007020666F7220535049204D656D6F72793D
:10371000204465766963657300554E535550504F8C
:10372000525445443A506172616D65746572206807
:1037300065616465723A2053434352204D617020A5
:103740004F66667365747320666F72204D756C7476
:10375000692D4368697020535049204D656D6F7223
:1037600079204465766963657300554E5355505012
:103770004F525445443A506172616D6574657220D0
:103780006865616465723A2053434352204D61700D
:1037900020666F7220785350492050726F66696CB2
:1037A0006520322E30204D656D6F7279204465762C
:1037B0006963657300554E535550504F52544544FC
:1037C0003A506172616D6574657220686561646507
:1037D000723A20436F6D6D616E642053657175653B
:1037E0006E63657320746F204368616E6765207433
:1037F0006F204F6374616C20444452202838442D5C
:1038000038442D384429206D6F646500554E53555A
:1038100050504F525445443A506172616D65746521
:1038200072206865616465723A2078342051756150
:103830006420494F207769746820445300554E53E3
:103840005550504F525445443A506172616D657401
:103850006572206865616465723A20436F6D6D61C1
:103860006E642053657175656E63657320746F2097
:103870004368616E676520746F20517561642044F0
:103880004452202834532D34442D344429206D6F64
:10389000646500506172616D657465722068656170
:1038A0006465723A2076656E646F7220737065632A
:1038B00069666963206865616465722E2050617273
:1038C000616D65746572204944204C53423A203042
:1038D00078256868583B204D53423A203078256857
:1038E0006858004C656761637920346B20657261AC
:1038F000736520696E737472756374696F6E206E80
:103900006F7420737570706F72746564004E6F20F1
:1039100065726173652074797065207761732066C4
:103920006F756E6420666F722063757272656E7457
:1039300020726567696F6E20616464720044656E11
:103940007369747920626974733A20256C75202C30
:10395000206465766963652073697A653A20256C11
:103960006C7520627974657300526574726965764E
:10397000696E672053464450204865616465722033
:103980006661696C65640052657472696576696E1A
:1039900067206120706172616D6574657220686571
:1039A00061646572202564206661696C6564004607
:1039B00061696C656420746F20616C6C6F63617405
:1039C00065206D656D6F727900536563746F722049
:1039D0004D61703A205461626C6520726574726941
:1039E0006576616C206661696C656400536563741B
:1039F0006F72204D61703A20496E636F6D706C6517
:103A0000746520636F6E66696775726174696F6E45
:103A100020646574656374696F6E20636F6D6D619A
:103A20006E642064657363726970746F727300539F
:103A30006563746F72204D61703A20436F6E6669E2
:103A40006775726174696F6E20646574656374690B
:103A50006F6E20636F6D6D616E64206661696C6569
:103A600064004661696C656420746F2064657465E8
:103A7000637420736563746F72206D617020636F6F
:103A80006E66696775726174696F6E005365637401
:103A90006F72204D61703A20496E636F6D706C6576
:103AA000746520736563746F72206D617020646546
:103AB0007363726970746F727300536563746F72AD
:103AC000204D61703A20496E636F6D706C6574654E
:103AD00020736563746F72206D6170206465736319
:103AE000726970746F722061742074686520656EED
:103AF00064206F6620746865207461626C65005391
:103B00006563746F72204D61703A204661696C651F
:103B10006420746F2066696E64206120736563742D
:103B20006F72206D61702074686174206D617463C0
:103B3000686573207468652063757272656E7420A1
:103B4000636F6E66696775726174696F6E00466156
:103B5000696C656420746F206C6F636174652061AB
:103B6000206D61746368696E6720736563746F723A
:103B7000206D617000536563746F72204D61703AFF
:103B800020537570706F7274696E67207570207441
:103B90006F20256420726567696F6E732C206375D2
:103BA0007272656E7420736574757020746F202551
:103BB0006420726567696F6E73202D206661696C81
:103BC000002A3A3C3E7C223F7F002B2C3B3D5B5D34
:103BD00000EBFE904D53444F53352E30004E4F2096
:103BE0004E414D4520202020464154333220202094
:103BF000004E4F204E414D4520202020464154206C
:103C00002020202000809A45418E418F80454545E7
:103C10004949498E8F9092924F994F555559999A8B
:103C20009B9C9D9E9F41494F55A5A5A6A7A8A9AAC3
:103C3000ABACADAEAFB0B1B2B3B4B5B6B7B8B9BA5C
:103C4000BBBCBDBEBFC0C1C2C3C4C5C6C7C8C9CA4C
:103C5000CBCCCDCECFD0D1D2D3D4D5D6D7D8D9DA3C
:103C6000DBDCDDDEDFE0E1E2E3E4E5E6E7E8E9EA2C
:103C7000EBECEDEEEFF0F1F2F3F4F5F6F7F8F9FA1C
:103C8000FBFCFDFEFF01030507090E1012141618B8
:103C90001C1E010004001000400000010002000092
:103CA00001000200040008001000200000000000D5
:103CB00007000000000000000000000000000000FD
:103CC000C700FC00E900E200E400E000E500E700D6
:103CD000EA00EB00E800EF00EE00EC00C400C500D5
:103CE000C900E600C600F400F600F200FB00F9008F
:103CF000FF00D600DC00A200A300A500A7209201CF
:103D0000E100ED00F300FA00F100D100AA00BA00D2
:103D1000BF001023AC00BD00BC00A100AB00BB0085
:103D20009125922593250225242561256225562576
:103D300055256325512557255D255C255B251025D7
:103D4000142534252C251C2500253C255E255F25C2
:103D50005A25542569256625602550256C2567253B
:103D600068256425652559255825522553256B2539
:103D70006A2518250C25882584258C2590258025E5
:103D8000B103DF009303C003A303C303B500C4035F
:103D9000A6039803A903B4031E22C603B503292270
:103DA0006122B1006522642220232123F7004822EA
:103DB000B0001922B7001A227F20B200A025A0006F
:103DC00061001A03E0001703F8000703FF00010079
:103DD00078010001300132010601390110014A0168
:103DE0002E017901060180014D004302810182010B
:103DF00082018401840186018701870189018A018A
:103E00008B018B018D018E018F0190019101910138
:103E100093019401F60196019701980198013D02E2
:103E20009B019C019D0120029F01A001A001A20114
:103E3000A201A401A401A601A701A701A901AA0149
:103E4000AB01AC01AC01AE01AF01AF01B101B201F8
:103E5000B301B301B501B501B701B801B801BA01A9
:103E6000BB01BC01BC01BE01F701C001C101C2011F
:103E7000C301C401C501C401C701C801C701CA010A
:103E8000CB01CA01CD011001DD0101008E01DE016F
:103E90001201F3010300F101F401F401F80128011A
:103EA000220212013A020900652C3B023B023D024C
:103EB000662C3F0240024102410246020A015302BF
:103EC000400081018601550289018A0158028F0153
:103ED0005A0290015C025D025E025F029301610280
:103EE000620294016402650266026702970196010C
:103EF0006A02622C6C026D026E029C0170027102F9
:103F00009D01730274029F017602770278027902A2
:103F10007A027B027C02642C7E027F02A60181026F
:103F20008202A9018402850286028702AE01440250
:103F3000B101B20145028D028E028F029002910200
:103F4000B7017B030300FD03FE03FF03AC03040082
:103F50008603880389038A03B1031103C2030200A5
:103F6000A303A303C4030803CC0303008C038E0341
:103F70008F03D8031801F2030A00F903F303F403D3
:103F8000F503F603F703F703F903FA03FA03300422
:103F9000200350041007600422018A043601C10482
:103FA0000E01CF040100C004D004440161052604C1
:103FB00000007D1D0100632C001E9601A01E5A0109
:103FC000001F0806101F0606201F0806301F0806DF
:103FD000401F0606511F0700591F521F5B1F541F29
:103FE0005D1F561F5F1F601F0806701F0E00BA1F5F
:103FF000BB1FC81FC91FCA1FCB1FDA1FDB1FF81F3B
:10400000F91FEA1FEB1FFA1FFB1F801F0806901FF6
:104010000806A01F0806B01F0400B81FB91FB21F72
:10402000BC1FCC1F0100C31FD01F0206E01F0206E9
:10403000E51F0100EC1FF31F0100FC1F4E210100D2
:10404000322170211002842101008321D0241A051D
:10405000302C2F04602C0201672C0601752C020104
:10406000802C6401002D260841FF1A0300002E2F2A
:104070006D6265642D6F732F73746F726167652F46
:1040800066696C6573797374656D2F6661742F73DF
:104090006F757263652F46415446696C6553797339
:1040A00074656D2E63707000736563746F725F73F7
:1040B000697A65203C3D20574F5244282D31290014
:1040C0007373697A65203E3D2046465F4D494E5FD9
:1040D0005353202626207373697A65203C3D204681
:1040E000465F4D41585F5353005F6666735B706473
:1040F00072765D2D3E6765745F726561645F73699A
:104100007A652829203C3D205F6666735B70647287
:10411000765D2D3E6765745F65726173655F736977
:104120007A652829005F6666735B706472765D2D20
:104130003E6765745F70726F6772616D5F73697AF5
:10414000652829203C3D205F6666735B706472764B
:104150005D2D3E6765745F65726173655F73697A33
:104160006528290073636F756E74203E3D203634D8
:10417000000000000000000000000000000000003F
:1041800000000000656B04082FEF040835EF0408F9
:104190002FEF04082FEF04083BEF04082FEF04086B
:1041A000FCFFFFFF00000000000000000000000016
:1041B00051690508F54604085546040800FBFFFB55
:1041C000FEECEAF3EFF7F3EDEDEAFB8CF0F4E9EA4D
:1041D00000000000000000007D610508A9610508DD
:1041E000B56D05081D6E0508056705084D670508CE
:1041F000DD6705089F670508E15D0508555C050852
:10420000695D05083D5C050861680508515E0508A3
:104210008F6005085160050829600508C36C050812
:10422000E35F05085F5C0508D96C05087B5C050841
:10423000835E0508F1680508E35E05087F5F0508F1
:10424000155F0508975C05085D5F0508356D050875
:104250003D660508A5640508B9640508CD60050834
:10426000FCFFFFFF00000000A1610508BD6105081B
:104270002E2F6D6265642D6F732F73746F7261677B
:10428000652F66696C6573797374656D2F736F75CF
:104290007263652F4469722E637070005F667300ED
:1042A0000000000000000000A1690508B9690508C8
:1042B000716A050883690508CD690508F96905086B
:1042C000216A0508496A0508616905082E2F6D6293
:1042D00065642D6F732F73746F726167652F6669E4
:1042E0006C6573797374656D2F736F757263652F69
:1042F00046696C652E6370700000000000000000CD
:1043000000000000FD6A0508156B0508296B05080B
:10431000556B0508D16B0508DF6A0508816B050838
:10432000A96B0508FD6B0508256C05084D6C050893
:10433000756C05086F6504087B6504087F650408D3
:10434000856504088B6504088F650408BD6A050847
:1043500000000000000000008D6D0508A16D05083B
:10436000296B0508556B0508D16B0508816E05089A
:10437000816B0508A96B0508FD6B0508256C050810
:104380004D6C0508756C05086F6504087B650408AD
:104390007F650408856504088B6504088F6504083B
:1043A000BD6A05080000000000000000F56D05086A
:1043B000096E0508716A0508976E0508CD6905083C
:1043C000F9690508216A0508496A0508616905084F
:1043D00000000000000000000000000000000000DD
:1043E000B56D05081D6E0508B16C0508B76C0508AC
:1043F000B76C0508BD6C0508B76C0508656B04084B
:10440000656B0408B16C0508656B0408656B0408EE
:10441000656B0408656B0408C36C0508C36C05086C
:10442000656B0408C76C0508D96C0508EB6C0508BA
:10443000216D0508B76C0508B16C0508B76C050857
:10444000276D0508296D05082D6D0508356D0508D2
:10445000FCFFFFFF00000000000000000000000063
:104460000180808080808080048080808080808047
:104470000880808080808080108080808080808024
:1044800020808080808080804000040810204002CE
:10449000040810204000010002000400060008008B
:1044A0000A000C0010002000400080000001000005
:1044B00000000102030401020304060708090000CA
:1044C00001000E0605000E0602000E0600000E0694
:1044D00002000E0600000000000000000020024064
:1044E000C30304000008000000200240C3030000D2
:1044F0000009000000210240C30300000100000089
:1045000000200240C34304000108000000200240D4
:10451000C34300000109000000210240C343000022
:104520000200000000200240C383030002010000DB
:1045300000210240C383030003000000002002406A
:10454000C3C303000301000000210240C3C30300F2
:104550000400000000200240C383040004010000A6
:1045600000210240C3830400050000000020024037
:10457000C3C304000501000000210240C3C30400BE
:104580000600000000200240C3C300000601000036
:1045900000210240C3C300000700000000200240C9
:1045A000C3C301000701000000210240C3C3010092
:1045B0001000000000200240C34302001001000070
:1045C00000210240C343020011000000002002400D
:1045D000C34301001101000000210240C343010058
:1045E0002000000000200240C383020020010000E0
:1045F00000210240C3830200200200000060025834
:10460000C38302002100000000200240C3C3020057
:104610002101000000210240C3C30200210200006A
:1046200000600258C3C302002200000000200240C4
:10463000C30303002201000000210240C303030062
:104640002202000000600258C30303002208000099
:1046500000600258C3030000230000000020024055
:10466000C34303002301000000210240C3430300B1
:104670002308000000600258C3430000240000002B
:1046800000200240C3030100240100000021024079
:10469000C30301002500000000200240C303020004
:1046A0002501000000210240C30302005300000066
:1046B00000600258C343010054000000006002582B
:1046C000C34302005500000000600258C30301000C
:1046D0005600000000600258C303020057000000AB
:1046E00000600258C3C30000580000000060025878
:1046F000C3C301005900000000600258C3830000DA
:104700005A00000000600258C38301005B000000F3
:1047100000200240C38300005C0000000020024033
:10472000C38301005D00000000210240C38300003C
:104730005E00000000210240C383010072000000FF
:1047400000600258C3430300730000000060025879
:10475000C38303007400000000600258C3C3030059
:104760007500000000600258C3030400FFFF000052
:10477000FFFFFFFF00000000F00000000060025893
:10478000C3830400F100000000600258C3C30400AA
:10479000F200000000600258C3430400FFFF000065
:1047A000FFFFFFFF0000000008000000005C004069
:1047B000CA1300001600000000540040CA13000095
:1047C00016010000001C0058CA1B00001800000061
:1047D00000540040CA13000018010000001C0058DB
:1047E000CA1B00001A00000000580040CA13000055
:1047F0003C000000001C0058CA13000051000000DB
:1048000000580040CA1300005E000000001C005861
:10481000CA1300007400000000580040CA130000D2
:1048200077000000005C0040CA1300007B0000001D
:10483000001C0058CA130000FFFF0000FFFFFFFF2D
:10484000000000001700000000540040CA130000E0
:1048500017010000001C0058CA1B000019000000CE
:1048600000540040CA13000019010000001C005849
:10487000CA1B00001B00000000580040CA130000C3
:1048800029000000005C0040CA1300003D00000049
:10489000001C0058CA1300005000000000580040DF
:1048A000CA1300005F000000001C0058CA1300007B
:1048B0007500000000580040CA1300007800000096
:1048C000005C0040CA1300007C000000001C00587F
:1048D000CA130000FFFF0000FFFFFFFF0000000001
:1048E0002900000000500052D22700003B000000C9
:1048F00000500052D2270000580000000050005223
:10490000D22B0000FFFF0000FFFFFFFF00000000B0
:104910002A00000000500052D22700003C00000096
:1049200000500052D22700005900000000500052F1
:10493000D22B0000FFFF0000FFFFFFFF0000000080
:104940004200000000500052D22700005700000033
:1049500000500052D2270000FFFF0000FFFFFFFFC2
:10496000000000000100000000500052D2270000AB
:104970003D00000000500052D22700005600000009
:1049800000500052D2270000FFFF0000FFFFFFFF92
:10499000000000001200000000500052D22700006A
:1049A0005A00000000500052D2270000FFFF000014
:1049B000FFFFFFFF00000000160000000050005243
:1049C000D22B00001A00000000500052D227000035
:1049D0006600000000500052D22B0000FFFF0000D4
:1049E000FFFFFFFF00000000000000000044004047
:1049F000D21F00000B00000000100140D21F000079
:104A00000B010000000C0058D20F00001000000045
:104A1000004C0040D22300001D0000000048004070
:104A2000D21F00001F000000004C0040D2230000F5
:104A30002900000000500040D22300003300000095
:104A400000440040D21F00003B000000004800402E
:104A5000D21F00003E000000007C0040D223000076
:104A60004A00000000780040D21F000059000000FA
:104A700000780040D21F00006D00000000140140CB
:104A8000D21F00006F00000000140140D21F000080
:104A9000FFFF0000FFFFFFFF00000000010000001B
:104AA00000440040D21F00000C0000000010014034
:104AB000D21F00000C010000000C0058D20F0000B3
:104AC0000F000000004C0040D22300001E00000038
:104AD00000480040D21F00001E010000004C0040B2
:104AE000D22300002800000000500040D223000024
:104AF0003400000000440040D21F00003C000000D1
:104B000000480040D21F00003F000000007C004031
:104B1000D22300004900000000780040D21F0000AE
:104B20005800000000780040D21F0000680000001C
:104B300000140140D21F00006C000000001401406E
:104B4000D21F0000FFFF0000FFFFFFFF000000007A
:104B500001000000004C0040D223000003000000D0
:104B600000440040D21F0000080000000078004010
:104B7000D22F00000A00000000100140D21F0000E8
:104B80000A010000000C0058D20F00000B000000CA
:104B9000004C0040D21B00001300000000780040D1
:104BA000D22F00001500000000500040D23B000052
:104BB0001700000000100140D21F00001701000084
:104BC000000C0058D223000018000000004C0040E8
:104BD000D22300001B00000000480040D21F00004C
:104BE0001C00000000500040D23B00001F000000ED
:104BF00000100140D2130000270000000014014003
:104C0000D21F00002B00000000480040D21F00000F
:104C10002B010000004C0040D223000030000000B7
:104C2000004C0040D2230000320000000050004041
:104C3000D22300003600000000440040D21F0000D4
:104C40003900000000480040D21F00004000000072
:104C5000007C0040D22300004700000000780040A4
:104C6000D21F00005600000000780040D21F000054
:104C70006900000000140140D21F00007E00000007
:104C8000004C0040D223000089000000004C00408E
:104C9000D223000099000000007C0040D2230000D5
:104CA000FFFF0000FFFFFFFF00000000000000000A
:104CB000004C0040D22300000200000000440040ED
:104CC000D21F00000900000000100140D21F0000A8
:104CD00009010000000C0058D20F00000C00000079
:104CE000004C0040D21B00000F0000000078004084
:104CF000D22F00001400000000780040D22F0000E6
:104D00001600000000100140D21F00001601000034
:104D100000500040D23B000016020000000C00587A
:104D2000D223000019000000004C0040D2230000F4
:104D30001A00000000480040D21F00001D000000C3
:104D400000500040D23B00001E0000000010014057
:104D5000D21300002600000000140140D21F000002
:104D60002A00000000480040D21F00002A01000075
:104D7000004C0040D22300002C00000000500040F6
:104D8000D223000031000000004C0040D22300007C
:104D90003500000000440040D21F00003800000031
:104DA00000480040D21F000041000000007C00408D
:104DB000D22300004800000000780040D21F00000D
:104DC0005700000000780040D21F00006E00000075
:104DD00000140140D21F00007D000000004C004084
:104DE000D223000098000000007C0040D223000085
:104DF000FFFF0000FFFFFFFF000000000B000000AE
:104E000000000840D22B00000C0000000000084009
:104E1000D22B0000FFFF0000FFFFFFFF000000009B
:104E20000300000000000440D22B00000500000039
:104E300000000440D22B00001000000000000440DD
:104E4000D22B00001100000000000440D22B000013
:104E50001500000000000440D22B00001A000000E2
:104E600000000440D22B00001B00000000000440A2
:104E7000D22B00001C00000000000440D22B0000D8
:104E80001D00000000000440D22B000020000000A4
:104E900000000440D22B0000740000000000044019
:104EA000D22B00008B00000000000440D22B000039
:104EB000FFFF0000FFFFFFFF000000005365745379
:104EC0007973436C6F636B206661696C65640A007B
:104ED000616E616C6F67696E5F696E6974204841CD
:104EE0004C5F52434345785F506572697068434C2C
:104EF0004B436F6E666967002E2F6D6265642D6F80
:104F0000732F746172676574732F5441524745540F
:104F10005F53544D2F5441524745545F53544D33C2
:104F20003248372F616E616C6F67696E5F646576BA
:104F30006963652E63006F626A2D3E68616E646C02
:104F4000652E496E7374616E636520213D20284192
:104F500044435F54797065446566202A294E4300B6
:104F600066756E6374696F6E20213D202875696EC9
:104F70007433325F74294E4300616E616C6F6769F0
:104F80006E5F696E69742048414C5F4144435F49DC
:104F90006E69740048414C5F41444345785F4D75EC
:104FA0006C74694D6F6465436F6E666967436861D1
:104FB0006E6E656C2048414C5F4144435F496E69A9
:104FC000740048414C5F4144435F436F6E666967BC
:104FD0004368616E6E656C20697373756500484146
:104FE0004C5F4144435F53746172742069737375FD
:104FF000650048414C5F4144435F53746F702069C2
:1050000073737565004932433132333A20496E7605
:10501000616C696420636C6F636B20736F7572637E
:105020006500493243343A20496E76616C696420E8
:10503000636C6F636B20736F7572636500493243F5
:105040003A20756E6B6E6F776E20696E7374616E49
:105050006365002E2F6D6265642D6F732F7461720E
:10506000676574732F5441524745545F53544D2F15
:105070005441524745545F53544D333248372F7390
:10508000657269616C5F6465766963652E6300753E
:105090006172745F72747320213D2028554152540F
:1050A0004E616D65294E4300756172745F63747360
:1050B00020213D2028554152544E616D65294E43B3
:1050C000002E2F6D6265642D6F732F74617267659A
:1050D00074732F5441524745545F53544D2F5553C9
:1050E000425068795F53544D33322E6370700068BC
:1050F0007063642E494E5F65705B305D2E6D617824
:105100007061636B6574203E3D2073697A6500723F
:105110006574203D3D2048414C5F4F4B00726574E3
:1051200020213D2048414C5F42555359006C656E2B
:10513000203E3D206D61785F7061636B6574000097
:105140000002000000020000000200000002000057
:1051500000020000FF03000000000000000000004B
:10516000CF0A0608070B0608050E0608C10D06083B
:10517000D10A0608F90C0608250D0608CD0A06080E
:10518000CD0A0608D50A0608DB0A0608FD0B060844
:10519000CD0A0608E10A0608E90A0608170B060800
:1051A0001D0C06083B0B06088D0B0608ED0A0608C9
:1051B00045100608BD0B0608790C06089D0C06086C
:1051C000550C0608470B0608C10C0608DD0B06083F
:1051D000590D060800100000310000003C000000DE
:1051E0003C0000003F0000003F0000003F000000C6
:1051F0003F00000000000000000000000000000070
:10520000000000000000000000000000000000009E
:10521000000000000000000050696E6D61702065A4
:1052200072726F723A2077726F6E6720706F72744D
:10523000206E756D6265722E002E2F6D6265642D75
:105240006F732F746172676574732F5441524745B1
:10525000545F53544D2F6770696F5F6170692E639F
:105260000070696E20213D202850696E4E616D6589
:10527000294E43002E2F6D6265642D6F732F74616C
:1052800072676574732F5441524745545F53544DB0
:105290002F6932635F6170692E630028687A203D50
:1052A0003D2031303030303029207C7C2028687A15
:1052B000203D3D2034303030303029207C7C202887
:1052C000687A203D3D203130303030303029006860
:1052D000616E646C652D3E496E69742E54696D690A
:1052E0006E6720213D2030006F626A5F732D3E693A
:1052F000326320213D20284932434E616D65294E9D
:1053000043000000A086010080380100C0D40100E5
:10531000000000007A0D0000FA0000005C1200009E
:10532000A00F000080020000140000000000000038
:10533000801A060000E2040000530700000000008D
:1053400084030000640000001405000058020000FF
:10535000FA000000640000000000000040420F005E
:1053600000350C00804F120000000000C201000058
:1053700032000000F4010000040100003C000000C5
:10538000640000000000000048414C5F5243435F4E
:105390004F7363436F6E666967204552524F520ADE
:1053A0000048414C5F52434345785F5065726970D5
:1053B00068434C4B436F6E666967204552524F52AB
:1053C0000A0048414C5F4C5054494D5F496E697426
:1053D000204552524F520A00008000001000000089
:1053E000007D0000100000002E2F6D6265642D6F9F
:1053F000732F746172676574732F5441524745541B
:105400005F53544D2F70696E6D61702E6300000004
:105410000000000000000001010000000000000288
:10542000220000000000000423000000000000082B
:10543000FFFF00000000000001000000020000006B
:105440000400000008000000100000002000000020
:105450004000000080000000000100000002000089
:105460000004000000080000001000000020000000
:105470000040000000800000436F6D6D616E64208D
:10548000706172616D206572726F723A2077726F0F
:105490006E6720616464726573732073697A650A4C
:1054A00000496E76616C696420616C742062797465
:1054B00065732073697A650043616E6E6F7420694D
:1054C0006E697469616C697A65205254432077690A
:1054D0007468204C53450A00506572697068436CCB
:1054E0006B496E697453747275637420525443200F
:1054F0006661696C65642077697468204C53450A5D
:105500000043616E6E6F7420696E697469616C69C5
:105510007A65205254432077697468204C53490AB5
:1055200000506572697068436C6B496E697453749E
:105530007275637420525443206661696C656420FF
:1055400077697468204C53490A0052544320696EAD
:10555000697469616C697A6174696F6E20666169EA
:105560006C65640A00456E61626C654279706173B6
:1055700073536861646F77206572726F720A0048B6
:10558000414C5F5254435F536574446174652065B8
:1055900072726F720A0048414C5F5254435F536508
:1055A0007454696D65206572726F720A0043616E92
:1055B0006E6F7420696E697469616C697A652055D3
:1055C0004152542077697468206261756420726169
:1055D00074652025750A00506172697479206973B9
:1055E000206E6F7420737570706F727465642077AD
:1055F00069746820392D6269742064617461206661
:105600006F726D6174004F6E6C7920372C203820DA
:105610006F7220392D626974206461746120666F35
:10562000726D6174732061726520737570706F7232
:10563000746564004572726F723A206E65772073EC
:10564000657269616C206F626A656374206973209A
:105650007573696E672073616D65205541525420E2
:10566000617320535444494F002E2F6D6265642DA1
:105670006F732F746172676574732F54415247457D
:10568000545F53544D2F73657269616C5F6170692B
:105690002E63006F626A5F732D3E75617274202104
:1056A0003D2028554152544E616D65294E43006F8F
:1056B000626A5F732D3E696E646578203E3D2030DE
:1056C00000466F7263654F73634F75746F66446510
:1056D0006570536C65657020636C6F636B206973D4
:1056E0007375650D0A00466F726365506572697067
:1056F000684F75746F6644656570536C656570209E
:10570000636C6F636B2069737375650D0A00524E8D
:105710004720636C6F636B20636F6E666967757299
:105720006174696F6E206572726F720A0074726EB6
:10573000675F696E69743A2048414C5F524E475F1B
:10574000496E69740A00000040420F00200000000A
:10575000000000007374643A3A6261645F657863C4
:10576000657074696F6E0000B85807088C57070899
:10577000B8580708AC57070844580708D057070817
:1057800084570708B8580708E45707084E31305FB8
:105790005F637878616269763131355F5F666F7219
:1057A0006365645F756E77696E6445004E31305F86
:1057B0005F637878616269763131395F5F666F72F5
:1057C0006569676E5F657863657074696F6E4500C3
:1057D000537431336261645F657863657074696FB7
:1057E0006E000000537439657863657074696F6E7C
:1057F000000000000000000078570708C54A0608AE
:10580000D14A0608C94A0608445807081458070828
:10581000805807084E31305F5F637878616269763F
:105820003132305F5F73695F636C6173735F74798A
:1058300070655F696E666F45000000000000000043
:10584000085807084D4C0608614C0608694D0608C3
:10585000694D0608694E0608994D0608394D060837
:10586000B94C06087D4C0608B85807087058070858
:10587000537439747970655F696E666F000000005B
:10588000445807088C580708685807084E31305F9D
:105890005F637878616269763131375F5F636C612D
:1058A00073735F747970655F696E666F45000000A1
:1058B0000000000080580708DD4D0608F14D06087D
:1058C000694D0608694D0608694E0608994D060897
:1058D000514E06080D4E0608D14D06080020202026
:1058E0002020202020202828282828202020202090
:1058F0002020202020202020202020202088101060
:1059000010101010101010101010101010040404BB
:105910000404040404040410101010101010414179
:105920004141414101010101010101010101010167
:10593000010101010101010110101010101042427B
:105940004242424202020202020202020202020237
:1059500002020202020202021010101020000000D7
:105960000000000000000000000000000000000037
:105970000000000000000000000000000000000027
:105980000000000000000000000000000000000017
:105990000000000000000000000000000000000007
:1059A00000000000000000000000000000000000F7
:1059B00000000000000000000000000000000000E7
:1059C00000000000000000000000000000000000D7
:1059D00000000000000000000000000000000000C7
:1059E000B80E002443000000504F534958000000F7
:1059F0002E0000001F0000001C0000001F0000001F
:105A00001E0000001F0000001E0000001F0000001C
:105A10001F0000001E0000001F0000001E0000000C
:105A20001F0000001F0000001D0000001F000000FC
:105A30001E0000001F0000001E0000001F000000EC
:105A40001F0000001E0000001F0000001E000000DC
:105A50001F0000000A000000494E4600696E660003
:105A60004E414E006E616E00303132333435363780
:105A7000383941424344454600000000303132335A
:105A8000343536373839616263646566000000007A
:105A9000286E756C6C29000030000000202020204A
:105AA00020202020202020202020202030303030B6
:105AB000303030303030303030303030545A0000F8
:105AC000474D54002531305B5E302D392C2B2D5D38
:105AD000256E0000256875256E3A256875256E3A95
:105AE000256875256E0000004D256875256E2E25EC
:105AF0006875256E2E256875256E00002F25687542
:105B0000256E3A256875256E3A256875256E000064
:105B10002020202020202020202020202020202085
:105B20003030303030303030303030303030303075
:105B3000496E66696E697479000000004E614E001E
:105B40000080E03779C34143176E05B5B5B8934679
:105B5000F5F93FE9034F384D321D30F94877825A45
:105B60003CBF737FDD4F1575000000000000F03F63
:105B70000000000000002440000000000000594028
:105B80000000000000408F40000000000088C3407B
:105B900000000000006AF8400000000080842E41F0
:105BA00000000000D01263410000000084D797413C
:105BB0000000000065CDCD41000000205FA0024242
:105BC000000000E876483742000000A2941A6D42B7
:105BD000000040E59C30A2420000901EC4BCD642AA
:105BE00000003426F56B0C430080E03779C3414355
:105BF00000A0D8855734764300C84E676DC1AB43CB
:105C0000003D9160E458E143408CB5781DAF1544E8
:105C100050EFE2D6E41A4B4492D54D06CFF08044C3
:105C2000F64AE1C7022DB544B49DD9794378EA44D8
:105C300005000000190000007D0000000A000100BE
:105C40000200030004000500060007000800090028
:105C50000A000B000C000D000E000F0010000000E9
:045C60000000000040
:105C6400C9020181B0B0A98300000000C9160181F6
:105C7400B0B0AB8200000000CEB20181AF86C90192
:105C840000000000C90C0181B0B0AF820000000028
:105C940086B20181AF80C90100000000A5E3FE7F48
:105CA400B0A90600FFFF013B0A0400001204A2038E
:105CB40000266200008C0104AC0300AA01820100EA
:105CC40000B20204B60300BA020CAE0300DA020406
:105CD4000000E40204C00300EC020CBE03008803CD
:105CE400240000005DE3FE7F0591B201B0AA82C9E1
:105CF400FFFF01AB02101800002A04AA13003A04A3
:105D040000004C1AAA13006C04CE1200800134AABD
:105D14001300B80104D81200CA0104E61200D40129
:105D240004E80100E20104F00100F80104DA1200C1
:105D34009A0204AA1300A60204F21200B00204C4D8
:105D44000200BE0204C60200CE0204F01200F602F3
:105D540004AA1300800304F41200900310AA130091
:105D6400A60304F61200B60310AA1300CC0304F829
:105D74001200DC0304AA1300E80304FC1200F2037B
:105D840004860400800404880400900404FA1200C9
:105D9400A80410AA1300BE0404FE1200D2042EAA02
:105DA4001300860504801300A60504AA1300B00599
:105DB40004821300C60604861300D00604E4060019
:105DC400DE0604E60600EE06048413008C072AAA05
:105DD4001300BA07148A1300E4070E8813008A0814
:105DE40004AA1300960804901300A00804B4080041
:105DF400AE0804B60800BE08048E1300E4083CAAEA
:105E04001300A20924A81300E00912A61300F8093C
:105E140004921300940AB808AA1300EC12040000B8
:105E240021E2FE7FB0B0A800FFFF010015E2FE7F73
:105E3400A908B100FFFF010C080800001A042200A1
:105E44002A040000FDE1FE7FB0B0A800FFFF0100BE
:105E540008B10181B0B0008400000000E5E1FE7FDC
:105E6400B0AC0700FFFF01270E0800002004BC01AE
:105E7400002A0A00004C04AE01005604AC0100687C
:105E8400048E0100880104C00100A8010400000080
:105E940008B10181B0B000840000000008B10181A4
:105EA400B0B000840000000008B10181B0B00084EB
:105EB400000000008DE1FE7FB0A90600FFFF01098C
:105EC40032048A01004E46000000000008B101813E
:105ED400B0B000840000000069E1FE7FB0B0A8000B
:105EE400FFFF01005DE1FE7FB0B0A800FFFF0100ED
:105EF40051E1FE7F843F0201B0B0B000FFFF010C0E
:105F04000A040000220432003804000035E1FE7F58
:105F1400A908B100FFFF010008B10181B0B00084FD
:105F24000000000008B10181B0B00084000000004E
:105F340011E1FE7FB0AA0500FFFF01161614000050
:105F440036048C01005004000074049801007C1C89
:105F54000000000008B10181B0B00084000000001E
:105F640008B10181B0B0008400000000D5E0FE7FDC
:105F7400B0B0A800FFFF0100C9E0FE7FB0A8030095
:105F8400FFFF010C040C0000141436003C04000054
:105F9400B1E0FE7F8408B101B0B0B000FFFF01089A
:105FA4001E0436003C04000099E0FE7FB0B0A80057
:105FB400FFFF01008DE0FE7FB0B0AC00FFFF0114D5
:105FC4001E04000024045A002E045800360A42001D
:105FD400540400006DE0FE7FB0A80900FFFF010C2F
:105FE400060A00001C163C004204000055E0FE7F37
:105FF400B0AA0D00FFFF010C0A0A00002A16420095
:10600400480400003DE0FE7FB0AD1000FFFF010C2E
:106014000E1A000042165A006004000008B1018103
:10602400B0B000840000000019E0FE7FB0AB0A00AD
:10603400FFFF0121060A0000280492010032040037
:10604400005A049C0100640400008C01049E0100B9
:10605400980120000000000008B10181B0B0008464
:106064000000000008B10181B0B00084000000000D
:10607400D1DFFE7FB0AD0200FFFF01140C20000051
:106084003004C201009E0104A40100BE010400000A
:1060940008B10181B0B0008400000000A5DFFE7FDC
:1060A400B0AC0700FFFF0129081000002E28E6010C
:1060B40000600400007C04D20100860104D00100C9
:1060C400980104B20100AC0104EE0100CC011400FB
:1060D4000000000008B10181B0B00084000000009D
:1060E40008B10181B0B000840000000008B1018152
:1060F400B0B000840000000008B10181B0B0008499
:106104000000000008B10181B0B00084000000006C
:1061140031DFFE7FB0B0AA00FFFF010C0A040000CB
:10612400101426002C04000008B10181B0B00084D2
:10613400000000000DDFFE7FB0B0AA00FFFF010CDD
:106144000438000042047E006E1C0000F5DEFE7F71
:10615400B0B0AC00FFFF010C082600003C047E0038
:10616400503A0000DDDEFE7FB0A90800FFFF010CFD
:10617400082800003E0400005A100000C5DEFE7F1F
:10618400B0AC0100FFFF010C0824000040047200C1
:106194007A04000008B10181B0B00084000000005E
:1061A400A1DEFE7FB0AF1800FF1019011124A6076D
:1061B4000000EE0704D80901BA08A8010000010094
:1061C400000000007DDEFE7FB0AF0400FF101D0163
:1061D40012200436012A042E017646BC0100C401B3
:1061E40004000001000000000000000055DEFE7FF6
:1061F400A908B100FFFF010049DEFE7F8408B10158
:10620400B0B0B000FF1019010C020608010C041014
:10621400051C0A000001007F00007D000000000052
:106224000000000008B10181B0B00084000000004B
:1062340008B10181B0B000840000000008B1018100
:10624400B0B000840000000008B10181B0B0008447
:046254000000000046
:1062580080A0FC7F0100000068A6FC7F00FAFF7F99
:1062680008A9FC7FB0A80B80D0A9FC7FFCF9FF7FB0
:10627800A4AEFC7FA908B18014AFFC7FAA80C980B6
:1062880070AFFC7FB0A80580B0AFFC7FAD08B180CF
:10629800FCAFFC7FA908B1800EB0FC7F01000000B4
:1062A8003CB0FC7FB0AF208040B1FC7FB0AF1A801B
:1062B80028B2FC7FC0F9FF7FA4BCFC7F010000006E
:1062C800E8BDFC7FB0B0A88034BEFC7FB0AC3B809A
:1062D800CCBFFC7FB0B0AC8048C1FC7FA4F9FF7F85
:1062E80028C7FC7FA8F9FF7FD8CAFC7F01000000FF
:1062F8005CCBFC7FB0AF2880ACCDFC7FB0AA01801E
:1063080028CFFC7FB0A9028008D1FC7F8CF9FF7FE1
:1063180020D3FC7FCCF9FF7FD4DCFC7F0100000098
:1063280038DFFC7FB0FD848090DFFC7FB0B0AC80AC
:10633800F0DFFC7FB0AD028074E0FC7FB0AF02807C
:1063480094E1FC7FA908B180C0E1FC7FD0FAFF7F0F
:10635800DCE1FC7F01000000E8E1FC7FA908B180D6
:106368004CE2FC7FB0FD8480A4E2FC7FB0B0A88042
:10637800D8E2FC7F0100000046E3FC7FACFAFF7F17
:106388006CE3FC7F01000000A2E3FC7FA908B18058
:10639800B8E3FC7F00840280D6E3FC7FB0B0A8801D
:1063A80066E4FC7FAA3F0180C2E4FC7FB0AA3F807C
:1063B80092E5FC7F01000000F2E5FC7F84FAFF7F94
:1063C800F6E5FC7F010000000AE6FC7F80FAFF7F0B
:1063D80010E6FC7F0100000058E6FC7F7CFAFF7F96
:1063E80024E7FC7FA8FAFF7F24E7FC7FACFAFF7F55
:1063F80024E7FC7F010000005CE7FC7FB0B0AA80C6
:1064080090E7FC7F010000000CE8FC7FA908B18040
:1064180062E8FC7FB0B0A8807CE8FC7FB0B0AA80BE
:106428009CE8FC7F010000009AE8FC7FB0B0A880DF
:10643800B4E8FC7FA908B18018E9FC7F68FAFF7FFF
:1064480040E9FC7FB0B0A8807AE9FC7F0100000039
:1064580096E9FC7FB0AE0380E4E9FC7F0100000010
:10646800E0E9FC7F4CFAFF7F90EAFC7F0100000026
:10647800CCEAFC7FB0B0A880F0EAFC7F4CFAFF7F42
:106488001CEBFC7F50FAFF7F20EBFC7F54FAFF7F68
:1064980038EBFC7F58FAFF7F6CEBFC7FB0B0AA802A
:1064A800F8EBFC7F0100000004ECFC7F5CFAFF7F46
:1064B80020ECFC7F010000005AECFC7FB0B0AA8001
:1064C8009EECFC7FB0B0A880AEECFC7F0100000021
:1064D800DCECFC7FB0A8018040EDFC7F38FAFF7F40
:1064E80064EDFC7FB0B0AA8078EDFC7FB0B0B080DE
:1064F80078EDFC7FB0A80180B4EDFC7FB0B0AC8033
:10650800E6EDFC7FB0B0B080E4EDFC7FB0B0AA80CF
:106518002CEEFC7FA93F02809CEEFC7FA908B1808D
:10652800B0EEFC7FB0B0B080B0EEFC7FB0B0A88019
:10653800D0EEFC7FA908B180F6EEFC7FB0B0B08049
:10654800F4EEFC7FB0B0A88028EFFC7FA908B180EA
:1065580064EFFC7FB0B0B08064EFFC7FB0B0A8807F
:10656800B0EFFC7F01000000E0EFFC7FB4F9FF7F93
:10657800E4EFFC7F010000002CF0FC7FB0F9FF7F06
:10658800C8F0FC7FCCF9FF7FC8F0FC7FD0F9FF7F13
:10659800C8F0FC7F0100000098F1FC7FB0B0A88033
:1065A800A6F1FC7FA908B180B8F1FC7F01000000CA
:1065B800B8F1FC7FB4F9FF7FCCF1FC7F010000004B
:1065C800DAF1FC7FB0AB028012F2FC7FB0B0AA8097
:1065D80066F2FC7FAB08B18088F2FC7FB0AA058028
:1065E80010F3FC7F0100000034F3FC7FA908B180A0
:1065F80068F3FC7F010000008CF3FC7FB0B0A8803A
:10660800A8F3FC7FB0AC038020F4FC7FB0AA018023
:1066180044F4FC7FB0B0A8807AF4FC7F58F9FF7F7F
:10662800B2F4FC7FB0B0A880BCF4FC7F60F9FF7FB7
:1066380004F5FC7FB0B0A8802CF5FC7F01000000B9
:10664800B4F6FC7F60F9FF7FDCF6FC7F01000000F8
:1066580068F7FC7FA908B180E8F7FC7FB0AC01803F
:106668006AF8FC7FB0B0A880A4F8FC7FB0B0AA801C
:10667800F4F8FC7F3CF9FF7F54F9FC7FB0B0AA80A6
:10668800F4F9FC7FB0B0A88000FAFC7FA908B180BB
:1066980014FAFC7FAB08B1807CFAFC7F34F9FF7FE9
:1066A800C4FAFC7F44F9FF7F20FBFC7FB0B0A880D0
:1066B80048FBFC7FAD08B180A2FBFC7FB0AB048037
:1066C800E8FBFC7F3CF9FF7F60FCFC7FB0B0A88052
:1066D80082FCFC7F01000000CAFCFC7FB0A902809C
:1066E80020FDFC7F0100000040FDFC7F2CF9FF7FAE
:1066F80044FDFC7F010000008CFDFC7F28F9FF7F32
:1067080050FEFC7F50F9FF7F50FEFC7F54F9FF7F5D
:1067180050FEFC7F010000007AFEFC7FB0B0B08024
:1067280078FEFC7F0100000078FEFC7FB0B0A880F6
:1067380080FEFC7FB0B0B08080FEFC7FA908B180ED
:10674800B8FEFC7F00840280D0FEFC7FB0B0B08031
:10675800D0FEFC7F00840280EAFEFC7FB0B0B080EF
:10676800EAFEFC7FAD08B1801CFFFC7F0100000041
:1067780048FFFC7FA908B1806AFFFC7F0100000088
:10678800ECFFFC7FE8F8FF7FB400FD7FA908B1802B
:10679800C600FD7F01000000D000FD7FB0B0A880DA
:1067A800F800FD7FAB08B1802001FD7F01000000EB
:1067B8006601FD7FD8F8FF7F6C01FD7F01000000B6
:1067C800B401FD7FD4F8FF7FB002FD7FB0B0B08088
:1067D800B002FD7F01000000AC02FD7FF4F8FF7FEE
:1067E800AC02FD7FF8F8FF7FAC02FD7FFCF8FF7F6D
:1067F800AC02FD7F010000000C03FD7FB0A80780FC
:106808005C03FD7FF0F8FF7F5A03FD7FB0AF048083
:10681800BC04FD7F010000001C05FD7FB0B0AC800A
:106828004005FD7F010000006805FD7FD4F8FF7F6B
:106838006805FD7F010000007405FD7FA908B1808F
:106848009405FD7FB0AA0980C605FD7FB0B0AC8075
:106858000206FD7F01000000FE05FD7FA908B1804A
:106868000A06FD7F010000002406FD7FB0AF1280FC
:106878001807FD7F010000003007FD7FAA82C9804C
:106888004808FD7F010000004408FD7FB0B0A880E3
:106898006808FD7F78F8FF7F9808FD7F01000000F9
:1068A8006409FD7FB0A809808009FD7F0100000010
:1068B800FC0BFD7FB0B0A8802C0CFD7FB0B0AA8087
:1068C8004C0CFD7FB0B0A880600CFD7F010000007B
:1068D800700CFD7F00840280A40CFD7F0100000085
:1068E800A00CFD7F40F8FF7FB40CFD7F0100000085
:1068F800F00CFD7F3CF8FF7F840DFD7FB0B0AA80CF
:106908009C0DFD7F44F8FF7F280EFD7F54F8FF7F24
:10691800940EFD7F64F8FF7F180FFD7FB0A90880F3
:106928006C0FFD7F0100000088D5FE7FAB08B180A9
:1069380040D6FE7F5CF8FF7F70D6FE7FAB08B18043
:10694800FCD6FE7F58F8FF7FD8DBFE7F01000000F1
:106958002CDCFE7F6CF8FF7F00DDFE7F8CF8FF7F6C
:1069680078DDFE7F0100000008DEFE7F88F8FF7FEB
:1069780028DEFE7F0100000034DEFE7FA4F8FF7FE2
:1069880034DEFE7FA8F8FF7F40DEFE7F01000000B6
:1069980064DEFE7FB0AB02800CDFFE7F01000000EA
:1069A800D8DFFE7FB0B0A88014E0FE7F01000000B1
:1069B80064E0FE7FAB08B18094E0FE7FB0B0A880B1
:1069C800FCE0FE7F0100000068E3FE7FB0B0AC8011
:1069D8008CE3FE7F01000000B8E3FE7FB0AA0380CD
:1069E800E8E3FE7F01000000F8EAFE7FB0A902801C
:1069F80094EBFE7FB0B0A880E4EBFE7F01000000BE
:106A0800F0EBFE7FB0B0AA8028ECFE7FAE71B280BA
:106A1800E8ECFE7F01000000E4ECFE7FAB3F38802D
:106A28003CEDFE7F0100000048EDFE7FB0B0AA807B
:106A380084EDFE7F0100000028EEFE7FAB0EB280E1
:106A480090EEFE7FB0AF08805CF1FE7F0100000091
:106A580060F1FE7FAC3F0380D8F3FE7F01000000A9
:106A6800B4F5FE7F00840480C8F5FE7F01000000B5
:106A7800C4F5FE7FB0AD048080F8FE7FB0A8038027
:106A8800A0F8FE7FB4F7FF7FA4F8FE7FB8F7FF7F7A
:086A9800B0F8FE7F01000000D0
:106AA00000000000FFFFFFFFFFFFFFFF003C1C4650
:106AB00000F00108000800000000000001080000CC
:106AC0000000000022080000000000002308000071
:106AD000000000002201000000000000230100006F
:106AE000000000000400000000000000060000009C
:106AF000000000007F000000000000000000000017
:106B000000000000A10000000000000000000000E4
:106B1000000000009B0000000000000000000000DA
:106B200000000000670000000000000000000000FE
:106B3000000000002700000000000000000000002E
:106B4000000000002600000000000000000000001F
:106B5000000000000800000000000000000000002D
:106B600000000000800000000000000000000000A5
:106B700000000000230000000000000000000000F2
:106B80000000000081000000000000000000000084
:106B900000000000220000000000000000000000D3
:106BA000000000007800000000000000000000006D
:106BB000000000007700000000000000000000005E
:106BC000000000000A0000000000000000000000BB
:106BD00000000000090000000000000000000000AC
:106BE000000000000008000000000000000000009D
:106BF000000000000108000000000000000000008C
:106C0000000000002208000000000000000000005A
:106C10000000000023080000000000000000000049
:106C20000000000022010000000000000000000041
:106C30000000000023010000000000000000000030
:106C40000000000004000000000000000000000040
:106C5000000000000600000000000000000000002E
:106C600000000000A500000000000000000000007F
:106C700000000000A600000000000000000000006E
:106C800000000000A700000000000000000000005D
:106C900000000000000000000000000000000000F4
:106CA00000000000010000000000000000000000E3
:106CB00000000000020000000000000000000000D2
:106CC00000000000030000000000000000000000C1
:106CD00000000000040000000000000000000000B0
:106CE000000000000500000000000000000000009F
:106CF000000000000600000000000000000000008E
:106D0000000000000700000000000000000000007C
:106D1000000000000800000000000000000000006B
:106D2000000000000900000000000000000000005A
:106D3000000000000A000000000000000000000049
:106D4000000000000B000000000000000000000038
:106D5000000000000C000000000000000000000027
:106D6000000000000D000000000000000000000016
:106D7000000000000E000000000000000000000005
:106D8000000000000F0000000000000000000000F4
:106D900000000000100000000000000000000000E3
:106DA00000000000110000000000000000000000D2
:106DB00000000000120000000000000000000000C1
:106DC00000000000130000000000000000000000B0
:106DD000000000001400000000000000000000009F
:106DE000000000001500000000000000000000008E
:106DF000000000001600000000000000000000007D
:106E0000000000001700000000000000000000006B
:106E1000000000001800000000000000000000005A
:106E20000000000019000000000000000000000049
:106E3000000000001A000000000000000000000038
:106E4000000000001B000000000000000000000027
:106E5000000000001C000000000000000000000016
:106E6000000000001D000000000000000000000005
:106E7000000000001E0000000000000000000000F4
:106E8000000000001F0000000000000000000000E3
:106E900000000000200000000000000000000000D2
:106EA00000000000210000000000000000000000C1
:106EB00000000000220000000000000000000000B0
:106EC000000000002300000000000000000000009F
:106ED000000000002400000000000000000000008E
:106EE000000000002500000000000000000000007D
:106EF000000000002600000000000000000000006C
:106F0000000000002700000000000000000000005A
:106F10000000000028000000000000000000000049
:106F20000000000029000000000000000000000038
:106F3000000000002A000000000000000000000027
:106F4000000000002B000000000000000000000016
:106F5000000000002C000000000000000000000005
:106F6000000000002D0000000000000000000000F4
:106F7000000000002E0000000000000000000000E3
:106F8000000000002F0000000000000000000000D2
:106F900000000000300000000000000000000000C1
:106FA00000000000310000000000000000000000B0
:106FB000000000003200000000000000000000009F
:106FC000000000003300000000000000000000008E
:106FD000000000003400000000000000000000007D
:106FE000000000003500000000000000000000006C
:106FF000000000003600000000000000000000005B
:107000000000000037000000000000000000000049
:107010000000000038000000000000000000000038
:107020000000000039000000000000000000000027
:10703000000000003A000000000000000000000016
:10704000000000003B000000000000000000000005
:10705000000000003C0000000000000000000000F4
:10706000000000003D0000000000000000000000E3
:10707000000000003E0000000000000000000000D2
:10708000000000003F0000000000000000000000C1
:1070900000000000400000000000000000000000B0
:1070A000000000004100000000000000000000009F
:1070B000000000004200000000000000000000008E
:1070C000000000004300000000000000000000007D
:1070D000000000004400000000000000000000006C
:1070E000000000004500000000000000000000005B
:1070F000000000004600000000000000000000004A
:107100000000000047000000000000000000000038
:107110000000000048000000000000000000000027
:107120000000000049000000000000000000000016
:10713000000000004A000000000000000000000005
:10714000000000004B0000000000000000000000F4
:10715000000000004C0000000000000000000000E3
:10716000000000004D0000000000000000000000D2
:10717000000000004E0000000000000000000000C1
:10718000000000004F0000000000000000000000B0
:10719000000000005000000000000000000000009F
:1071A000000000005100000000000000000000008E
:1071B000000000005200000000000000000000007D
:1071C000000000005300000000000000000000006C
:1071D000000000005400000000000000000000005B
:1071E000000000005500000000000000000000004A
:1071F0000000000056000000000000000000000039
:107200000000000057000000000000000000000027
:107210000000000058000000000000000000000016
:107220000000000059000000000000000000000005
:10723000000000005A0000000000000000000000F4
:10724000000000005B0000000000000000000000E3
:10725000000000005C0000000000000000000000D2
:10726000000000005D0000000000000000000000C1
:10727000000000005E0000000000000000000000B0
:10728000000000005F00000000000000000000009F
:10729000000000006000000000000000000000008E
:1072A000000000006100000000000000000000007D
:1072B000000000006200000000000000000000006C
:1072C000000000006300000000000000000000005B
:1072D000000000006400000000000000000000004A
:1072E0000000000065000000000000000000000039
:1072F0000000000066000000000000000000000028
:107300000000000067000000000000000000000016
:107310000000000068000000000000000000000005
:1073200000000000690000000000000000000000F4
:10733000000000006A0000000000000000000000E3
:10734000000000006B0000000000000000000000D2
:10735000000000006C0000000000000000000000C1
:10736000000000006D0000000000000000000000B0
:10737000000000006E00000000000000000000009F
:10738000000000006F00000000000000000000008E
:10739000000000007000000000000000000000007D
:1073A000000000007100000000000000000000006C
:1073B000000000007200000000000000000000005B
:1073C000000000007300000000000000000000004A
:1073D0000000000074000000000000000000000039
:1073E0000000000075000000000000000000000028
:1073F0000000000076000000000000000000000017
:107400000000000077000000000000000000000005
:1074100000000000780000000000000000000000F4
:1074200000000000790000000000000000000000E3
:10743000000000007A0000000000000000000000D2
:10744000000000007B0000000000000000000000C1
:10745000000000007C0000000000000000000000B0
:10746000000000007D00000000000000000000009F
:10747000000000007E00000000000000000000008E
:10748000000000007F00000000000000000000007D
:10749000000000008000000000000000000000006C
:1074A000000000008100000000000000000000005B
:1074B000000000008200000000000000000000004A
:1074C0000000000083000000000000000000000039
:1074D0000000000084000000000000000000000028
:1074E0000000000085000000000000000000000017
:1074F0000000000086000000000000000000000006
:1075000000000000870000000000000000000000F4
:1075100000000000880000000000000000000000E3
:1075200000000000890000000000000000000000D2
:10753000000000008A0000000000000000000000C1
:10754000000000008B0000000000000000000000B0
:10755000000000008C00000000000000000000009F
:10756000000000008D00000000000000000000008E
:10757000000000008E00000000000000000000007D
:10758000000000008F00000000000000000000006C
:10759000000000009000000000000000000000005B
:1075A000000000009100000000000000000000004A
:1075B0000000000092000000000000000000000039
:1075C0000000000093000000000000000000000028
:1075D0000000000094000000000000000000000017
:1075E0000000000095000000000000000000000006
:1075F00000000000960000000000000000000000F5
:1076000000000000970000000000000000000000E3
:1076100000000000980000000000000000000000D2
:1076200000000000990000000000000000000000C1
:10763000000000009A0000000000000000000000B0
:10764000000000009B00000000000000000000009F
:10765000000000009C00000000000000000000008E
:10766000000000009D00000000000000000000007D
:10767000000000009E00000000000000000000006C
:10768000000000009F00000000000000000000005B
:1076900000000000A000000000000000000000004A
:1076A00000000000A1000000000000000000000039
:1076B00000000000A2000000000000000000000028
:1076C00000000000A3000000000000000000000017
:1076D00000000000A4000000000000000000000006
:1076E00000000000A50000000000000000000000F5
:1076F00000000000A60000000000000000000000E4
:1077000000000000A70000000000000000000000D2
:1077100000000000010000000A000000680E0708D9
:10772000D3B3FB02000000000000000000000000D6
:107730000000000000000000000000000000000049
:107740000000000000000000000000000000000039
:107750000000000000000000000000000000000029
:107760000000000000000000000000000000000019
:107770000000000000000000000000000000000009
:1077800000000000000000000000000000000000F9
:1077900000000000000000000000000000000000E9
:1077A00000000000000000000000000000000000D9
:1077B00000000000000000000000000000000000C9
:1077C000E1A0040889AC04082DA8040865AC0408ED
:1077D00041AC040831A80408C3E80408C3E804085D
:1077E0007F00000000000000000000001800000002
:1077F0000000000000040000000000008000000005
:1078000000000000000000000000000059EA040829
:107810000000000000000000000000000000000068
:10782000FFFFFFFFFFFFFFFFFFFFFFFF0000000064
:107830000000000000000000000000000000000048
:107840000000000000000000000000000000000038
:107850000000000000000000000000000000000028
:107860000000000000000000000000000000000018
:107870000000000000000000000000000000000008
:1078800000000000000000000000000000000000F8
:1078900000000000000000000000000000000000E8
:1078A00000000000000000000000000000000000D8
:1078B00000000000000000000000000000000000C8
:1078C00000000000000000000000000000000000B8
:1078D00000000000000000000000000000000000A8
:1078E0000000000000000000000000000000000098
:1078F0000000000000000000000000000000000088
:107900000000000000000000000000000000000077
:107910000000000000000000000000000000000067
:10792000C0160124693106080D320608992F060891
:10793000D530060801000000100000000090D003C0
:107940000090D00301000000E5020508A1470608E9
:10795000B80E00240000000000000000A411002464
:107960000C1200247412002400000000000000002B
:107970000000000000000000000000000000000007
:1079800000000000000000000000000000000000F7
:1079900000000000000000000000000000000000E7
:1079A00000000000000000000000000000000000D7
:1079B00000000000000000000000000000000000C7
:1079C00000000000000000000000000000000000B7
:1079D00000000000000000000000000000000000A7
:1079E0000000000000000000000000000000000097
:1079F0000000000000000000000000000000000087
:107A000001000000000000000E33CDAB34126DE623
:107A1000ECDE05000B00000000000000000000008C
:107A20000000000000000000000000000000000056
:107A30000000000000000000000000000000000046
:107A40000000000000000000000000000000000036
:107A50000000000000000000000000000000000026
:107A60000000000000000000000000000000000016
:107A70000000000000000000000000000000000006
:107A800000000000000000000000000000000000F6
:107A900000000000000000000000000000000000E6
:107AA00000000000000000000000000000000000D6
:107AB00000000000000000000000000000000000C6
:107AC00000000000000000000000000000000000B6
:107AD00000000000000000000000000000000000A6
:107AE0000000000000000000000000000000000096
:107AF0000000000000000000000000000000000086
:107B00000000000000000000000000000000000075
:107B10000000000000000000000000000000000065
:107B20000000000000000000000000000000000055
:107B30000000000000000000000000000000000045
:107B40000000000000000000000000000000000035
:107B50000000000000000000000000000000000025
:107B60000000000000000000000000000000000015
:107B70000000000000000000000000000000000005
:107B800000000000000000000000000000000000F5
:107B900000000000000000000000000000000000E5
:107BA00000000000000000000000000000000000D5
:107BB00000000000000000000000000000000000C5
:107BC00000000000000000000000000000000000B5
:107BD00000000000000000000000000000000000A5
:107BE0000000000000000000000000000000000095
:107BF0000000000000000000000000000000000085
:107C00000000000000000000000000000000000074
:107C10000000000000000000000000000000000064
:107C20000000000000000000000000000000000054
:107C30000000000000000000000000000000000044
:107C40000000000000000000000000000000000034
:107C50000000000000000000000000000000000024
:107C60000000000000000000000000000000000014
:107C70000000000000000000000000000000000004
:107C800000000000000000000000000000000000F4
:107C900000000000000000000000000000000000E4
:107CA00000000000000000000000000000000000D4
:107CB00000000000000000000000000000000000C4
:107CC00000000000000000000000000000000000B4
:107CD00000000000000000000000000000000000A4
:107CE0000000000000000000000000000000000094
:107CF0000000000000000000000000000000000084
:107D00000000000000000000000000000000000073
:107D10000000000000000000000000000000000063
:107D20000000000000000000000000000000000053
:107D30000000000000000000000000000000000043
:107D40000000000000000000000000000000000033
:107D50000000000000000000000000000000000023
:107D60000000000000000000000000000000000013
:107D70000000000000000000000000000000000003
:107D800043000000000000000000000000000000B0
:107D900000000000000000000000000000000000E3
:107DA0004300000000000000000000000000000090
:107DB00000000000000000000000000000000000C3
:107DC0004300000000000000000000000000000070
:107DD00000000000000000000000000000000000A3
:107DE0004300000000000000000000000000000050
:107DF0000000000000000000000000000000000083
:107E0000430000000000000000000000000000002F
:107E10000000000000000000000000000000000062
:107E2000430000000000000000000000000000000F
:107E30000000000000000000000000000000000042
:107E400043000000000000000000000000000000EF
:107E50000000000000000000000000000000000022
:107E6000ADC50608297E060800000000DC5807089A
:107E7000F0590708785A0708785A0708785A070807
:107E8000785A0708785A0708785A0708785A07086E
:107E9000785A0708785A0708FFFFFFFFFFFFFFFF28
:107EA000FFFFFFFFFFFF000001004153434949006E
:107EB00000000000000000000000000000000000C2
:107EC0000000000000000000000041534349490049
:107ED00000000000000000000000000000000000A2
:107EE0000000000000000000000000000000000092
:107EF000000000004C1400244C14002454140024EE
:107F0000541400245C1400245C1400246414002421
:107F1000641400246C1400246C14002474140024D1
:107F2000741400247C1400247C1400248414002481
:107F3000841400248C1400248C1400249414002431
:107F4000941400249C1400249C140024A4140024E1
:107F5000A4140024AC140024AC140024B414002491
:107F6000B4140024BC140024BC140024C414002441
:107F7000C4140024CC140024CC140024D4140024F1
:107F8000D4140024DC140024DC140024E4140024A1
:107F9000E4140024EC140024EC140024F414002451
:107FA000F4140024FC140024FC1400240415002400
:107FB000041500240C1500240C15002414150024AD
:107FC000141500241C1500241C150024241500245D
:107FD000241500242C1500242C150024341500240D
:107FE000341500243C1500243C15002444150024BD
:107FF000441500244C1500244C150024541500246D
:10800000541500245C1500245C150024641500241C
:10801000641500246C1500246C15002474150024CC
:10802000741500247C1500247C150024841500247C
:10803000841500248C1500248C150024941500242C
:10804000941500249C1500249C150024A4150024DC
:10805000A4150024AC150024AC150024B41500248C
:10806000B4150024BC150024BC150024C41500243C
:10807000C4150024CC150024CC150024D4150024EC
:10808000D4150024DC150024DC150024E41500249C
:10809000E4150024EC150024EC150024F41500244C
:1080A000F4150024FC150024FC15002404160024FB
:1080B000041600240C1600240C16002414160024A8
:1080C000141600241C1600241C1600242416002458
:1080D000241600242C1600242C1600243416002408
:1080E000341600243C1600243C16002444160024B8
:1080F000441600244C1600244C1600245416002468
:10810000541600245C1600245C1600246416002417
:10811000641600246C1600246C16002474160024C7
:10812000741600247C1600247C1600248416002477
:10813000841600248C1600248C1600249416002427
:10814000941600249C1600249C160024A4160024D7
:10815000A4160024AC160024AC160024B416002487
:10816000B4160024BC160024BC160024C416002437
:10817000C4160024CC160024CC160024D4160024E7
:10818000D4160024DC160024DC160024E416002497
:10819000E4160024EC160024EC160024F416002447
:1081A000F4160024FC160024FC16002404170024F6
:1081B000041700240C1700240C17002414170024A3
:1081C000141700241C1700241C1700242417002453
:1081D000241700242C1700242C1700243417002403
:1081E000341700243C1700243C17002444170024B3
:1081F000441700244C1700244C1700245417002463
:10820000541700245C1700245C1700246417002412
:10821000641700246C1700246C17002474170024C2
:10822000741700247C1700247C1700248417002472
:10823000841700248C1700248C1700249417002422
:10824000941700249C1700249C170024A4170024D2
:10825000A4170024AC170024AC170024B417002482
:10826000B4170024BC170024BC170024C417002432
:10827000C4170024CC170024CC170024D4170024E2
:10828000D4170024DC170024DC170024E417002492
:10829000E4170024EC170024EC170024F417002442
:1082A000F4170024FC170024FC17002404180024F1
:1082B000041800240C1800240C180024141800249E
:1082C000141800241C1800241C180024241800244E
:1082D000241800242C1800242C18002434180024FE
:1082E000341800243C1800243C18002444180024AE
:1082F00044180024FFFFFFFF00000200C05A0708D7
:10830000C05A070800000000010000000000000043
:108310004A00000000000000000000000000000013
:10832000000000000000000000000000000000004D
:1083300000000000000000004A00000000000000F3
:10834000000000000000000000000000000000002D
:10835000000000000000000000000000000000001D
:108360007074002400000000BD020408D92D040828
:108370001D4B040861560408A56A0408156D04081D
:10838000A9750408FDA1040835A20408FDA304088A
:10839000512B0508254C060899020408000000002E
:04000005080602994E
:00000001FF
