:020000040804EE
:10000000000008241D6E0508696E0508F1BA040891
:10001000F7BA0408FDBA040803BB04080000000096
:100020000000000000000000000000004943040838
:10003000696E050800000000E3430408F343040868
:10004000696E0508696E0508696E0508696E050820
:10005000696E0508696E0508696E0508696E050810
:10006000696E0508696E0508696E0508696E050800
:10007000696E0508696E0508696E0508696E0508F0
:10008000696E0508696E0508696E0508657E0508D4
:10009000757E0508717E0508817E0508696E050874
:1000A000696E0508696E0508696E0508696E0508C0
:1000B000696E0508696E0508696E0508696E0508B0
:1000C000696E0508696E0508696E0508696E0508A0
:1000D000696E0508696E0508696E0508696E050890
:1000E000696E0508696E050800000000696E050864
:1000F000696E0508696E0508696E0508696E050870
:10010000696E0508256B0508696E0508696E0508A6
:10011000696E0508696E0508696E0508696E05084F
:10012000696E0508696E0508696E0508696E05083F
:10013000696E050827720408696E0508696E05086E
:10014000696E0508696E05080000000000000000E7
:10015000696E0508696E0508696E0508696E05080F
:10016000696E0508696E0508696E0508696E0508FF
:10017000696E0508696E0508696E050800000000D3
:10018000696E0508696E0508696E0508696E0508DF
:10019000696E0508696E0508696E0508696E0508CF
:1001A000696E0508696E0508696E0508696E0508BF
:1001B000696E0508696E0508696E0508696E0508AF
:1001C000696E0508696E0508696E0508696E05089F
:1001D000696E0508696E0508696E0508696E05088F
:1001E000696E0508696E0508696E0508696E05087F
:1001F000696E0508696E0508696E0508696E05086F
:10020000696E0508696E0508696E0508696E05085E
:10021000696E0508696E0508696E0508696E05084E
:10022000696E0508696E0508696E0508696E05083E
:10023000696E0508196E0508696E0508696E05087E
:10024000696E0508696E0508696E0508696E05081E
:10025000696E0508696E0508696E0508696E05080E
:10026000696E0508696E0508696E0508696E0508FE
:10027000696E0508696E0508696E0508696E0508EE
:10028000696E0508696E0508696E050800000000C2
:10029000696E0508696E050810B5054C237833B9F9
:1002A000044B13B10448AFF300800123237010BD49
:1002B00080180024000000008483060808B5034B62
:1002C0001BB103490348AFF3008008BD00000000E4
:1002D0008418002484830608154B002B08BF134B99
:1002E0009D46A3F5803A00218B460F461348144AD9
:1002F000121A1DF03DFF0F4B002B00D098470E4BFC
:10030000002B00D098470020002104000D000D486C
:10031000002802D00C480CF0A5FA1DF00DFA2000C0
:10032000290006F0F5F90CF0B1FC00BF0000080050
:1003300000000824000000006D66040880180024F6
:1003400018FB002465C80408000000002DE9F843EC
:10035000044600EB0108DFF844900E4D0E4E444574
:1003600012D0237827460F2B03D84946284603F09E
:1003700073FB397810222846013403F0E5FB31463F
:10038000284603F069FBEAE70248BDE8F84303F0BA
:100390006BBB00BFE4210024CB4F0608D27B0608CC
:1003A00038B5451E00F10F044FF4807003F024FAB5
:1003B00005F8010FA542F7D138BD70B502F10F0560
:1003C0000E461446014625F00F0530461DF0D2FDBD
:1003D0002B1B3444DBB2A21B954202D904F8013B2B
:1003E000F9E7284670BD29B1084410F8013C102BEC
:1003F00098BFC91A0846704700F1FF3C002300204F
:1004000000212DE9F0431CF8018FA3F12007C3F16F
:10041000200208FA03F408FA07F528FA02F2083372
:1004200020431543402B41EA0501ECD1BDE8F083A0
:10043000013A002370B5C3F12006A3F1200520FA8C
:1004400003F4083301FA06F621FA05F5402B44EAD5
:10045000060444EA050402F8014FECD170BD000027
:100460002DE9F04FB5B00F46064660229F491CA803
:100470001DF080FDC7F10C071CAB03EBC70CACF102
:10048000080C0B2F00F32F810137D6E908ABD6E912
:100490000023D6E9028983EA0B0182EA0A00D6E941
:1004A0000634CDE9040183EA0A0384EA0B049A4680
:1004B000A346D6E90423D6E902015040594002463A
:1004C0000B46FCE9020182EA000483EA0105CDE95A
:1004D0000245DDE90223D6E90245D6E9060122EA12
:1004E000040223EA05032AEA00002BEA010114466C
:1004F0001D46DDE9042362406B4014461D46DDE9DC
:10050000022342404B40CDE90623DDE90423DDE927
:10051000020129EA030928EA020889EA0B0388EAAA
:100520000A02CDE90023D6E9062322EA000023EAE5
:10053000010180EA040281EA0503D6E90201504084
:100540005940DDE90023894662406B40CDE9022332
:10055000DDE9043423EA0A0324EA0B04DDE906ABEF
:100560008AEA030A8BEA040BD6E9063483EA0A0313
:1005700084EA0B04CDE90434029B4FEAD34E039B7B
:100580004EEA43330893039B4FEAD34E029B4EEA55
:100590004333DDE906AB0993029B6FEA0A0A6FEA6F
:1005A0000B0B4FEA137E039B4EEA03130A93039B44
:1005B0004FEA137E029B4EEA03130B93DDE90A1206
:1005C000DDE908344B40544025461C46DDE9022352
:1005D00062406B4014461D46C6E900454FEAC90417
:1005E00044EA5073C4000D9344EA59734FEA4964D6
:1005F0000C9344EAD01344060F9344EAD9130E93A4
:10060000DDE90E23DDE90C4554405D4080EA04023B
:1006100089EA0503C6E902234FEA5A0343EACB738A
:1006200010934FEA5B0343EACA7311934FEA9A139C
:1006300043EA8B6312934FEA9B1343EA8A63139353
:10064000DDE91201DDE910234B4042408BEA030152
:10065000049B8AEA0200059A9B0A43EA8253149398
:10066000930A049A43EA82531593530C059A43EA7A
:10067000C2331693530C049A43EAC233C6E9040109
:100680001793DDE91601DDE91423DDE904AB4B40E6
:1006900042408BEA030B009B8AEA020A019ADB09BB
:1006A00043EA42631893D309009A43EA42631993D9
:1006B000019BDB0543EA52231B93D305019A43EACE
:1006C00052231A93DDE91A01DDE91823C6E906ABC6
:1006D00042404B4010461946DDE9002342404B4062
:1006E000C6E90823CDE635B0BDE8F08F1837060817
:1006F0002DE9F84F0E46044608461546FFF77CFEE6
:10070000824606F108008B46FFF776FE06460F4646
:10071000284615A3D3E90023C4E902ABC4E90023AA
:10072000C4E90467FFF768FEC4E9060105F10800A3
:10073000FFF762FEC4E908010C212046FFF790FE96
:10074000D4E90623D4E908018AEA02088BEA0309FE
:1007500080EA060281EA0703C4E90689C4E908239E
:10076000BDE8F88FAFF3008000000000060C408069
:100770002DE9F04F054685B08A46144662B9062138
:10078000D0E9002382F001061F46C0E9006705B0EA
:10079000BDE8F04FFFF764BE0023A1F1080203F1AA
:1007A000080BD5E900015C45CDE9000111D302EB4E
:1007B0000B000392FFF720FEDDE9002342404B408F
:1007C00028460621C5E90023FFF74AFE5B46039A47
:1007D000E5E79C4240D94FF0000C00260027E41AC0
:1007E0009A44644516D94FEACC031AF80C100CF160
:1007F000010CA3F1200BC3F1200E01FA03F801FA5A
:100800000BF921FA0EFE46EA080649EA0E0947EA04
:100810000907E6E7E4008023A4F1200CC4F12002DC
:1008200003FA04F803FA0CF923FA02F246EA080084
:1008300049EA020947EA0901DDE9006746404F40FD
:10084000C5E90067D5E9002382F001001946C5E932
:100850000001062128469AE76307F3D1DDE9006726
:1008600007F10047ECE72DE9F04F1C468BB0A1F1F2
:10087000080305460F464FF0000C0093A2F1080351
:10088000099206930CF10806A6421DD8009B981900
:10089000FFF7B2FDD5E9008988EA000289EA010381
:1008A00090469946069B404649469A19FFF7C0FD77
:1008B00042464B46A642C5E9002303D206212846FC
:1008C000FFF7CEFDB446DDE7A44580F0A48000220A
:1008D00000230021A4EB0C046744CDE906238C42DD
:1008E00018D9CB0017F801800131A3F1200EC3F114
:1008F000200008FA03FA08FA0EFB28FA00F0DDE9F6
:1009000006234BEA000B42EA0A0243EA0B03CDE955
:100910000623E4E7E30080220027A3F1200AC3F1C5
:10092000200E02FA03F322FA0EFE02FA0AF10093F5
:1009300041EA0E01BE460191DDE90023DDE90689A9
:1009400048EA020849EA0309D5E9002383EA0901D4
:10095000099B82EA080063441E46744514D04FEA9E
:10096000CE07C7F12008A7F1200C20FA07F701FAFB
:1009700008F821FA0CFC47EA080747EA0C0706F8D2
:100980000E700EF1010EE8E74FF0000C4FF000087A
:100990004FF00009E64533D04FEACC040CF1010CCE
:1009A000C4F12007A4F1200620FA04F3A4F1200BDF
:1009B00001FA07F721FA06F6C4F1200A3B43334354
:1009C000029321FA04F30393DDE90267002706F09E
:1009D000FF0607FA04F306FA0BFB26FA0AFA43EAC3
:1009E0000B0343EA0A03059306FA04F30493DDE9D3
:1009F000043443EA080344EA09049846A146C9E7D7
:100A0000DDE9000140EA080041EA0901C5E9000109
:100A10000BB0BDE8F08F6307FAD1002CF8D0D5E910
:100A20000023104603F10041F0E72DE9F04F1C468A
:100A300087B0A1F10803054689464FF0000C0493E6
:100A4000A2F10803039205930CF10806A6421ED8F2
:100A5000049B9819FFF7D0FC059BCDE90001DDE967
:100A60000078D5E900019A19474088EA010838461C
:100A70004146FFF7DDFCA642DDE90023C5E900237E
:100A800003D206212846FFF7EBFCB446DCE7A44579
:100A900057D2002200230021A4EB0C04E144CDE94D
:100AA00000238C4218D9CB0019F801600131A3F161
:100AB000200EC3F1200006FA03FA06FA0EFB26FA0E
:100AC00000F0DDE900234BEA000B42EA0A0243EAA8
:100AD0000B03CDE90023E4E7039B0022D5E90001E5
:100AE000DDE90067634446404F409846944212D087
:100AF000D300C3F1200EA3F1200C26FA03F307FA6A
:100B00000EFE27FA0CFC43EA0E0343EA0C0308F836
:100B100002300132EAE7E4008021A4F1200CC4F1A4
:100B2000200001FA04F201FA0CF321FA00F0DDE9E9
:100B30000067034316431F43C5E9006707B0BDE8DC
:100B4000F08F6307FAD1002CF8D0D5E900231046C6
:100B500003F10041C5E90001F0E72DE9F04B8846BB
:100B6000044608461546FFF747FC064608F108000C
:100B70000F46FFF741FC80468946D4E9022382EA0A
:100B8000060083EA0701D4E90423C4E902014046D0
:100B9000494650405940C4E904010C212046FFF762
:100BA0005FFCD4E90601D4E9082380EA060B81EA58
:100BB000070C88EA020889EA0309C4E906BCC4E90B
:100BC000088965B12A4658466146FFF731FC05F1B0
:100BD0000802D4E90801BDE8F04BFFF729BCBDE8E5
:100BE000F08B421E01390F30002330B512F8014F4F
:100BF00011F8015F824284EA050443EA0403F5D157
:100C0000B3FA83F0400930BD2DE9F04192B00C46B3
:100C10008046174668466E46FFF7C2FB04AD224683
:100C20003346083203CBAB4242F8080C42F8041CAE
:100C30001E46F5D108AE6A4612493046FFF758FD08
:100C4000002230461146FFF793FD3B4604F11002A7
:100C500041463046FFF707FE2A460A493046FFF76D
:100C60007CFFE31910332A46083303CAB24243F823
:100C7000080C43F8041C1546F5D107F1200012B00A
:100C8000BDE8F081193A06082DE9F04F97B0924679
:100C9000044689466B46054600F110081A46286846
:100CA000083555F8041C1E46454503C63346F6D1A3
:100CB000544404AEA4F11005B3462868083555F82D
:100CC000041C3746A54203C73E46F6D10CA80D4981
:100CD000FFF70EFD00220CA81146FFF749FDAAF10F
:100CE00020034A4641460CA8FFF79FFE08AA0CA81D
:100CF0000449FFF732FF08A95846FFF772FF17B003
:100D0000BDE8F08F193A06082032FFF7BDBF013861
:100D1000002210B510F8013F8C1833B1202BF9D008
:100D2000092BF7D001322370F4E7237010BD0000C7
:100D300010B5C4B004461022002168461DF018FA10
:100D400004A92046FFF7E3FF2B4904A81EF0C2F9CF
:100D500098B92A4904A81EF0BDF970B9284904A819
:100D60001EF0B8F948B9274904A81EF0B3F920B914
:100D7000254904A81EF0AEF9A0B11E2423496846F7
:100D80001DF00CFF3D2104A81DF01CFD38B1694683
:100D900001301DF099FD002818BF4FF0FF342046A8
:100DA00044B010BD1A4904A81EF094F928B119499D
:100DB00068461DF0F3FE0A24E4E7174904A81EF074
:100DC00089F90028F3D1154904A81EF083F928B148
:100DD000134968461DF0E2FE1424D3E7114904A824
:100DE0001EF078F928B1104968461DF0D7FE192485
:100DF000C8E70446D3E700BF7837060881370608FE
:100E0000883706089137060898370608F93A060821
:100E1000A0370608A7370608A4370608AA37060829
:100E2000AE370608B1370608B737060838B50446A6
:100E30000D4601461C4802F0ACFFA2681B4B1A602D
:100E4000531EEF2B05D91A491A48BDE8384002F065
:100E50001BBE19492068FFF7B0FA184B184A1860F2
:100E600000231360174A1560174A1360174A13606E
:100E7000174A136003F0C4F8164B01221649186094
:100E8000164B0C481A7002F0E7FD0A222946094861
:100E900002F021FE1249074802F0F6FD114905480B
:100EA00002F0F2FD1049CFE7D01B0024C01A002445
:100EB000BA370608E4210024C41A0024C41B002405
:100EC0009C180024E81B0024E01B0024DC1B0024E9
:100ED000E41B0024C81B0024CE370608CC1B0024CA
:100EE000F237060802380608393806080000000004
:100EF0002DE9F0412DED088B82B0C14D03F080F853
:100F0000DFF87C83BF4B02272A681C68D8F80030C2
:100F1000BD4E041B1344BD49BD4808EE103A33686A
:100F20005B00B8EE487A07EE903AF8EEE77AC7EE43
:100F3000278A02F0A9FDB749B54802F08DFD0A22C3
:100F4000D8F80010B24802F0F2FDB349B04802F000
:100F50009BFDB249AE4802F07FFD0A222968AC48E9
:100F600002F0E5FDAC49AA4802F08EFDAC49A84864
:100F700002F072FD0A2218EE101AA54802F0D7FD01
:100F8000A549A34802F080FDA649A14802F064FDEE
:100F90000A2221469E4802F0CAFDA3499C4802F05D
:100FA00073FDA2499A4802F057FDB8EE487B0097BE
:100FB00097489FED8D6B87EE065B07EE904A9C4C41
:100FC000B8EE677B85EE076B9FED897B26EE077B8E
:100FD000B7EEC77BB7EEC77A53EC172B02F048FE8B
:100FE00094498B4802F050FD9349894802F034FD42
:100FF000D6ED007A98ED007AF8EEE77A8F49B8EEF0
:10100000477A834887EE27BA95ED007A8C4DB8EE83
:10101000477A87EE27AA02F01FFD00977C48B7EEBB
:10102000CBBA53EC1B2B02F023FE7B49784802F02D
:101030002BFD8449764802F00FFDB7EECAAA00974F
:10104000734853EC1A2B02F013FE7349704802F0F8
:101050001BFD7D496E4802F0FFFCB7EEE87A009771
:101060006B4853EC172B02F003FE6B49684802F003
:101070000BFDD4ED007A754BB8EE679B744993ED88
:10108000008A6348B8EE488B9FED5B7B29EE079B97
:1010900028EE078B02F0E0FC0A225D4889EE0B7B0C
:1010A000FCEEC77B17EE901A02F041FD69495848E3
:1010B00002F0EAFC6849564802F0CEFC89EE0A7B51
:1010C0000A225348FCEEC77B17EE901A02F02FFD60
:1010D00060494F4802F0D8FC60494D4802F0BCFC22
:1010E00088EE0B7B0A224A48FCEEC77B17EE901A6B
:1010F00002F01DFD5749464802F0C6FC58494448D5
:1011000002F0AAFC88EE0A7B0A224148FCEEC77B6B
:1011100017EE901A02F00BFD4E493D4802F0B4FC68
:101120002B6833B34F493A4802F096FC0A222968EB
:10113000374802F0FCFC3849354802F0A5FC4A4922
:10114000334802F089FC95ED007AD6ED007AB8EECE
:10115000477A0097F8EEE77A2D48C7EE276AB7EE90
:10116000E67A53EC172B02F083FD2B49284802F056
:101170008BFC3E49264802F06FFC21683C48203138
:10118000202928BF2021FFF7E1F83A49204802F042
:1011900063FC39491E4802F077FC282136481DF0CF
:1011A00011FB002871D0292133481DF00BFB0028CA
:1011B0006BD03D2130481DF005FB002865D03F2154
:1011C0002D481DF0FFFA00285FD02B48FFF7B0FD37
:1011D0000446002859D029490D4802F03DFC0A2256
:1011E00021464FE0AFF300800000000000408F4038
:1011F00000000000000059400000000080842E41E3
:10120000DC1B0024C81B0024E81B002458380608F7
:10121000E4210024623806087A3806087F38060878
:1012200097380608AD380608C4380608C8380608D6
:10123000C41B0024DB380608DD380608FA38060827
:10124000E41B00240939060818390608C01A0024CE
:101250002D390608453906084E390608663906084C
:101260007B39060890390608A8390608B7390608F8
:10127000A0190024D9390608A0180024E539060869
:10128000E01B0024054802F048FC054B00221A70C0
:1012900002B0BDEC088BBDE8F08100BFE421002462
:1012A000CC1B0024524B2DE9F74F93F800A0BAF164
:1012B000000F00F099804F4B00274F4D1E68B84635
:1012C0002A68DFF86491B61ADFF860B10093642EE3
:1012D000A8BF6426B74261DA02F0A4FE5946D9F8E5
:1012E000002004464548FFF78FFC02F09BFE444A6D
:1012F00013681844041B146002F094FE414CD9F8A2
:101300000020214601905846FFF7FEFC02F08AFEBD
:101310003D49019B0A681044C31A20460B60D9F866
:101320000010FFF760F800232B21235420461DF006
:1013300049FAC0B92D2120461DF044FA98B92A2156
:1013400020461DF03FFA70B92F2120461DF03AFAD1
:1013500048B92E4920461DF0BDFE20B92C49204633
:101360001DF0B8FE60B102F05DFE04462548FFF7AF
:10137000DFFC02F057FE274A13681844001B106078
:101380002B684FF47A710137013393FBF1F22B6034
:1013900001FB1233002B08BFD0469BE7B8F1000FCA
:1013A00018D01D491D4802F057FB296842F21072FF
:1013B00091FBF2F302FB131363B91949174802F0CA
:1013C0004BFB29680A22154802F085FB1549134892
:1013D00002F05AFB009B2A681B689A4204DB03B0A8
:1013E000BDE8F04FFFF784BD03B0BDE8F08F00BF4C
:1013F000CC1B0024E81B00249C180024C41A0024E1
:10140000E01B0024A0180024DC1B0024F23906088D
:10141000F9390608E41B00244C3A0608E4210024AC
:10142000CB4F0608023A0608C41B0024A01900246A
:1014300010B5064C0649204602F099FC2046054AA4
:101440000549BDE810400BF00BBA00BFD01B0024CB
:101450005C53060800000024D93C040810B5094C70
:101460004FF4E131074800F00BFF204600F042FD49
:101470000028FAD0002002F011FEBDE8104002F072
:10148000B1B900BFE42100242DE9F043654C237875
:101490002DED048BADF5517D0BB1FFF703FF6248D5
:1014A00000F008FE00280FDD02F0BCFD0A2206460F
:1014B0005D4905A802F0F4FB05A802F027FD079B93
:1014C0005BB905A802F008FC0A2002F0B7FD0DF593
:1014D000517DBDEC048BBDE8F0835449524802F0C5
:1014E000BBFA05A9504802F0C5FA514988A802F094
:1014F0003EFC88A905A802F0A3FC054600B12578AA
:1015000088A802F0E9FB55B14A49474802F0BCFA05
:10151000002349492370444802F0B6FA73E0474972
:1015200048A802F024FC48A905A802F0BAFCD0B9EA
:10153000434988A802F01BFC02E048A8BFE1FCE791
:1015400088A905A802F0ADFC0546002800F0D88166
:101550002378002B40F0D281002D40F0D28148A8A2
:1015600002F0BAFBD5E10025F2E73038092801D9AD
:101570000135CFE12C46079B9C4203D3A5420ADBF1
:101580003049C8E7214605A802F09DFC30380928FB
:10159000F4D80134EFE723462A4605A908A802F04B
:1015A00095FC08A802F0DCFC0546079B9C4206D38C
:1015B000079B224605A948A802F088FC09E02146BD
:1015C00005A802F080FC1CF0DBF80028F0D0013404
:1015D000EBE7002D01DD4A9B23B91B49124802F0BD
:1015E00053FA0AE048A988A802F0E2FB294688A835
:1015F000FFF71CFC88A802F06FFB48A802F06CFB08
:1016000008A802F069FB084802F02EFA59E708B171
:101610000E4980E72478FCB10D49034802F034FA02
:101620000C4978E7CC1B0024E4210024303A06085A
:10163000333A0608383A06084E3A0608613A060870
:10164000683A0608A13A06086F3A0608ED3A060815
:10165000FC3A0608393806084FF48072214608A87B
:101660001CF086FD4FF49072214688A81CF080FD86
:101670004FF48072214648A81CF07AFD079D08A906
:1016800005982A46FEF799FE039002F0CBFC04462B
:10169000039A88A908A8FFF7B7FA804602F0C2FCAF
:1016A000041B02F0BFFC0746424648A988A8FFF782
:1016B000EBFA814602F0B6FCC71B9D499D4802F03B
:1016C000CBF9414688A8202928BF2021FEF73EFEFD
:1016D0009949984802F0C0F90A222146954802F03B
:1016E00026FA9649934802F0CFF99549914802F0BD
:1016F000B3F90A2239468F4802F019FA8F498D480A
:1017000002F0C2F98F498B4802F0A6F98E498F4B3F
:101710008848B9F1000F08BF194602F0B5F9DDEDB0
:10172000037A8B49B8EE676B07EE904A8148B8EEB2
:10173000674B9FED7D3B26EE036B86EE047BF7EE59
:10174000C79B07EE907AB8EE675B86EE057BB7EE37
:10175000C79B07EE905AB8EE677B27EE037B87EEB8
:10176000046BF7EEC68B87EE056BB7EEC68B02F007
:1017700073F9B7EEE97A02236E48009353EC172B06
:1017800002F076FA73496B4802F07EF972496948B3
:1017900002F062F9B7EEC97A02236648009353EC6F
:1017A000172B02F065FA6B49624802F06DF96B493C
:1017B000604802F051F9B7EEE87A02235D480093E1
:1017C00053EC172B02F054FA62495A4802F05CF9C4
:1017D0006349584802F040F9B7EEC87A02235548E9
:1017E000009353EC172B02F043FA5A49514802F088
:1017F0004BF902F017FC801B3C445A4907EE100AD3
:1018000007EE904A4B48F8EE677AB8EE477A87EED3
:10181000878ADFED557A28EE278A02F01DF9B7EEA8
:10182000C87A02234348009353EC172B02F020FAA6
:101830004E49404802F028F948AC03992046FEF78B
:10184000D2FD00234A4923543A4802F005F92146C3
:10185000384802F019F92B2120461CF0B3FFD0B90B
:101860002D2120461CF0AEFFA8B92A2120461CF0ED
:10187000A9FF80B92F2120461CF0A4FF58B93D498B
:1018800020461DF027FC30B93B4920461DF022FCC4
:1018900000283FF4B8AE2046FFF74AFA041E3FF492
:1018A000B2AE09DD3549234802F0D6F80A222146B6
:1018B000204802F032F9A6E631492CE688A802F069
:1018C0000BFA03E088A802F007FA36E605A802F052
:1018D00003FA19F031FB88A802F0FEF948A802F0DB
:1018E000FBF908A8EBE7F9E7FBE7EFE748A802F008
:1018F000F3F9244905A802F091FA88E6002DF5D005
:10190000002588A802F0E8F948A802F0E5F9002DC2
:10191000EFD00025079B9D42BFF42CAE294605A8B9
:1019200002F0D1FA21E600BF0000000080842E41C1
:101930002F3B0608E42100244D3B06087A380608B0
:101940005F3B0608713B0608293A06082D3A06084F
:101950002D390608453906084E3906086639060845
:101960007B3906088C3B06080000C842DB380608B5
:10197000D9390608F2390608F9390608E5390608A2
:10198000B23B0608D93A060800207047002070478D
:1019900030B5A1F11004002500F00F02CD7302391B
:1019A0000009D3B2092ACCBF373330330B748C42D1
:1019B000F2D130BD2DE9FF470024061D05468A46B9
:1019C00090469946009423464FF0FF32B1213046AD
:1019D000CDE9014406F04AFD29682846DDE90C23DB
:1019E000CDE9002342464F694B465146B847009423
:1019F00023464FF0FF32C1213046CDE9014406F0C5
:101A000035FD204604B0BDE8F0872DE9D04F9B4658
:101A10000368924604469B6ADDE9088998470246B6
:101A20000B465046594619F029FE134302D00020B8
:101A3000BDE8D08F236820469B6A984702460B4634
:101A40004046494619F01AFE1343F0D11AEB080636
:101A5000236820464BEB09079B6B9847B94208BFA8
:101A6000B0422CBF01200020E2E701682DE9F041DF
:101A700014461D46096B0646884702460B4620461B
:101A8000294619F0FBFD134302D00020BDE8F08188
:101A9000DDE906233046A71845EB030817F1FF32AE
:101AA0003368196B48F1FF33884702460B463846C6
:101AB000414619F0E3FD1343E7D1336830469B6B91
:101AC0009847414508BFB8422CBF01200020DDE700
:101AD0002DE9D04F9B460368924604465B6ADDE9D8
:101AE0000889984702460B465046594619F0C6FDEC
:101AF000134302D00020BDE8D08F236820465B6AE4
:101B0000984702460B464046494619F0B7FD134335
:101B1000F0D11AEB0806236820464BEB09079B6BB4
:101B20009847B94208BFB0422CBF01200020E2E72D
:101B3000C3680BB19B6818477047C220704700000C
:101B4000244830B5037887B0BFF35B8F13F00104EE
:101B50001CD10AF095FEC8B11F4B66223B211F48DD
:101B6000CDE903435A23CDE901323D233C220093C2
:101B700057230CF01BFE194C194B164823600AF032
:101B8000A1FE184A204618490AF06AFE13480DF0D3
:101B900047F8164D1A22002329461048CDE90023A4
:101BA00000230022FFF706FF2B780446B52B04D153
:101BB0000F4B01221D600F4B1A7008480CF08CFE71
:101BC000B4FA84F0400907B030BD02480BF082F847
:101BD00019F0B2F9101C0024005A6202181C0024EB
:101BE000D83B060800000024A51D0408201E002480
:101BF00004000024141C002410B504460DF0ACFCB5
:101C00002146FFF7C5FE0DF0ADFC04F11001FFF712
:101C1000BFFE0DF0ADFC04F12001FFF7B9FE30204E
:101C200010BD000008B54DF659720021074813F0A9
:101C300000FDBFF34F8F0649064BCA6802F4E0620D
:101C40001343CB60BFF34F8F00BFFDE7EC1B0024B5
:101C500000ED00E00400FA0510B50446FFF768FF48
:101C6000204610BD064B10B504460360806A08B1DB
:101C700009F01AFC201DFFF7EFFF204610BD00BF42
:101C80006048060800B5C3B01622172103A806F065
:101C900051FA4FF4A17302AA1021ADF808300023C5
:101CA00003A80093022306F090F903A8FFF7DAFFD8
:101CB00043B05DF804FB03A8FFF7D4FF19F03CF92B
:101CC0001D4B01211D4AA62070B51A6002F08EFA44
:101CD0000121A62002F00AFBFFF7D4FF184B43F2C4
:101CE000D2021A60FFF72CFF164B1B7833B1164B4C
:101CF0001B689A8840F209439A421BD8134B9B6D8C
:101D000003F46043B3F5004F14D002F079F9104D9D
:101D1000044602F087F9064602F084F9801BA842C7
:101D2000FAD902F06DF9001B642803D0BDE87040B9
:101D300017F0C0B870BD00BFEC1B00240040005875
:101D400000400052141C00240400002400440258E7
:101D50009F86010010B50446FFF784FFFC21204652
:101D60000BF004F8204610BD38B5074B0546044675
:101D700045F8BC3B0CF0B0FD28460BF017FA201DCF
:101D800006F0B4FB204638BD3866060810B5044698
:101D9000FFF7EAFF4FF4027120460AF0E7FF204602
:101DA00010BD0000034B10B504460360FFF7DCFFD5
:101DB000204610BDD83B060810B50446FFF7F2FFD9
:101DC0004FF4027120460AF0D1FF204610BD704743
:101DD0000B6803604B6843608B688360704710B585
:101DE0000446FFF7A5FE204610BD0020704770B5E1
:101DF00090F8343105461446F3B90368DB69984717
:101E000004F4706304F00F02B3F5407F04F0F003B4
:101E10000CBF07210821302B0CBF02230123012A0C
:101E200008D0901E42424241A869BDE87040006857
:101E300006F028BC0222F7E770BD10B590F83431E7
:101E400004462BB9A369186806F060FC0028F9D095
:101E500010BD38B590F834510446A5B983695BB11B
:101E6000186848B10368DB689847A36904211D60BE
:101E7000A0690AF07BFFA5610023C4F82831C4F8EB
:101E80002C31C4F8303138BD13B590F834310446E4
:101E90006BBBA369186806F00DFC40B30AF000F9AB
:101EA000A36901220DF10701186803685B6998476F
:101EB000D4F83031B3F5807F16D0D4F83031B3F593
:101EC000807F11D0D4F828319DF80720234483F86F
:101ED0002820D4F828310133DBB2C4F82831D4F8F3
:101EE00030310133C4F830310AF0F0F8D1E702B0F4
:101EF00010BD000008B590F834313BB1012002F06C
:101F00009DF80648BDE8084001F065BA82691AB13B
:101F10001368003318BF0123184608BDB0280024F9
:101F200070B504460D4601F056FA30B123682946D3
:101F300020461B6CBDE87040184770BDA0F5986046
:101F4000EEE7000013B590F8343104468DF8071021
:101F50002BB1C9B20B48FFF7E3FF02B010BDA36974
:101F6000186806F0D3FB0028F9D0A36901220DF10F
:101F70000701186803681B699847013018BF0120E2
:101F8000EBE700BFB02800242DE9F0410746884662
:101F9000164601F020FA80B10024A6420ED9351B66
:101FA00008EB04013846B5F5007F28BF4FF40075F3
:101FB0002A462C4400F048FFEFE704462046BDE8DF
:101FC000F081A0F59860DFE770B590F834310546F0
:101FD0000E4614462BB10F48FFF7D6FF04462046A5
:101FE00070BDAB69186806F091FB0028F9D0AB69A9
:101FF00001211868D0F8883088301B6B9847AB698E
:1020000022463146186803681B699847013008BFAB
:102010000024E4E7B028002430B50446C3B001F042
:10202000C5F90546D4F8D835C3F58073984203DD69
:10203000D4F8D855C5F580752A4601AB02A92046CB
:1020400000F0F9FF019902AB00226D1A1D44D4F88B
:10205000D835B3F5807F19D08A4217D0D4F8D83557
:10206000B3F5807F10D0D4F8D035A85C234483F832
:10207000D004D4F8D0350133DBB2C4F8D035D4F86D
:10208000D8350133C4F8D8350132E0E743B030BD6C
:1020900038B5044600F0BCFB2046FFF7BDFFD4F87E
:1020A000D855204600F0BCFB284638BDA0F5986006
:1020B000EEE7000010B590F8343104462BB1064825
:1020C000FFF7E6FF0446204610BD09F0E9FFD4F80B
:1020D000304109F0FBFFF6E7B028002438B504468C
:1020E00000F096FB2046FFF797FFD4F8D8354BB1A8
:1020F000D4F8D435234493F8D054204600F090FB14
:10210000284638BD4FF0FF35F7E7A0F59860E5E7C2
:1021100010B590F8343104462BB10B48FFF7DEFFC1
:102120000446204610BD09F0BBFFD4F830313BB166
:10213000D4F82C01044494F8284009F0C7FFF0E7D4
:102140004FF0FF34F9E700BFB028002438B504464B
:1021500000F05EFB2046FFF75FFFD4F8D835A3B14F
:10216000D4F8D435234493F8D054D4F8D43501337B
:10217000DBB2C4F8D435D4F8D835013BC4F8D8352F
:10218000204600F04DFB284638BD4FF0FF35F7E7FD
:10219000A0F59860DAE7000010B590F834310446F5
:1021A0002BB11148FFF7D2FF0446204610BD09F0BD
:1021B00077FFD4F830319BB1D4F82C31234493F815
:1021C0002800D4F82C310133DBB2C4F82C31D4F818
:1021D0003031013BC4F83031044609F077FFE4E7C1
:1021E0004FF0FF34F9E700BFB028002408B54FF4E2
:1021F000807200211BF0BCFF0022C0F80021C0F853
:102200000421C0F8082108BD10B4D0E900340968E1
:102210006210E4075DF8044B01EB020044BF8A58EA
:10222000D35818470146043008B5FFF7EDFF08BD45
:10223000034A0346C26007C983E80700704700BF2E
:10224000283C060810B586B004460391684606A9E6
:1022500080E80C0001E90C00204603A9FFF7E8FF25
:10226000204606B010BD37B56C46054684E80C0024
:1022700094E80C00FFF7E6FF284603B030BD0000ED
:1022800070B590F8343186B004460E46002B3BD131
:10229000856925B904200AF035FDA0610560A369B0
:1022A000186850BB8C200AF02DFD3346B4F922206B
:1022B0000546B4F9201006F011FDA3691D60B4F9BC
:1022C0002420531C06D0A0690321B4F926300068ED
:1022D00006F014FDA3691D68B5B1114B0026214617
:1022E00002A800936B4601960CCBFFF7BCFF324669
:1022F00002A9284606F078FA03E0314606F0AFF965
:10230000DDE702A8FFF76BFD06B070BD8C21284603
:102310000AF02CFD18F010FE02A8FFF760FDF9E7A7
:10232000891E040808B5FFF77DFF08BD08B5FFF753
:10233000F9FF08BD2DE9F84300242D4D4FF47A78BC
:102340002C4F202605F128002F60EC61C5E90148DB
:10235000C5E90564FFF74AFF01230E2085F83431F3
:1023600001F034FE244D81460D2001F02FFEA5F82A
:1023700020904FF6FF79688405F128002F60EC610A
:10238000A5F82490A5F82690C5E90148C5E905649B
:10239000FFF72CFF85F834410F23184D2B8456236B
:1023A00005F128002F606B845823EC61AB8459231E
:1023B000C5E90148EB84C5E90564FFF717FF85F817
:1023C000344198230E4D2B84992305F128002F606A
:1023D000EC616B84A5F82490A5F82690C5E9014826
:1023E000C5E90564FFF702FF85F83441BDE8F883CD
:1023F000E42100243C3C06083C1E0024741F0024F9
:10240000AC200024002070477047704710B5D0F80A
:102410008C452CB123682046DB6A9847A468F8E70E
:1024200010BD38B50D46D0F88C4534B12368204630
:102430002946DB689847A468F7E738BD004870472D
:10244000FC3C0608054B10B50446036007F0CBFEC4
:10245000204607F0D9FF204610BD00BF7C3C06088F
:1024600010B50446FFF7EEFF4FF4B26120460AF0C4
:102470007DFC204610BDF7B5002305460E46D0F87A
:102480008C45A4B1236831460DF1030220461F6933
:1024900001ABB8479DF803100346042905D0019A03
:1024A000284607F0AFF903B0F0BDA468E9E7019A48
:1024B0009DF80310F4E770B505460E4622B10021E1
:1024C000BDE8704006F0AABFD0F88C455CB1236827
:1024D0000022314620465B69984710B10121284609
:1024E000EEE7A468F2E72146F9E770B50E46054627
:1024F000D0F88C4500213CB12368314620469B69C9
:102500009847A4680146F6E72846BDE8704007F002
:1025100079B8F8B505460E461746D0F88C453CB15B
:10252000236820463A463146DB699847A468F6E7B7
:1025300028460121BDE8F84007F0C2B870B5002177
:1025400086B0044607F0A9FA00234FF48975A188E4
:10255000EF26ADF806302389ADF8045002258DF83A
:1025600010301B0AE2888DF8113040F201238DF8FB
:102570000750ADF8123040F203138DF809500125D1
:10258000ADF8143004F10A038DF8086005AE8DF83B
:102590000A501C468DF80C1001AD090A8DF80E206A
:1025A000120A8DF80B008DF80D108DF80F202A46B9
:1025B000083303CAB24243F8080C43F8041C15461A
:1025C000F5D1128820461A8006B070BDF8B50024F7
:1025D00006460D46274630461CF052FBA04207D95E
:1025E000335D05F8143005EB440301345F70F2E706
:1025F000400000F0FE00F8BD38B50446D0F88C5518
:1026000035B12B6828465B6A984710B9AD68F7E783
:10261000284640F2023304F24A51A4F84835FFF745
:10262000D5FF94F84835184484F8480504F5A960A6
:1026300038BD000040F2023300F20A5110B50446E2
:10264000A0F808350548FFF7C1FF94F8083518448D
:1026500084F8080504F5A16010BD00BF683C0608B9
:1026600040F2023310B50446A0F8C83400F2CA4064
:10267000FFF7C2FA94F8C834184484F8C80404F583
:10268000996010BD2DE9FF4100231D4A044600F565
:102690004E788DF80A30092590F888350192FA2293
:1026A0008DF8083001238DF80C208DF80930C023F7
:1026B0008DF80B3001AB03CBC4F83803C8F8041015
:1026C00088F80820D4F88C658EB133680021304634
:1026D0009B689847478805F54E7300F10901093F4B
:1026E000E0183A463D441BF045FCB668ECE784F838
:1026F0003A5340462D1284F83B5304B0BDE8F081B4
:102700000902FFFF73B504460D46164615F018FB87
:102710004FF4807301462A4620460093334607F063
:102720002FFE024B2046236002B070BD7C3C0608A1
:1027300010B5D0F88C350446A3B9C0F88C1594F8C0
:10274000883508464A790B7194F88835134484F823
:1027500088350B689B6A984723891844208101209B
:1027600010BD13469A68002AFBD19960E7E71FB5B0
:10277000044607F08DF90146684606F087FB4021C4
:10278000684606F0F5FBD4F88C4534B123686946F9
:1027900020461B6A9847A468F7E7684606F07DFB69
:1027A00004B010BD684606F078FB18F0C5FB10B504
:1027B0000446FFF7DCFF2046BDE8104007F04FB9A4
:1027C0000F4808B50378BFF35B8FDB0711D40AF01D
:1027D00057F870B140F25B2242F241310948FFF7ED
:1027E00091FF07480AF06EF8074A084905480AF0C1
:1027F00037F8044808BD02480AF06CFA18F09CFB50
:102800001C23002420230024000000244524040865
:1028100010B5FFF7D5FF0368BDE810405B6F1847A0
:1028200010B5FFF7CDFF0368BDE810409B6F184758
:1028300010B5FFF7C5FF0368BDE81040DB6F184710
:1028400006F0CCBC06F0E0BC06F0B8BC70477047A0
:102850007047436A93F878007047D0F8A404704733
:102860000120704700487047683E06082DE9F04790
:1028700094B004460F464B22002101A81BF078FCBF
:102880002679D4F8A434751C94F80E90002B94F893
:102890000C80EDB294F80DE014BF05200020002F4D
:1028A00040F0938040F2092309218DF81D0042F287
:1028B0000540ADF804304FF481738DF815100121F7
:1028C000ADF808308023ADF81E0010208DF80B30D5
:1028D00032234FF0040A24278DF80C3008234FF0E0
:1028E000030C4B228DF80D300B238DF819101D347D
:1028F0008DF80E3040F202238DF81C10ADF8103028
:1029000002238DF8210005208DF822108DF8251066
:102910008DF8271006218DF806208DF80F608DF8B0
:1029200012308DF817608DF81A308DF81B308DF845
:1029300023008DF826C08DF82A308DF82B108DF8E5
:102940002C008DF816A08DF824708DF828A08DF835
:1029500029708DF82D708DF82E1007218DF82F60BD
:1029600041F202068DF831108DF8411040F2075106
:102970008DF83050ADF8366040F209468DF83A5087
:1029800040F602258DF832008DF842002046ADF861
:1029900048100DEB0A018DF833908DF834C0ADF876
:1029A0003860ADF83C508DF843808DF844308DF898
:1029B00046308DF84AE08DF84B308DF84D301BF0E5
:1029C000D9FA204614B0BDE8F0870020FAE70000ED
:1029D0000A4B10B504460360FFF7F2FE07F003FC54
:1029E00004F5247006F05EFB04F17C0006F05AFB4F
:1029F00004F1700006F056FB204610BD283E060884
:102A000010B50446FFF7E4FF4FF4956120460AF045
:102A1000ADF9204610BDFFF70BBF0000034B10B50A
:102A20000446036006F0FAF9204610BD443D06084E
:102A300010B50446FFF7F2FF282120460AF096F968
:102A4000204610BD034B10B50446036006F0E6F9BE
:102A5000204610BD143D060810B50446FFF7F2FFEE
:102A6000342120460AF082F9204610BD034B10B5F0
:102A70000446036006F0D2F9204610BD2C3D06083E
:102A800010B50446FFF7F2FF382120460AF06EF930
:102A9000204610BD38B51E4B0D4604464FF400725B
:102AA0001968C0F80F1099889B79A0F813100221BB
:102AB0004375284606F052FA4FF400722073022143
:102AC000284606F050FA4FF400726073032128463E
:102AD00006F044FAA073284606F0E0F920B9AF22C8
:102AE0000C490D4809F0E4F904F185020023C4F80B
:102AF000882204F2992284F8783084F88430C4F86B
:102B00008C3284F89832C4F89C24C4F8A03438BDC0
:102B1000603D0608033E06080E3E06082DE9F34117
:102B200004460E461546FFF783FEF28823799A4243
:102B300037D1002D35D17778012F2ED1F378202B86
:102B400027D13289072A24D104F10F0804F1160590
:102B5000404629461BF0DCF9D0B1D4F81630C4F851
:102B60000F30638B207CE17BA4F8133001EB002154
:102B7000E57C607C237F01EB00410095A07C25680B
:102B8000637501EB0061237D2046627D6D6BA84774
:102B90003D46F378212B08BF0125284602B0BDE849
:102BA000F0810025F9E710B50446FFF741FEFFF775
:102BB00007FE217B07F0B4F904F1850304F17C00E2
:102BC000C4F888320023C4F88C3284F8843006F0CC
:102BD0001EFA94F884302BB923682046DB6BBDE8DD
:102BE0001040184710BD000070B50446FFF720FEE6
:102BF000D4F8A0542DB140F2DD120F490F4809F06E
:102C000057F904F29923C4F89C34FFF7D9FD617B8E
:102C100007F0E4F884F89852C4F8A00404F524708E
:102C200006F0F5F994F898322BB9236820469B6B8F
:102C3000BDE87040184770BD033E06086C3D0608AD
:102C40000022C2607047000002232DE9F041437169
:102C500000230446054683609046144B04F17C062D
:102C600045F8703B284606F0C5F9304606F0C2F933
:102C700004F52477384606F0BDF9C4F8A484FFF7BC
:102C80009FFD2146FFF754FD0CE0384606F00AFA96
:102C9000304606F007FA284606F004FA18F04CF918
:102CA000F6E7F8E72046BDE8F08100BF283E0608B9
:102CB00070B504460D46FFF7BBFD84F87850002D33
:102CC0003ED194F8843033B1FFF77AFD217B06F0D2
:102CD000FFFE84F8845004F1850304F17C0600258E
:102CE0003046C4F88832C4F88C5206F090F9304669
:102CF00006F086F928B94FF4A2721449144809F075
:102D0000D7F894F8983233B1FFF75AFD217B06F0DB
:102D1000DFFE84F8985204F2992304F52475C4F870
:102D20009C3400232846C4F8A03406F070F92846E5
:102D300006F066F920B94FF4A77204490548DEE7AA
:102D400004F17000BDE8704006F061B9033E06086A
:102D50007A3D06088B3D060810B50446FFF768FD6E
:102D600000212046BDE81040FFF7A2BF38B50D4650
:102D70000446FFF75DFD042D05D020460021BDE887
:102D80003840FFF795BF38BDF8B5164604460D46E6
:102D90001F46FFF74DFD0423EA88337023799A42DA
:102DA00025D16978012922D1EA78212A08D0222A5E
:102DB0000BD0202A4FF000001BD13070163401E0F8
:102DC0000F34317007203C60F8BDAB88204613F00B
:102DD000010308BF1946FFF76BFFAB8803F001033F
:102DE000E366AB8803F00203A3660223337000207E
:102DF000EAE703233370E7E710B58AB00446FFF72C
:102E000007FD684605F0FAFF0D4B694604F17000B6
:102E10000093099406F013F92046FFF701FD094BD2
:102E2000002168461A6805F0AFFF6846FFF7F6FD17
:102E30000AB010BD6846FFF7F1FD18F07DF800BF3D
:102E4000443D0608683D060870B58EB004460E463F
:102E50001546FFF7DDFC01A805F0D0FF114B01A9D5
:102E600004F17C00019300230C958DF83430CDE9FA
:102E70000A4606F0E4F82046FFF7D2FC0A4B002190
:102E800001A81A6805F080FF04E001A8FFF7DAFD49
:102E900018F052F89DF8344001A8FFF7D3FD204602
:102EA0000EB070BD143D0608683D060810B5044616
:102EB000FFF7BEFC94F884307BB9D4F88C3263B150
:102EC000FFF77EFCD4F88C3204F18502217B06F0FA
:102ED000C5FF10B1012384F8843010BD2DE9F843FB
:102EE0001E460446894690469DF82070FFF790FCE8
:102EF0000023336094F87830E3B194F88430CBB990
:102F0000D4F88C52C5F50075454528BF4546B8F143
:102F1000000F05D02A464946D4F888021BF02AF84B
:102F2000D4F88C322B44C4F88C32356017B120466B
:102F3000FFF7BCFF2046BDE8F843FFF771BCF0B5D2
:102F40000446406A85B0012690F878502DB984F87F
:102F500030503546284605B0F0BD04AB0027D4E913
:102F60000A1243F8047D0096FFF7B8FF0399E36A5D
:102F7000A26A5B1A0A44E362A26213B984F8306061
:102F8000E8E7606A3D46FFF791FFE3E72DE9F0438C
:102F90001C4691B0054689469046FFF739FC002C47
:102FA0004FF0000602A806BF01AC012700272660EB
:102FB00005F024FF134B02A905F5247002938DF848
:102FC0003C708DF83D60CDE90B59CDE90D8406F0DC
:102FD00036F82846FFF724FC0B4B314602A81A6846
:102FE00005F0D2FE04E002A8FFF740FD17F0A4FFB1
:102FF0009DF83D4002A8FFF739FD204611B0BDE81D
:10300000F08300BF2C3D0608683D060810B5D0F8D7
:10301000A034044673B990F898325BB9FFF7D0FB3F
:103020004FF4007304F29922617B06F079FE0123CC
:1030300084F8983210BD70B504461E460023084639
:10304000336094F87830EBB194F89832D3B9D4F86F
:10305000A054D4F89C14954228BF15462A461AF06D
:1030600089FF3560D4F89C34D4F8A0242B44551B38
:10307000C4F89C34C4F8A05425B92046BDE870407B
:10308000FFF7C4BF70BD37B50446406A90F878506A
:103090002DB984F835500125284603B030BD02AB68
:1030A000002243F8042DD4E90A12FFF7C4FF019966
:1030B000A26A0A44A262226B13680B44136001994E
:1030C000E36A5B1A94F83410E36209B9126802B932
:1030D0001BB9012384F83530DEE7606A0025FFF76D
:1030E00095FFD9E710B504460021FFF7A9FD20465A
:1030F00010BD10B50446FFF7F5FF204610BD10B413
:10310000D0E9003409686210E4075DF8044B01EB74
:10311000020044BF8A58D35818470146043008B506
:10312000FFF7EDFF08BD0000034A0346C26007C970
:1031300083E80700704700BF543D060810B586B00D
:1031400004460391684606A980E80C0001E90C00DA
:10315000204603A9FFF7E8FF204606B010BD37B5AB
:103160006C46054684E80C0094E80C00FFF7E6FF87
:10317000284603B030BD0000F0B58BB00546FFF720
:1031800057FB06ACFFF71CFBAF7B06460021204631
:10319000FFF7AFFF009403234FF400723946304627
:1031A00007F084F82046FEF71AFEFFF709FB234BD1
:1031B00006462F7B0293002329462046039302AB49
:1031C0000CCBFFF7CCFF009402234FF4007239467A
:1031D000304607F06BF82046FEF701FEFFF7F0FAE5
:1031E000174B06466F7B0493002329462046059320
:1031F00004AB0CCBFFF7B3FF009402234FF4007233
:103200003946304607F052F806E02046FEF7E7FD63
:1032100017F092FEF9E7F8E72046FEF7E0FDFFF72A
:10322000CFFA4FF40073D5F89C24697B06F078FD43
:10323000012085F898020BB0F0BD00BFA72B040851
:10324000E92B040808B5FFF768FF08BD08B5FFF7CC
:10325000F9FF08BD6FF01500704700290CBF6FF033
:10326000180000207047012070476FF0150070476C
:103270006FF0150070471120704770477047704716
:1032800003689B6C1847A0F59860F9E77047704792
:103290007047704710B50446012000F0CFFE94F847
:1032A000780010BDA0F59860F4E7000038B54FF045
:1032B000FF320123FF210B4809F0F6FE0A4D00F012
:1032C0009FFE044695F878301BB1012000F0B6FE51
:1032D000F8E700F095FE001BC728F6D9BDE8384096
:1032E000FEF7A0BCE82E0024B028002407B502ABEE
:1032F000012243F8041D1946FFF7A6FD18B10198F5
:1033000003B05DF804FB4FF0FF30F9E7A0F59560DE
:10331000FFF7ECBF07B5002302A9012201F8013D28
:10332000FFF734FE20B19DF8070003B05DF804FB01
:103330004FF0FF30F9E7A0F59560FFF7EBBF2DE9FF
:10334000F8430446884617461E46089DFFF770FA64
:10335000D4F8F095B9F1000F04D02B463246394627
:103360004046C847C4F8E085C4F8E475C4F8E86589
:10337000C4F8EC55BDE8F883B0F5966F03D1012190
:10338000014809F073BE7047E82E002400687047BA
:103390000C30704708B5FFF7FBFF0023036008BD42
:1033A000CB68C3600BB15B681847704738B50546FA
:1033B000FFF72EFA95F898325BB9D5F8A044B4F52A
:1033C000007F28BF4FF400742846FFF729FA2046F3
:1033D00038BD0024F8E790F878007047114B03F1EE
:1033E000780270B503600446C0F8A82400F2F456D1
:1033F00003F1D80200F23465E833C0F8AC24C0F819
:10340000C034AE4204D0103D2846FEF7E8FCF8E791
:1034100004F5956008F0CEF92046FFF7D9FA20466A
:1034200070BD00BF403F0608A0F59560FFF7D6BF0E
:10343000A0F2AC40FFF7D2BF10B50446FFF7CEFFB5
:103440004FF4C761204609F091FC204610BDA0F260
:10345000AC40FFF7F1BFA0F59560FFF7EDBF0000AE
:103460002DE9F74304461E468846154614F068FCCD
:10347000BDF82C3004F59567014601932A46BDF846
:103480002830204600933346FFF7DEFB0021384604
:1034900008F066F94FF47A73002504F2F45904F544
:1034A0009A60C4F8C8342946204B4E46C4F8C45428
:1034B00003F178022360C4F8A82403F1D802E833AA
:1034C000C4F8AC244FF48072C4F8C0341AF050FE33
:1034D000C4F8D055C4F8D455C4F8D85504F23465AE
:1034E00030461036FFF7FEFDB542F9D10023C4F88F
:1034F0003436C4F8F035B8F1000F13D02046FFF78A
:103500007BFC0FE04D4504D0103D2846FEF767FCDC
:10351000F8E7384608F04EF92046FFF759FA17F059
:103520000BFDF9E7204603B0BDE8F083403F0608F5
:10353000884238B5044606D00D46FEF7F9FA204613
:103540002946FFF72DFF204638BD08B5FFF720FFBD
:103550000068003018BF012008BD000010B5044607
:10356000FFF7F3FF28B940F202220649064808F0A7
:103570009FFCE068FFF70AFF03462046BDE81040C5
:10358000184700BF213F06082C3F0608F8B506463D
:103590000025FFF74DF906F2F454D6F83436AB4265
:1035A0000AD920462746FFF7D0FF103420B138460D
:1035B0000135FFF7D3FFF0E7F8BD0000044BC3600F
:1035C00003460A6843F8042B002242605A607047A1
:1035D0008C3E060813B50446019121B9FFF7DAFEC7
:1035E000204602B010BD01A9FFF7E8FFF8E710B4CC
:1035F000D0E9003409686210E4075DF8044B01EB80
:10360000020044BF8A58D35818470146043008B511
:10361000FFF7EDFF08BD0000034A0346C26007C97B
:1036200083E80700704700BF803E060810B586B0EB
:1036300004460391684606A980E80C0001E90C00E5
:10364000204603A9FFF7E8FF204606B010BD37B5B6
:103650006C46054684E80C0094E80C00FFF7E6FF92
:10366000284603B030BD00002DE9F04188B0044683
:10367000FFF7CEF8384B2046C4F8F035FFF7D0F806
:10368000364B04A8214602930023039302AB0CCBD4
:10369000FFF7DDFF2046FFF7BBF8D4F83406032818
:1036A00003D92046FFF7BCF80AE0431C04EB0010E6
:1036B00004A9C4F8343600F2F450FFF739FFF0E7FC
:1036C00004A8FEF78CFBBC2009F01CFB054606464F
:1036D000234B05F1400746F8043B3046FFF702FD57
:1036E0000021384609F084FD05F15408404609F0F0
:1036F0001DFD1C4B4FF480721821284600930023B7
:1037000009F0EEFD184904A8C4F8DC55FFF762FF84
:1037100004A9284609F07CFE10E0404609F046FD69
:10372000384609F08EFD3046FEF759FBBC2128468D
:1037300009F01CFB17F000FCF2E7F4E704A8FEF721
:103740004EFB2046FEF768FC08B0BDE8F08104A8F7
:10375000FEF745FBEEE7FAE7793304081920040881
:10376000085A0608983E0608AD320408A0F598608D
:10377000FFF77ABF0368184708B5FFF7FBFF08BDDE
:1037800008B5FFF742FF08BD08B5FFF7F9FF08BD10
:1037900037B50F4C0F4D204609F058FC2A460E490C
:1037A000204609F05DF842F2120301220B4CCDE9EC
:1037B000003200224FF4F85320461146FFF750FE26
:1037C0002A460749204603B0BDE8304009F048B812
:1037D000E82E00240000002473D00408B028002440
:1037E000DD330408034B00221A7008B11AF076BDCD
:1037F000704700BF680C002410B5044688B0C0B103
:10380000124B1B78DBB103A816F060FD042202AB5B
:1038100003A80DEB020116F0BBFD68B903A816F072
:10382000A5FD019B002BB8BF5B4293FBF4F204FBA8
:103830001234204608B010BD4FF0FF33F5E71AF000
:1038400055FD90FBF4F303FB1404F2E7680C00242D
:1038500008B519F019F82DE9F04F027D85B005463D
:103860000E46012A40F08E8000214FF0FF3B0446B7
:103870000B465F4694F804C048B2BCF1000F73D108
:1038800094F805C0BCF1000F6ED1B7F1FF3F17BF30
:103890000133012338465BB2934201DD1A46834669
:1038A0000131023408295DD1002402EB0B03A1464B
:1038B0000293CB4502DC029B4B4558DC95F8058012
:1038C00095F804A04FEA281708F00F080AF00F0334
:1038D0005FEA2A1AFAB201926FD05FFA8AF1BAF15E
:1038E000090F30460393D4BF3031573100F0B8F898
:1038F000039B0444092B3046039394BF03F130012A
:1039000003F1570100F0ACF80444BAF1000F02D102
:10391000039B03B94FB1092F019F3046D4BF303705
:103920005737F9B200F09CF80444B8F1090F30465B
:1039300094BF08F1300108F1570100F091F8B9F196
:10394000070F044404D03A21304600F089F80444BB
:1039500009F101090235B9F1080FAAD1204605B0D5
:10396000BDE8F08F074685E74FF0FF3098E7CB457D
:10397000EED1BBF1000FE6D13A21304600F070F8ED
:103980000444E0E700F1100700F11309002417F8E0
:10399000011B0A22304600F0D7F880462E2130461F
:1039A00000F05EF8B94540440444F0D10A22E97CB5
:1039B000304600F0C9F80444D0E7002B9AD1A9E7BB
:1039C000054B102210B50446036001750021043038
:1039D0001AF0CEFB204610BD5C40060870B5074DBE
:1039E0008374056000259DF810300575456085607D
:1039F000C56001744274C37470BD00BF5C400608AA
:103A000007B501210648FFF7DBFF002305481A46EA
:103A100019460093FFF7E2FF03B05DF804FB00BF17
:103A2000FC2E0024142F002470B5044608460D46D1
:103A30001BF026F923680246294620465B68BDE84C
:103A40007040184709B1FFF7EFBF08467047036899
:103A50008A685B680968184708B5FFF7F3FF08BD77
:103A600003681B68184700000149FFF7DDBF00BF6E
:103A7000DA7E060838B50546FFF7E9FF0446284612
:103A8000FFF7F2FF204438BD38B50546FFF7DAFFEF
:103A900004462846FFF7E8FF204438BD70B58AB0D9
:103AA0000D460023012A98BF0A220AA901F8043D05
:103AB000B5FBF2F402FB14562546F3B2092E94BF6F
:103AC00030333733DBB201F8013D002CF0D1FFF782
:103AD000B9FF0AB070BD2DE9F04107460E46154604
:103AE0002AB90368C9B21B68BDE8F04118470A2A21
:103AF00005D1002905DBBDE8F041FFF7CFBFD2B209
:103B0000F9E72D21FFF7ACFF04462A4671423846FB
:103B1000FFF7C4FF2044BDE8F08138B50546FFF744
:103B2000DAFF04462846FFF79FFF204438BD10B453
:103B30002AB90368C9B25DF8044B1B681847D2B2B2
:103B40005DF8044BFFF7AABFFFF7F1BF00000000CC
:103B500070B52DED068B0A9D064643EC182BB4EE8E
:103B6000488B002DB8BF0225F1EE10FA06D73C496C
:103B7000BDEC068BBDE87040FFF756BFB0EEC87BCA
:103B80009FED316BB4EE467BF1EE10FA01DD354965
:103B9000EEE79FED2F7BB4EEC78BF1EE10FA02DD5E
:103BA00031493046E4E79FED2C7BB4EEC78BF1EE54
:103BB00010FAF5D4B5EEC08BF1EE10FA11D52D2127
:103BC000B1EE488BFFF74CFF0446B6EE007B0023B6
:103BD000B2EE046BDAB20133AA4204DA87EE067B56
:103BE000F8E70024F1E738EE078B0A223046BCEEF6
:103BF000C89B19EE101AFFF751FF0444EDB1B8EE5F
:103C0000499B1A493046B2EE04ABFFF70DFF04445E
:103C100038EE498B15F1FF350FD328EE0A8B0A22B7
:103C20003046BCEEC89B19EE101AFFF737FFB8EE0E
:103C3000499B044438EE498BECE7BDEC068B2046EB
:103C400070BD00BFAFF30080FFFFFFFFFFFFEF7FFE
:103C5000000000E0FFFFEF41000000E0FFFFEFC1C8
:103C60006040060864400608684006084C3A0608AA
:103C7000FFF76EBF10B5044600F0C2F9E06023689C
:103C800020465B699847002808DA00F0B9F9E36834
:103C9000C01AA3689842F2D34FF0FF3010BD000065
:103CA00070B50D460B490446164600F060F82846EC
:103CB000FFF7E0FF00280BDBC1B2B14208D020467D
:103CC00000F0A1F8F3E7204600F006F817F034F909
:103CD000204670BD5C53060810B50446006808B164
:103CE00019F000FE204610BD10B50446006808B16A
:103CF00019F0F8FD00232360C4E9013310BD38B585
:103D000004460D46006801311AF00EFB10B1C4E9FB
:103D10000005012038BD036810B5044623B143688F
:103D20008B4201D3012010BD2046FFF7E8FF002899
:103D3000F9D0A368002BF5D122681370F3E770B5B2
:103D40000E46114604461546FFF7E5FF20B920460A
:103D5000FFF7CAFF204670BD2A463146A56020689D
:103D60001AF008F92268A3680021D154F2E738B5A7
:103D7000002304460D468360C0E9003339B108468C
:103D80001AF07EFF294602462046FFF7D8FF20465C
:103D900038BD88420B4610B5044604D0096821B1ED
:103DA0009A68FFF7CCFF204610BDFFF79DFFFAE7AA
:103DB000002310B504468360C0E90033FFF7E9FF34
:103DC000204610BD2DE9F04105461746884619B931
:103DD00000263046BDE8F0819AB18468144421463B
:103DE000FFF799FF06460028F2D0AB683A462868EC
:103DF000414618441AF0BEF82B680022AC601A55F0
:103E0000E7E70126E5E707B502AB012203F8011D4C
:103E10001946FFF7D7FF03B05DF804FB826808B5C9
:103E20002AB959B10878B0FA80F0400908BD006895
:103E300009B90078F7E71AF047FDF4E70120F5E744
:103E4000884270B515D083688A6893420FD183B1D8
:103E500004680D68013C14F8010F50B11CF0D0FC4F
:103E6000064615F8010B1CF0CBFC8642F3D000206F
:103E700070BD0120FCE710B5836814468A689B1A60
:103E8000A3420AD3006838B1096841B120441AF04E
:103E900065FFB0FA80F0400910BD0020FCE708463D
:103EA000FAE782688B689A4202D30022FFF7E3BFE9
:103EB0000020704783688B4203D9006810B1405CD2
:103EC000704700207047FFF7F5BF00009A42F8B531
:103ED0001D460F4688BF13460B491446064684BF4D
:103EE0002C461D46FFF743FFBA68A2420AD939683B
:103EF000AA4294BFC4EB0202C4EB0502304621443F
:103F0000FFF71DFF3046F8BD5C5306082DE9F04170
:103F10000768064617B3846804B33D46287805F160
:103F2000010819F02DFC48B9013C3C44207819F0F7
:103F300027FC28B1A54203D8013CF7E74546EDE749
:103F4000621CAF42A2EB0502B26003D2294638469A
:103F50001AF0AAF832680021B368D154BDE8F081A4
:103F6000006808B118F098BC7047000010B500F068
:103F700067F80A4CFDF7A4FEFEF722FCFEF717FCDB
:103F80004FF4E1310648FFF76FFBFDF767FAFDF7E5
:103F90007BFA002CFBD0AFF30080F8E700000000B4
:103FA000B028002470B505460024074EFDF7C5FD76
:103FB000E3B2984206D918461B010134F35EAB42C6
:103FC000F4D170BDFF20FCE74800002410B5044682
:103FD000FDF7B3FD84423BBF2401024B4FF0FF309D
:103FE000185F10BD4800002410B5044604F022FDFF
:103FF000204610BD10B5044604F01CFD204610BD3F
:1040000007B50749684604F052FD4FF47A72002361
:10401000DDE9000117F0E2FA03B05DF804FB00BF30
:10402000302F002407B50449684604F040FD00988D
:1040300003B05DF804FB00BF482F002409F008B965
:1040400008B5044804F000FD0348BDE8084004F04A
:10405000FBBC00BF482F0024302F002438B50A4C89
:104060000A4D204604F060FD2046094C2A460949C5
:1040700008F0F6FB204604F062FD2A462046064979
:10408000BDE8384008F0ECBB482F002400000024B5
:10409000302F0024F53F0408E93F040870B50446BA
:1040A000FDF74BFD844202D34FF0FF3070BDFDF7AA
:1040B00044FD8442F8D20E2C1B4B13D803EB04139F
:1040C000B3F9F060721CEFD0184B03EBC4035D68CA
:1040D000D5B9702008F016FE154A3146054603F0A2
:1040E00001FF09E022019E5E731CDDD00F4B03EB44
:1040F000C40353F8745CEBE70C4B0E2C03EBC404C5
:1041000094BF656044F8745C284603F0C5FE094B13
:104110001B68C3F110031841C8E77021284608F056
:1041200025FE16F009FF00BF480000240800002407
:104130000000C07F6C0C002470B504460D46164686
:1041400000211C221AF014F820463246294606F0B7
:1041500029FD204670BD00002DE9F04104460E46C1
:10416000FDF7EBFC84423CD21F4D2701EA19D068D1
:1041700010B11C2108F0FAFD2046FFF727FF80460A
:104180001C2008F0BFFD044600211C2219F0F0FF9E
:104190004146204606F003FDEB19012EDC6010D0ED
:1041A00006D3022E12D0204603F0C7FE022103E000
:1041B000204603F0C2FE00212046BDE8F04103F096
:1041C000C9BE2046BDE8F04103F0AABE204603F078
:1041D000B4FE0121F0E71C21204608F0C7FD16F0CF
:1041E000ABFEBDE8F08100BF4800002430B589B0C7
:1041F00004460D46FFF7D6FEC0B2FF2804D029467C
:10420000FFF7AAFF09B030BD012D14D00AD3022D4B
:104210001CD00222214601A8FFF78EFF01A806F05C
:104220005DFCEFE70022214601A8FFF785FF01A80A
:1042300006F054FCE6E71C22002101A819F098FFC3
:104240000022214601A806F0AFFCDBE7012221464F
:1042500001A8FFF771FF01A806F040FCD2E70000BB
:104260002DE9F34106460F46FDF767FC86422AD248
:104270001B4D4FEA061805EB0802D468ACB930466E
:10428000FFF7A4FE06461C2008F03CFD04461C2255
:10429000002119F06DFF00970023012231462046CE
:1042A00006F09BFC05EB0803DC600E4B0E491A463A
:1042B000D3F894008842FBD123683FB1A1680B601A
:1042C0004FF44073536102B0BDE8F081E1681B0414
:1042D000F5E71C21204608F049FD16F02DFE00BF31
:1042E00048000024006402580003008030B589B003
:1042F00005460C46FFF756FEC0B2FF2804D0214603
:10430000FFF7AEFF09B030BD1C22002101A819F053
:104310002FFF294601A806F05DFC094B09491A4602
:10432000D3F894008842FBD1019B2CB103990B6018
:104330004FF440735361E5E71B040499F7E700BFAE
:1043400000640258000300801EF0040F0CBFEFF35E
:104350000880EFF30980816911F8021C002932D12D
:1043600001B590E80F10E047BDE800508CE803006D
:10437000244B93E80600914208BF70471A6041B988
:104380001EF0100F10D1204B186820F001001860AB
:104390000AE02CE9F00F1EF0100F08BF2CED108A78
:1043A00081F822E0C1F838C0906B92F8221061F0D9
:1043B000FF0E1EF0100F08BFB0EC108AB0E8F00F2F
:1043C00080F309887047114A13689942FAD801B5F9
:1043D00052F821C00FC8E047BDE80050CCF80000FB
:1043E000704701B501F0D4FBBDE80140EFF3098C43
:1043F000BEE701B501F090FBBDE80140EFF3098C89
:10440000B6E70000840C002434EF00E034410608D5
:10441000014608B530B96FF0030000F01DFA6FF0E7
:10442000030008BD132001F091FF30B94FF0FF30B9
:1044300000F012FA4FF0FF30F3E70020F1E7000040
:1044400008B5EFF305832BB9EFF3108313B9EFF33E
:10445000118333B16FF0050000F0FEF96FF0050035
:1044600008BDDFF808C000DFFAE700BF1144040808
:10447000EFF310832BB9EFF31180003818BF012040
:1044800070470120704710B520B10378F32B01D19C
:10449000002906DA6FF0030102F02CFA6FF0030036
:1044A00010BD00F10C0353E8000F20EA010243E8BD
:1044B000002404B1F7E7F3E738B50546A0B18468F6
:1044C00002686CB114F0030302D1C1680F2926D829
:1044D00000246FF00801002002F00CFA204638BDDD
:1044E000C368002BF4D11546104BD3F8900078B177
:1044F00000F087FC0446A0B10123F322A37000233F
:10450000656022700A4AC4E90233084B5A66E5E73F
:1045100001221021D3F8800000F0FAFBEAE71546EB
:10452000EBE76FF0040102F0E5F9D7E7700C002427
:104530009D450408930710B502F0010422D400F150
:104540000C0384B153E8000F00EA01028A4203D051
:10455000BFF32F8F002005E020EA010243E800248A
:1045600004B1EFE710BD53E8000F084203D1BFF3D9
:104570002F8F002005E020EA010243E8002404B167
:10458000F1E7EFE7C06801EA00031CB1994218BFE8
:104590000020E7E7002B08BF0020E3E7F8B5054659
:1045A000846804B9F8BD94F823202846616AA76896
:1045B000FFF7C0FF064638B1204601F062FC00223A
:1045C0003146204601F0DCFD3C46EAE7F8B50D46F1
:1045D00017461E46044620B10378F32B01D100296B
:1045E00007DA20466FF0030102F084F96FF0030050
:1045F000F8BDFFF79FFF0028FAD186B1314643206E
:1046000001F0A4FE40B1074B20465E69314601F03F
:104610001DFC756286F823706FF00100E8E76FF00B
:104620000200E5E7700C002470B5054610B1037870
:10463000F32B07D028466FF0030102F05BF96FF00F
:10464000030070BD836863B1284601F011FC0022AD
:104650006FF0020101F094FDA8680028F4D101F088
:1046600075FCAB78002613F001032E700FD0094BB8
:104670002946D3F8904024B1204600F0DCFB3046B8
:10468000DFE7D3F8800000F078FB2046D9E7184632
:10469000D7E700BF700C00242DE9F041064620B199
:1046A0000378F32B01D1002909DA6FF003056FF0CD
:1046B0000301304602F01EF92846BDE8F08100F102
:1046C0000C0353E8002F42EA010543E8005000B113
:1046D000F7E7B4681CB9204601F038FCECE794F821
:1046E00023203046616AD4F80880FFF723FF07468D
:1046F00078B194F823309B0756BF656A054620EAD7
:104700000505204601F0BDFB00223946204601F098
:1047100037FD4446DEE70000024608B5EFF30583A7
:1047200033B100206FF0050102F0E4F8002008BD6D
:10473000FFF79EFE0028F4D11046DFF808C000DF26
:10474000F5E700BFB9440408024638B5EFF3058326
:104750004BB192B96FF003046FF00301104602F001
:10476000C9F8204638BDFFF783FE0028F1D1104676
:10477000DFF82CC000DF0446F3E71378F32BE9D110
:104780000029E7DB02F10C0353E8000F40EA0104C3
:1047900043E8004505B1F7E7104601F041FAE0E7CC
:1047A00099460408024608B5EFF3058323B1104685
:1047B000BDE80840FFF767BEFFF75AFE0028F6D1B4
:1047C0001046DFF808C000DF08BD00BF87440408BA
:1047D00038B504461D46EFF3058343B18CB9204636
:1047E0006FF0030102F086F86FF0030038BDFFF7A9
:1047F0003FFE0028F2D120462B46DFF824C000DF20
:10480000F4E72378F32BEAD1002DE8D10029E6DB89
:104810002046FFF78FFE002808BF6FF00200E5E793
:10482000CD450408024608B5EFF305833BB11046B9
:104830006FF0050102F05EF86FF0050008BDFFF7AC
:1048400017FE0028F3D11046DFF804C000DFF5E7BB
:1048500029460408704770477047EFF310832BB95F
:10486000EFF31180003818BF012070470120704716
:10487000064BDA6A3AB1D0695B6C1BB11B6998428E
:1048800028BF184670474FF0FF30F5E7700C002442
:10489000014BD868704700BF700C002408B5094B65
:1048A0001A7A022A08D0032A0AD04FF0FF3002F009
:1048B00015F84FF0FF3002E0032200201A7208BD05
:1048C0000120FCE7700C002470B5464C237A012BC4
:1048D00000F0858033B14FF0FF3001F0FFFF4FF063
:1048E000FF3070BD404DEB68E3652B8AD5E90B6165
:1048F000A4F85430AB683046236400F0F1F908B1F5
:10490000C4F88060D5E90561304600F0E9F908B9DE
:10491000D4F880606667D5E90761304600F0E0F9B9
:1049200008B9D4F88060A667D5E90961304600F07F
:10493000D7F908B9D4F88060E6676E6B3EB131688C
:104940003046D6E9022300F03BFAC4F88460AE6B2F
:104950003EB131683046D6E9022300F031FAC4F89E
:104960008860EE6B3EB131683046D6E9022300F034
:1049700027FAC4F88C602E6C3EB131683046D6E917
:10498000022300F01DFAC4F890606E6C3EB13168ED
:104990003046D6E9022300F013FAC4F89460AE6CF6
:1049A0003EB131683046D6E9022300F009FAC4F876
:1049B0009860EE6C3EB131683046D6E9022300F0D3
:1049C000FFF9C4F89C602D6D3DB129682846D5E9F2
:1049D000022300F0F5F9C4F8A0500123237200204F
:1049E0007FE700BF700C0024C440060870B5254D59
:1049F0002B7A012B07D06FF006004FF0FF3401F047
:104A00006DFF204670BD01F005FD10B94FF0FF307D
:104A1000F3E71D4AFF231D4E82F8223092F8223020
:104A2000D26863F0FF031A49C2F302227068DB43C5
:104A300014BFB3FA83F32023C3F12003934298BF3A
:104A4000531CFE2202FA03F30F4ADBB2D37701F0C4
:104A5000A1FF04460028D9D101F0F4FF286101F03C
:104A6000DDFF0C4801F004FA01F068FA3368DB0757
:104A70004CBF0223032383F31488BFF36F8F0223F9
:104A80002B72BEE7700C002400ED00E0C440060865
:104A9000F34304088C0C002408B50A4B1A7A023A36
:104AA000012A02D840B1012809D04FF0FF3001F0AF
:104AB00015FF4FF0FF3001E002221A7208BD0322F9
:104AC000FBE700BF700C002410B50F4C237A022BBB
:104AD00013D101F0ABFF01236372BFF34F8F0B4A79
:104AE0005168C90003D54FF000615160A3720423DF
:104AF0002372BDE81040FFF7BBBE6FF0070001F066
:104B0000EDFE002010BD00BF700C002400ED00E0A1
:104B100038B51E4C0546237A042B35D1FFF7A8FE85
:104B2000E26AA842034694BF00F1FF332B4612B15C
:104B3000D069C01AD061626C12B11069C01A1061DC
:104B4000E06803440544E360E368AB4213D1022309
:104B50000020237201F0FAF900236372BFF34F8F34
:104B6000A27A22B1A3724FF08052094B5A60BDE87D
:104B7000384001F053BF0133E36001F0A5F9236D24
:104B8000002BE1D09847DFE738BD00BF700C002450
:104B900000ED00E0704738B504460D46FFF75AFEB9
:104BA00029462046BDE8384001F05ABE08B5FFF757
:104BB000F1FFEFF3058333B16FF0050001F08EFED6
:104BC0006FF0050008BDFFF748FE0028F4D1DFF8BC
:104BD00008C000DFF6E700BFC948040808B5EFF3D6
:104BE000058333B16FF0050001F078FE6FF005002A
:104BF00008BDFFF732FE0028F4D1DFF808C000DF5F
:104C0000F6E700BFED49040808B5EFF3058333B1BB
:104C10006FF0050001F062FE6FF0050008BDFFF7C0
:104C20001CFE0028F4D1DFF808C000DFF6E700BF63
:104C30009D480408024608B5EFF3058333B16FF0D1
:104C4000050001F04BFE6FF0050008BDFFF705FE03
:104C50000028F4D11046DFF808C000DFF5E700BFF8
:104C6000994A040808B5EFF305832BB16FF00500EE
:104C700001F034FE002008BDFFF7EFFD0028F5D15C
:104C8000DFF804C000DFF6E7C94A0408024608B5A9
:104C9000EFF305832BB16FF00500BDE8084001F08C
:104CA0001DBEFFF7DAFD0028F5D11046DFF804C07D
:104CB00000DF08BD114B040808B5EFF3058313B1FD
:104CC000054BD86808BDFFF7C8FD0028F8D1DFF80C
:104CD0000CC000DFF6E700BF700C00249148040808
:104CE00010B598B140EA010313F007030ED117295C
:104CF0000AD90160083910220C18426084600B50F8
:104D000081684A60C3600123184610BD0023FBE799
:104D1000F0B580B399B132F003032CD10F3100F11B
:104D2000080521F007072B462D685C68E91A24F076
:104D30000304091B8F4204D929680029F3D10846CE
:104D4000F0BD46683A4304683E444660204450F84B
:104D5000041C08388E4288BF4660586818B903F1B1
:104D600008015A60EBE720F0030019181D504A6053
:104D700019600831E3E70021E1E730B590B1D9B11E
:104D8000A1F1080500F108040022AC420BD151F852
:104D9000043C23F0030443681B1B436042B941F801
:104DA000042C012030BD236822463BB11C46ECE7B1
:104DB00051F8083C1360F4E70846F3E71846F1E7BA
:104DC00030B5C0B189B1C2B1CBB100240160C360BC
:104DD0004361C0E9014202FB01F41D190561184657
:104DE000013904D1A21A99500121084630BD851815
:104DF00005602846F4E70146F7E71146F5E719464E
:104E0000F3E7034610B5A8B100F1140252E8000F11
:104E100010B9BFF32F8F04E0016842E8001404B119
:104E2000F4E738B1043353E8002F511C43E8001471
:104E300004B1F8E710BD30B5F0B1C3688B421BD8A0
:104E400003698B4218D900F114031A680A60BFF392
:104E50005F8F53E8002F0C689442F6D143E80015A9
:104E600005B1F2E7043050E8003F5A1E40E8002147
:104E700001B1F8E7002030BD6FF00300FBE7EFF36E
:104E800010832BB9EFF31180003818BF0120704751
:104E900001207047036B30B5E3B1CD780024DA7898
:104EA000AA420FD31A46C1E901248AB19160A4B184
:104EB0006160283050E8003F5A1C40E8002101B1F1
:104EC000F8E730BD5A681C46002AECD01346E6E7E6
:104ED000C162ECE7C1E90133C1620163E9E7D1E9ED
:104EE000013223B19A608A681AB153607047C26276
:104EF000F9E703637047F8B5877804468FB3C56850
:104F00000027014605F10C062846FFF7E8FF277049
:104F10003046FFF790FFAB68002B48D03046FFF7D4
:104F200070FF0446002842D0284600F0A1FF064644
:104F30003A46394601F024F9304600F0F5FF6A6A36
:104F40000646816804F10C0019F014F8F923A770E3
:104F50002370F368E37021462846BDE8F840FFF768
:104F600099BF8568AB68002BF5D05B78832BF2D1B5
:104F7000284600F07DFF06463A46394601F000F922
:104F8000304600F0D1FF06466A6A04F10C018068E1
:104F900018F0F0FFF3680BB1E2781A700023214695
:104FA00005F10C002370BDE8F840FFF744BFF8BDE1
:104FB0002DE9F0410C4617469846054618B103788E
:104FC000FA2B00D141B928466FF0030101F0A8FC8B
:104FD0006FF00300BDE8F0818368C3B15B78832B79
:104FE00015D100F045FF06460122002101F0C8F866
:104FF000304600F099FF06466A6A2146806818F03C
:10500000B9FFF0680028E5D007700020E2E705F15D
:105010000C00FFF7F6FE064670B121466A6A0C30B6
:10502000002418F0A7FFF923314628463370B470E6
:10503000F770FFF72FFFE8E7B8F1000F10D04146F7
:10504000932001F083F940B1074B2846596900F0DD
:10505000FDFEEFF30983C3E902476FF00100B9E7F2
:105060006FF00200B6E700BF700C00242DE9F84F86
:105070008846074638B131B1B0FA80F3B1FA81F110
:105080000B441F2B06DC6FF003010020002401F00D
:1050900047FC70E008F1030626F003060C3606FB19
:1050A00000F9F2B194683CB1A30702D1D368332B65
:1050B00005D86FF00801E8E7D368002BF9D1D2F8E2
:1050C00000A0D2E904533DB115F0030B01D199457D
:1050D00054D96FF00901D8E7002BFAD11CB19B46D7
:1050E0000CE092461546274BD3F8A000D8B1FFF745
:1050F00088FE0446A0B14FF0010B35BB214B0022C6
:105100004946D86FFFF704FE0546C0B9BBF1000F52
:1051100006D01C4B2146D3F8A00058B1FFF78BFEF8
:105120006FF00401B1E701223421D3F88000FFF7CA
:10513000EFFDDEE7D3F88000FFF71FFEF0E74BF04E
:10514000020B4A46002119F013F8FA233246394679
:1051500004F10C002370002384F802B0A360C4F8AB
:1051600004A0C4E90983C4E90B332B46FFF728FEEA
:10517000044B054A1A672046BDE8F88F002CE4D19D
:10518000B1E700BF700C0024F74E040800F12803BB
:1051900010B553E8002F12B9BFF32F8F04E0511E52
:1051A00043E8001404B1F4E70AB9002010BDC06A56
:1051B00001230028F9D0821CD2E84F1FC2E8443FE7
:1051C00004B1F9E711F0FF0FF0D08068F1E70000BB
:1051D0002DE9F0410F4615469846044618B103786C
:1051E000FA2B00D141B920466FF0030101F098FB82
:1051F0006FF00300BDE8F081FFF7C8FF0646002806
:105200003AD001462046FFF76AFE626A06F10C01B9
:10521000384618F0AFFE0DB1F3782B70002504F17D
:105220000C07314638463570FFF705FEA3680BB909
:105230000020DFE73846FFF7E4FD06460028F7D0F8
:10524000204600F015FE07462946012200F098FF8F
:10525000384600F069FE626A0746816806F10C0074
:1052600018F088FEF923B570314633702046FB688C
:10527000F370FFF70FFEDBE7B8F1000F10D04146E7
:10528000832001F063F840B1074B2046596900F0D4
:10529000DDFDEFF30983C3E902756FF00100A9E7B3
:1052A0006FF00200A6E700BF700C002408B5064BA3
:1052B00008219A6ED86EFFF7D9FE044BD864B0FA75
:1052C00080F04009404208BDC4400608700C00242C
:1052D0002DE9F04106460F4690461C46EFF3058344
:1052E0004BB196B930466FF0030101F019FB6FF036
:1052F0000300BDE8F081FFF7C2FD0028F1D1304680
:105300002346DFF848C000DFF3E73378FA2BE9D112
:10531000002FE7D0002CE5D106F10C00FFF771FD5E
:10532000054680B1726A39460C3018F023FEF92325
:105330002846AC702B7085F80380C5E9017600F033
:105340006FFC2046D5E76FF00200D2E7B14F0408AA
:10535000F8B504460F4616461D46EFF3058343B1E4
:105360008CB920466FF0030101F0DAFA6FF0030008
:10537000F8BDFFF784FD0028F2D120462B46DFF868
:1053800044C000DFF4E72378FA2BEAD1002FE8D0FD
:10539000002DE6D12046FFF7F9FE054670B100F179
:1053A0000C01626A384618F0E5FD0EB1EB783370F7
:1053B0002846EC6000F034FC0020D9E76FF00200D2
:1053C000D6E700BFD1510408EFF310832BB9EFF3F8
:1053D0001180003818BF012070470120704700007D
:1053E00070B5A8B38468D0E900566CB114F003031B
:1053F00002D1C2681B2A1AD800246FF008010020CD
:1054000001F07EFA204670BDC368002BF4D1124B28
:10541000D3F8940030B901221C21D3F88000FFF7A3
:1054200077FC01E0FFF7EDFC044660B10123F522B3
:10543000A3700023E670227065602376C4E902330E
:10544000C4E90433DEE76FF0040101F059FAD9E74B
:1054500005460646DBE700BF700C0024284B70B5FC
:105460005D6904460E4635B96FF0070101F048FA50
:105470004FF0FF3070BD10B10378F52B07D02046F8
:105480006FF0030101F03CFA6FF00300F2E7037ED6
:1054900053B9C0E90353EB6A436103B118610123B7
:1054A000EC6200202376E5E7C278D1070DD5C1680C
:1054B000A9420AD1FF2B06D16FF00F0101F020FAAB
:1054C0006FF00200D6E70133EBE7002EF8D0930728
:1054D0000AD5E06895F9203090F920209A4203DA45
:1054E00080F8203000F0D6FC3146532000F02EFF2B
:1054F00018B12946204600F0A9FC6FF00100B9E779
:10550000700C00242E4B5A6970B5044632B96FF006
:10551000070101F0F5F94FF0FF3070BD10B10378CD
:10552000F52B07D020466FF0030101F0E9F96FF089
:105530000300F2E7037E33B96FF00E0101F0E0F9EA
:105540006FF00200E9E7C168914202D06FF00D01EF
:10555000F4E7013BDBB2037613BB43690BB101698E
:1055600019612169F1B14B6192F92130D56ADDB938
:1055700082F82030A36883B1204600F079FC06460B
:105580002A46294600F0FCFDF36AC4E9036563611D
:1055900003B11C610123F4622376002000F0D6FCE5
:1055A0000020BAE7D362DFE7E978890706D5A96862
:1055B00021B191F920108B42B8BF0B466D69D6E737
:1055C000700C002470B5044610B10378F52B07D099
:1055D00020466FF0030101F093F96FF0030070BDF6
:1055E000037EBBB16369C0680BB122691A6122698D
:1055F00002B3536190F92120C36AEBB990F92030CE
:10560000934203D080F8202000F044FCA068F8B951
:1056100000F09CFCA078002610F001002670DED07F
:10562000134B2146D3F89450DDB12846FFF703FC15
:105630003046D4E7C362DDE7D978890706D5996893
:1056400021B191F920108A42B8BF0A465B69D4E7BC
:10565000204600F00DFC00226FF0020100F090FDEA
:10566000D4E7D3F88000FFF788FB2846B7E700BFF0
:10567000700C00242DE9F0410446002601270CB9E6
:10568000BDE8F081E378D4F814801B0712D5A36835
:1056900026767BB1204600F0EBFB00220546114642
:1056A00000F06EFDEB6AC4E90356636103B11C614F
:1056B000EC6227764446E2E710B4C3789B071DD519
:1056C000C06890F92120C36ADC78A40709D59C68DA
:1056D0008C4208BF8C6824B194F92040A242B8BF24
:1056E00022465B69002BEFD190F92030934205D020
:1056F00080F820205DF8044B00F0CCBB5DF8044B33
:1057000070470000024608B5EFF3058333B100206F
:105710006FF0050101F0F4F8002008BDFFF754FE1A
:105720000028F4D11046DFF808C000DFF5E700BF1D
:10573000E1530408024608B5EFF305833BB1104678
:105740006FF0050101F0DCF86FF0050008BDFFF710
:105750003BFE0028F3D11046DFF804C000DFF5E778
:105760005D540408024608B5EFF305833BB11046CB
:105770006FF0050101F0C4F86FF0050008BDFFF7F8
:1057800023FE0028F3D11046DFF804C000DFF5E760
:1057900005550408024608B5EFF305833BB11046F2
:1057A0006FF0050101F0ACF86FF0050008BDFFF7E0
:1057B0000BFE0028F3D11046DFF804C000DFF5E748
:1057C000C5550408EFF310832BB9EFF311800038AF
:1057D00018BF01207047012070470C30D0E85F3FB0
:1057E00013B9BFF32F8F04E05A1EC0E8512F01B147
:1057F000F4E798B2003818BF0120704730B500F1C7
:105800000C02C189D2E85F3F994202D8BFF32F8FC3
:1058100004E05C1CC2E8554F05B1F3E7C0899BB2B8
:10582000984294BF0020012030BD0000F8B5154615
:105830004FF6FE73421E06460F469A4201D8884232
:1058400007D26FF003010024002001F05FF820462A
:10585000F8BD7DB1AC682A6844B114F0030302D1ED
:10586000E9680F2922D86FF00801ECE7EB68002BFC
:10587000F9D11546114BD3F8980080B1FFF7C1FA62
:105880000446A8B10123F622A370002365602270AC
:10589000A3600B4A094BA781E6819A66D7E70122EC
:1058A0001021D3F88000FFF733FAE9E71546EAE75D
:1058B0006FF0040101F02AF8C9E700BF700C002462
:1058C000C5580408836810B504465BB1FFF785FF2F
:1058D00040B1204600F0CCFA0022BDE8104011464D
:1058E00000F04EBC10BD38B5054610B10378F62B5C
:1058F00007D028466FF0030101F008F86FF00300AD
:1059000038BD84683CB100F0B3FA0122002100F0F8
:1059100037FC0020F4E7FFF771FF38B928466FF035
:10592000100100F0F3FF6FF00200E9E72046E7E71F
:1059300038B50D46044610B10378F62B07D0204643
:105940006FF0030100F0E2FF6FF0030038BDFFF7D6
:1059500044FF68B975B12946632000F0F7FC20B117
:10596000064B2046596900F071FA6FF00100EDE72F
:105970000020EBE76FF00200E8E700BF700C0024A6
:1059800070B5054610B10378F62B07D028466FF0A6
:10599000030100F0BBFF6FF0030070BD836863B1CB
:1059A000284600F065FA00226FF0020100F0E8FBE3
:1059B000A8680028F4D100F0C9FAAB78002613F0EB
:1059C00001032E700FD0094B2946D3F8984024B11B
:1059D0002046FFF730FA3046DFE7D3F88000FFF7C4
:1059E000CCF92046D9E71846D7E700BF700C002451
:1059F00010B50446EFF3058333B100206FF00501C5
:105A000000F084FF002010BDFFF7DCFE0028F4D179
:105A10002046DFF808C000DFF5E700BF2D58040876
:105A2000024608B5EFF3058343B182B910466FF023
:105A3000030100F06BFF6FF0030008BDFFF7C2FE2B
:105A40000028F2D11046DFF824C000DFF5E7137814
:105A5000F62BEBD10029E9D11046FFF7BEFE002856
:105A600014BF00206FF00200E7E700BF31590408BF
:105A700010B50446EFF3058343B184B920466FF0B7
:105A8000030100F043FF6FF0030010BDFFF79AFE23
:105A90000028F2D12046DFF830C000DFF5E7237898
:105AA000F62BEBD12046FFF7A9FE20B1204600F0EF
:105AB000B7F80020E9E720466FF0100100F026FF5C
:105AC0006FF00200E1E700BFE7580408024608B59E
:105AD000EFF305833BB110466FF0050100F016FFB0
:105AE0006FF0050008BDFFF76DFE0028F3D11046EA
:105AF000DFF804C000DFF5E78159040810B5D0E8ED
:105B00005F3F5A1C914200D80022C0E8542F04B1D4
:105B1000F5E798B210BD000038B51C4C00F08CFFC2
:105B2000E3680133E36000F0CFF9002000F00EFAE3
:105B3000236D03B19847226C32B3A369E16B99429C
:105B400003D0D969E36301B9DA61DA69C2B9237AAA
:105B5000022B19D1656ABDB1E36B95F9202093F949
:105B600020309A4210D1284600F08BF9E06B00F00B
:105B7000A3F9284600F0E2F9236CE563EB6103E04A
:105B8000013ADA61002AE2D038BD00BF700C00246F
:105B900070B5224C04F1560504F15A06B4F85410BD
:105BA000D5E85F3F13B9BFF32F8F04E05A1EC5E855
:105BB000502F00B1F4E79BB25BB33046FFF79EFF76
:105BC000E36D53F8200020B30378F13B082BE5D8B0
:105BD00001A252F823F000BFFD5B04089D5B04089E
:105BE000035C04089D5B04089D5B0408075C0408D3
:105BF0000B5C04089D5B04080F5C0408236E984747
:105C0000CCE7636EFBE7A36EF9E7E36EF7E7236F7C
:105C1000F5E70020BDE8704000F098B9700C002452
:105C200070B5164C0546B4F8541004F15602D2E88B
:105C30005F3F994202D8BFF32F8F04E0581CC2E89F
:105C4000560F06B1F3E79BB2994205D829460220C8
:105C5000BDE87040FEF79FBF04F15800FFF74EFF0C
:105C6000E36D43F82050637A23B9054B4FF080521F
:105C70005A6070BD0123A372FBE700BF700C0024C3
:105C800000ED00E0EFF310832BB9EFF31180003843
:105C900018BF01207047012070470378F12B00D016
:105CA0007047C068F9E7000010B5C469621CD0E90C
:105CB00004310CD103B1596142691AB11361002357
:105CC000436101E0074A13630023C36110BD1BB1A8
:105CD000DA6959612244DA614269002AEED1014A47
:105CE000D362F1E7700C002401230A4A90F92010D6
:105CF00043701C32936810B51BB193F920408C425D
:105D000005DCC0E90232906003B1D86010BD1A46CC
:105D10009B68F1E7700C0024014B5869704700BF85
:105D2000700C002408B500F001FEDFF810C000DFA1
:105D30004FF0FF31002000F0D7FDFEE7E9610408D5
:105D4000930710B502F0010422D400F1280384B1B6
:105D500053E8000F00EA01028A4203D0BFF32F8FFD
:105D6000002005E020EA010243E8002404B1EFE747
:105D700010BD53E8000F084203D1BFF32F8F00205E
:105D800005E020EA010243E8002404B1F1E7EFE76F
:105D9000806A01EA00031CB1994218BF0020E7E7BE
:105DA000002B08BF0020E3E7084A0021136B10B561
:105DB0003BB94FF0FF34C0E90431C46121B108613F
:105DC00010BD19461B69F3E71063F9E7700C002456
:105DD000002310B50380044683789A0708D513F092
:105DE000100F016B0E4B0FD0D3F88400FFF723F890
:105DF000A378DB0712D50A4B2146D3F8880038B1C7
:105E0000BDE81040FFF717B8586FFEF7B6FFEFE791
:105E1000D3F88000BDE81040FEF7AFBF10BD00BF53
:105E2000700C0024C2780346D20701D4FFF7D0BF1C
:105E3000042242700022C260034A516B816001B1AA
:105E4000C8605363704700BF700C002491F9202094
:105E5000836810B51BB193F92040944205DAC1E97B
:105E60000230816003B1D96010BD18469B68F1E72C
:105E700083689A68826002B1D06000221846DA60B6
:105E80007047C2682AB18368936003B1DA60002367
:105E9000C360704710B50146044664B12378F12B06
:105EA00007D00846FFF7EDFF2046BDE81040FFF79A
:105EB000CDBFE468F1E710BD0123014643700148FE
:105EC000FFF7C4BF8C0C002438B5164DEC6A44B300
:105ED000E369013BE36123BB6378732B06D009D8E8
:105EE000532B0BD003F0DF03432B0DD12046FFF7DC
:105EF000D4FE09E003F0EF03832BF6E72046FFF71B
:105F0000CCFE2146FFF7D8FB2046FFF7BAFFFFF78C
:105F1000D3FF246924B1E369002BDDD00023636142
:105F2000EC6238BD700C002490F82230826B13F0C4
:105F3000100F0CBF602020201044704702234370D4
:105F4000014B9861704700BF700C002470B5124D72
:105F500004462E7A696990B9022E0FD16C6A6CB131
:105F600094F9202091F920309A4207DD2046FFF76E
:105F700088FF0846FFF7B8FE6670AC6170BD022E60
:105F800005D190F9202091F920309A42F1DC204689
:105F9000BDE87040FFF790BF700C00242DE9F04F72
:105FA00085B08146029128B96FF00301002400F00A
:105FB0009BFCBCE0002A45D0966846B1B40702D1EC
:105FC000D368432B06D86FF008010020EEE7D368B2
:105FD000002BF8D19769D2E904453CB1600702D1A2
:105FE000002D40F0B2806FF00A01EEE72FB17B1E6A
:105FF000372B03D96FF00B01E7E71827002D40F08E
:10600000A880D2E900A301934EBB574BD3F8880078
:10601000F0B1FEF7F6FE064600283AD04FF0010830
:10602000002C44D1DFF840B1E5B9504ADBF88400D8
:10603000556DB8B1FEF7E5FE0246E0B148F0100834
:10604000344623E092461446182715460192DCE7B1
:1060500001224421D3F88000FEF75AFEDBE74FF01F
:106060000008DDE722462946DBF87400FEF750FE03
:1060700002460028E4D1B8F1000F16D0DBF88820E2
:1060800052B110463146FEF7D6FE002248F0020813
:106090007CB96FF0040198E73146DBF88000039289
:1060A000FEF76BFE039A1446F0E74246EEE72246FF
:1060B000344640F2F1137FB2FD2184F80280238040
:1060C000019BC4F804A0E370002384F8207084F8D6
:1060D000217061846563C4E90233C4E90433C4E90F
:1060E0000633C4E90933C4E90B32A5F14003134474
:1060F000C4E90E391E4B13601C4B1B685B071AD496
:10610000A36B00201A4603F1340143F8040B9942B3
:10611000FBD1184B2046C2E90D394FF08073D36391
:10612000029B1362104B144A1A66FFF70FFF2046BA
:1061300005B0BDE8F08FAD084FF0CC33113D002D18
:10614000DED0013D42F8043FF9E7002F7FF44FAF66
:10615000182769077FF447AFA5F14801074B99421B
:106160007FF64FAF3FE700BF700C0024C440060825
:10617000A52E5AE2255D0408A5610408B7FFFF7F3C
:1061800038B504461546FFF7CFFE01602046FFF7FD
:106190008BFD1DB1BDE83840FFF7D8BEBDE83840E3
:1061A000FFF78ABE10B543780446332B0CD1416A01
:1061B00090F82320FFF7C4FD014628B120460022B5
:1061C000BDE81040FFF7DCBF10BD10B50446806984
:1061D00018B100221146FFF7D3FF6378232B02BFCB
:1061E000A36800229A6110BD70B50F4C267A022E6A
:1061F00018D1636AB3B16569E86AFFF73BFA2846CC
:10620000FFF7E3FF04F11C00FFF732FE4670A061C8
:10621000EFF30983AB63002328466361BDE8704058
:10622000FFF700BE70BD00BF700C002410B504461F
:1062300010B10378F12B07D020466FF0030100F076
:1062400053FB6FF0030010BD437803F00F03022BE4
:106250001ED0032B2BD0012B2ED1FFF712FEE06AAC
:10626000FFF708FA2046FFF7B0FF6178022926D130
:106270001548FFF7FDFD154B41709861EFF309825A
:10628000A26300225A612046FFF7CCFD0020DAE726
:106290000E4B1A7A022A02D15B6A002BDFD16FF013
:1062A0000201204600F020FB6FF00200CBE7FFF771
:1062B000E8FDFFF7F9FCD2E76FF00201F2E70020FA
:1062C000FFF744FEDFE700BF8C0C0024700C0024B5
:1062D00070B5044620B10378F12B01D1002908DA0A
:1062E0006FF003056FF003012046FEF7B4FA28466D
:1062F00070BD4378042B06D16FF002016FF00205E8
:10630000FEF7A9FAF3E700F1280353E8002F42EA69
:10631000010543E8005606B1F7E74378332BE6D191
:10632000416A90F82320FFF70BFD01460028DED0DC
:1063300094F8233001229B0756BF656A054620EA80
:1063400005052046FFF71CFFD1E7000038B5174CC4
:106350000246237A022B27D1606A60B160694B1C28
:10636000427009D1FFF720FD1148FFF781FD02239C
:106370004370A061012038BDE36A002213B1DD69DA
:10638000A9420BD2C161C0E904325AB11061002B9D
:10639000EAD0DA695861511AD961E5E71A46491B12
:1063A0001B69EBE7E062F2E70020E4E7700C0024F1
:1063B0008C0C0024F8B5164B05460F4616465C6952
:1063C0003CB920466FF00701FEF745FA4FF0FF3069
:1063D000F8BD002807DA20466FF00301FEF73BFA0C
:1063E0006FF00300F4E70A4601462046FFF7A8FCD9
:1063F0000028EDD14EB131463320656284F8237018
:10640000FFF7A4FF6FF00100E2E76FF00200DFE7A3
:10641000700C002438B50D4C00210D48A26DFFF71B
:10642000BDFD0C4D636EA8625BB1984758B9E26D33
:10643000E96C206EFFF7B2FDA864003818BF012098
:1064400038BD0120FCE70020FAE700BFC440060881
:1064500059680408700C002410B50446EFF3058356
:1064600033B100206FF0050100F03EFA002010BDAE
:10647000FFF708FC0028F4D12046DFF808C000DF51
:10648000F5E700BF9D5F040808B5EFF3058313B17E
:10649000054B586908BDFFF7F5FB0028F8D1DFF878
:1064A0000CC000DFF6E700BF700C0024195D040883
:1064B00010B5044600F046FAEFF305833BB12046E1
:1064C0006FF0050100F010FA6FF0050010BDFFF746
:1064D000D9FB0028F3D12046DFF804C000DFF5E740
:1064E0002D620408024638B5EFF305834BB192B92B
:1064F0006FF003046FF003011046FEF7ACF920467D
:1065000038BDFFF7BFFB0028F1D11046DFF844C0CB
:1065100000DF0446F3E71378F12BE9D10029E7DB2C
:106520005378042B07D16FF0020110466FF002047C
:10653000FEF791F9E3E702F1280353E8000F40EA80
:10654000010443E8004505B1F7E71046FFF768FB93
:10655000D5E700BFD162040810B50446EFF3058308
:106560003BB100206FF00501FEF775F96FF00500F3
:1065700010BDFFF787FB0028F3D12046DFF804C0E9
:1065800000DFF5E7B56304080C4A30B5536C00240E
:1065900013B11D698D420AD90161C0E902431BB1E3
:1065A0001D699860691A19612CB1E06030BD1C4604
:1065B000491BDB68ECE75064F8E700BF700C00246F
:1065C0002DE9F041184D6C6C54B3236901276E69B5
:1065D000013B2361236913BBE3680BB1A2689A6096
:1065E0006B64002304F11801E86C1A46FEF770FE94
:1065F00058B121460320D5E905836B61FEF7CBFA3C
:106600006B6913B9B04508BF0026E378012B09D1A7
:1066100061692046FFF7B8FF6C6C002CDAD16E611F
:10662000BDE8F0816770F7E7700C002408B5FEF74D
:106630003DFE18B9034B044A1A6508BD4FF0FF3000
:10664000FBE700BF700C0024C1650408044607B5D1
:106650004FF0FF33002269462046FEF779FE0028FE
:10666000F6D1DDE900309847F2E7000008B5094AA5
:10667000094B1A60094B9B1A094A1360094A0A4BD5
:106680001A600A4B9B1A0A4A136000F051F800F096
:1066900083F800BF00FC072494370024000008247E
:1066A0009037002418FB0024FC49002400FC072438
:1066B000F849002438B50E480B250E4B1C244560C4
:1066C00003600D4BC4608360FFF71CF80B4B186030
:1066D0000B480C4BC460C0E900350B4B8360FFF7DF
:1066E00011F80A4B1860BDE8384017F025B800BF14
:1066F000603700249841060874370024703700245E
:1067000030370024A54106084437002440370024D0
:10671000FDF72CBC024B4FF0FF311868FFF70AB8A9
:1067200070370024014B1868FFF71CB8703700243D
:1067300008B504F02DFD0C4B0C4998684FF0005340
:10674000C21802F16042126843F8042B8B42F7D161
:10675000054B4FF000529A6012F0A4FC13F0DEFEDD
:10676000BDE8084000F015B800ED00E098020020F8
:106770007047704708B500F043F8FFF7F9FFFFF7DF
:1067800099FFFFF7F6FF05F01BFEBDE80840FFF795
:10679000BFBFFEF70BBA0000114C124B23614FF440
:1067A000004363614423E3600F4BA3601823A3619C
:1067B0000E4B07B5224600210D482360FFF74CFE23
:1067C000034628B922460B4900900B4805F008FE05
:1067D000FEF704FA002309491A460093F5E700BFC3
:1067E00050D900245059002498370024BF4106088E
:1067F00075670408C44106081D010180E0410608D0
:106800001FB5064B6C460FCB84E80F002046FEF701
:1068100079FF034B186004B010BD00BFF8410608B3
:106820004859002473B506460C46154605F0CAFDC6
:1068300058B90634324628462ABF054B054953F855
:1068400024100023009305F0CBFD02B070BD00BF03
:10685000BC4306081043060808B500F0F7F800002E
:10686000002307B5421E00930023042A19D8DFE84D
:1068700002F003080C10140001220C490C4805F02A
:10688000AFFD02220B490C48F9E703220B490C48E3
:10689000F5E704220B490C48F1E705220B490C48A7
:1068A000EDE702460B490C48E9E700BF084206083D
:1068B0002501028029420608260102804E42060870
:1068C000270102808342060828010280BE42060892
:1068D0002A010280FE420608000102800146014AA8
:1068E000FFF7A0BF31010180014AFFF79BBF00BF46
:1068F00032010180014AFFF795BF00BF37010180D7
:10690000014AFFF78FBF00BF3301018011F1110F62
:1069100002D0024AFFF786BF704700BF34010180F2
:10692000014AFFF77FBF00BF3801018010B5FFF7B4
:10693000ABFD034B1B6813B1BDE81040184710BDF9
:10694000DC370024024B1B6803B11847704700BFB7
:10695000DC370024024B987A003818BF01207047BA
:10696000700C002408B5FEF77DF90022064905F0F9
:1069700045FEC31C04D98B220449054805F098FA4A
:10698000BDE80840FEF782B955690408F7430608D8
:1069900009440608B0F57A7F10B50C4604D03222BF
:1069A00019491A4805F084FA04F038FF0028184AFB
:1069B00016DB00F16043F02103F5614383F8001317
:1069C000916800F1100341F82340BFF34F8F9268A4
:1069D00052F823309C420AD03F220B490D48E1E790
:1069E00000F00F03F021043B13441976E8E7002878
:1069F00008DB0123420900F01F0003FA00F0064BF8
:106A000043F82200002010BDF7430608364406086C
:106A100000ED00E04344060800E100E008B505F0A1
:106A200075FDBDE8084005F024B80000014B18686A
:106A300005F054B828490024014B186805F010B837
:106A40002849002408B504F0E9FE08BD024C08B549
:106A500023689847FCE700BF140D00240C307047F2
:106A600003680BB108461847704710B50446FCF799
:106A700097FC204610BD08B5FCF770FD08BD00006E
:106A8000044B0022C3E901221A611A60024ADA604B
:106A9000704700BFE0370024616A040810B5002287
:106AA000034600F1110403F8012B03F8012B9C426B
:106AB000FBD1418210BD000042F60211024808B528
:106AC000FFF7ECFF08BD00BFF437002408B5FBF763
:106AD00086F908BD10B50446FCF762FC204610BDDF
:106AE00008B5FFF7C8FF08BDD0E90032096812F009
:106AF000010F01EB620005D010B454100A595DF883
:106B0000044BD35818470146043008B5FFF7ECFF93
:106B100008BD0000034A0346C26007C983E80700B6
:106B2000704700BF7044060810B588B0059108A9E9
:106B300002AC019001E90C0005A984E80C00FFF704
:106B4000E9FF019808B010BD37B56C46054684E8EA
:106B50000C0094E80C00FFF7E7FF284603B030BDB7
:106B600008B5FFF7D0FF08BD08B5FFF7F9FF08BD6E
:106B70000068704710B50446FAF7DAFF204610BDEA
:106B800010B50446FAF7D4FF204610BD10B50446F0
:106B90000021FCF755F8204610BD08B5FFF75EFF51
:106BA0000068003818BF012008BD884238B5044687
:106BB00006D00D46FAF7BCFF20462946FCF7F0FB4D
:106BC000204638BD884238B5044606D00D46FAF74F
:106BD000AFFF20462946FCF7E3FB204638BD08B549
:106BE000FFF73CFF0068003818BF012008BD10B552
:106BF00004460021FCF724F8204610BD70B5044679
:106C00000D46FFF7CAFF28B940F20222064907489D
:106C100005F04EF9E068FFF7ABFF29460346204632
:106C2000BDE87040184700BFA04406082C3F060886
:106C300008B5FFF7E3FF08BD70B504460D46FFF742
:106C4000CEFF28B940F202220649074805F030F984
:106C5000E068FFF78DFF294603462046BDE87040F7
:106C6000184700BFA04406082C3F060808B5FFF7E8
:106C7000E3FF08BD10B5044606F098FA204610BDA3
:106C800010B5084C204606F051FA00232046064A6B
:106C900084F8243023630549C4E90A33BDE8104071
:106CA00005F0DEBD0838002400000024756C0408DF
:106CB0000268914B9A422DE9F04393B040F019815C
:106CC0000FF07CFF05F0ECF98C4B0022C3F8842018
:106CD000BFF34F8FD3F8802043F6E074C2F3C900AE
:106CE000C2F34E32520102EA0406014646EA8175B9
:106CF0000139C3F87452F9D2203A12F1200FF2D1BF
:106D0000BFF34F8FBFF36F8F0022C3F88420BFF310
:106D10004F8F5A6922F480325A61BFF34F8FD3F8F4
:106D2000803043F6E070754CC3F3C901C3F34E33B2
:106D30005B0103EA00060A4646EA8275013AC4F896
:106D40007452F9D2203B13F1200FF2D1BFF34F8FD1
:106D5000BFF36F8F05F0BAF9694B01260025D3F810
:106D6000E0204FF400470DA9664842F001024FF0C1
:106D7000300902244FF00308C3F8E020D3F8E020E4
:106D800002F001020192019AD3F8E02042F00402DD
:106D9000C3F8E020D3F8E02002F004020292029A45
:106DA000D3F8E02042F04002C3F8E020D3F8E0201E
:106DB00002F040020392039AD3F8D82042F4004232
:106DC000C3F8D820D3F8D82002F400420492049AE1
:106DD000D3F8D82042F48032C3F8D820D3F8D82092
:106DE00002F480320592059AD3F8D82042F400329A
:106DF000C3F8D820D3F8D82002F400320692069ABD
:106E0000D3F8E02042F40072C3F8E020D3F8E03079
:106E100003F400730793079BCDE90D76CDE90F5579
:106E20000AF012FC0DA93848CDF834900AF00CFC99
:106E30003246102134480AF0EDFC32462021324817
:106E40000AF0E8FC0DA931480E960D940F950AF052
:106E5000FBFB324621462D480AF0DCFC192008F0E5
:106E600063FB39462A4627480AF0D4FC642008F020
:106E70005BFB3246394623480AF0CCFC0B274FF423
:106E8000605308A922480A95CDE90834CDE90B875B
:106E90000AF0DAFB08A91C480C97CDE90844CDE9B3
:106EA0000A580AF0D1FB08A917480C97CDE90894B5
:106EB000CDE90A480AF0C8FB802308A913480C97BB
:106EC000CDE90834CDE90A680AF0BEFB042308A91D
:106ED0000E480C97CDE90834CDE90A480AF0B4FB16
:106EE00008A90A480C97CDE90844CDE90A580AF0E8
:106EF000ABFB13B0BDE8F0830080024000ED00E082
:106F000000440258002402580008025800000258A9
:106F10000018025830B570B1CC6864B18A6852B1BB
:106F20000B6943B10D6849688560C1608361C0E940
:106F30000424002030BD4FF0FF30FBE773B5002381
:106F400046680446019366B1A36998470546A3695C
:106F50009847431BB3F5FA6FF9D901230025636005
:106F600027E0836803B198472023002523606369E5
:106F700001AA12213046984700281DDB019B03F02F
:106F80001F03B3421AD10025266020681F2833D87A
:106F90007DB923694FF400422946984700282EDB2B
:106FA000636901AA29462068984700280ADA6FF029
:106FB0000405284602B070BD6FF004050136202E8E
:106FC000D5D1E2E7A36998470646019B1B0402D48A
:106FD000002DB9D0EDE7A3699847801BB0F5FA7F83
:106FE00007D8636901AA0021206898470028ECDAD5
:106FF000DDE76FF00105E8E76FF00205D9E76FF014
:107000000305D6E737B500254369044601AA0121E7
:10701000006801959847A84203DA6FF0040003B0B6
:1070200030BD636901AA0121206898470028F4DB7C
:10703000019B5B072CD5636901AA29462068984704
:107040000028EADB019BDD040ED403F40452B2F500
:10705000045F01D10220E2E7980401D50320DEE7B6
:10706000D90513D50420DAE7636901AA1F21206836
:1070700098470028D1DB019BDA040BD503F01C03F1
:10708000182BE7D0082BE9D0142BEBD00520C6E74E
:107090000120C4E70620C2E740F2DC507047002020
:1070A00070470620704770477047C0F86C117047F2
:1070B0000020704711F00CB804300AF0C1BA08B5CE
:1070C00004300AF0BDFAA0F110035842584108BD3F
:1070D00010B5041D20460AF0B3FAE02807D1204677
:1070E00009F0DAFD2046BDE8104009F059BD10BD99
:1070F000F0B500F582779FB006460D46384606F09B
:107100001DF878220021684617F032F800226B46FD
:107110002C4611460CB30A2911D10024184A1949EA
:10712000022004F0B3F9AB7B012B02D9284600F012
:1071300087FD384606F020F820461FB0F0BD606895
:10714000186060890244586009B143F8043C24681F
:1071500004B99C6001310C33DCE70B49301D4A60F7
:107160003222C1F808D009F0C1FD034628B1074A10
:107170000220044904F08AF9D5E70124D3E700BFCF
:10718000AB440608D244060864380024D7440608F5
:10719000032A0846024928BF032216F0EBBE00BFAF
:1071A0006F4B060808B5044A0820044904F06EF93C
:1071B000BDE8084005F068BAFF440608D244060856
:1071C00010B5064C06492046FFF7A4FE2046FFF7FF
:1071D000B5FEB0FA80F0400910BD00BF443800246D
:1071E000180D00240148FFF70DBF00BF44380024EC
:1071F0000238032815D8DFE800F0020A0C114FF41A
:1072000000530B604FF4804301201360704700234C
:10721000F7E74FF400530B600023F5E700230B6002
:10722000F2E70020704708B500F0F2FA08BD000050
:1072300030B5051D85B000230C46284601A90093F2
:1072400009F02CFE48B96946284609F072FE38B1AB
:10725000184A0220184904F019F94FF0FF3026E0CF
:10726000284609F083FE0099002911DD019B03F0F7
:107270001F020A44BFF34F8F10481A44C0F85C3213
:107280002033D11A0029F9DCBFF34F8FBFF36F8F82
:107290004FF4C172BDF80010002000F003FD206023
:1072A00028B1BDF80020019900F082FD002005B052
:1072B00030BD00BF0A450608D244060800ED00E0D4
:1072C0003D200022072108B509F04AF83D20BDE81D
:1072D000084009F077B80020704700000022064BF4
:1072E0001B680270802243714270E12282701A0C86
:1072F000C2701A0A0271704700E8F11F10B5044607
:10730000FFF7E9FF20B92046BDE81040FFF7E6BFD0
:1073100010BD000070B586B0044609F075F82F491D
:107320002F4B02AD012604342846ADF80860CDE9A4
:1073300003134FF08073059309F088F840F20113AE
:107340002848ADF80830284BCDE903034FF48033CB
:107350002846059309F07AF8042009F065F8234BD4
:1073600028462360FFF7CAFF214B65600820236190
:10737000204B2672E36040F2F4531F4A63610A23F4
:107380001E490093042304F081F820460AF046F8D1
:10739000054600BB1A4E01463022301D16F0E8FEAD
:1073A000212333604FF44033C6E90453154E294678
:1073B000013532460023204606F5BF6609F0D2FBB0
:1073C000042DF4D1104A08200C4904F05FF8FFF7AF
:1073D000F7FE06B070BD0020FBE700BF00000430E0
:1073E00009000003004004300D000003008002404B
:1073F000000004300001043035450608D244060878
:1074000064380024000404304F450608084608B5D7
:10741000FFF774FF012008BD002307B51A46024993
:107420000248009304F0DCFF69450608050011805E
:10743000002307B51A4602490248009304F0D0FF22
:107440009D4506080500118038B50D4B0025044602
:10745000036000F5827040F8485C05F067FE04F5B3
:10746000947005F063FE04F5A670FFF7C0FB04F509
:10747000AE70FFF78BFB2046C4F8705138BD00BFDB
:107480003846060810B50B4C2378BFF35B8FDB073B
:107490000ED4204605F0F4F950B10748FFF7D4FFA9
:1074A000204605F00FFA054A0549034805F0D8F9CA
:1074B000014810BD3C380024983800240000002406
:1074C0001D75040837B50D4604460192FFF7DAFF33
:1074D000019B2A462146043009F032FE003818BFCD
:1074E0000120404203B030BD37B50D46044601923D
:1074F000FFF7C8FF019B2A462146043009F04EFEE3
:10750000003818BF0120404203B030BD08B5FFF776
:10751000B9FF043009F046FF002008BD0A4B10B542
:107520000446036000F5AE70FFF72AFB04F5A67071
:10753000FFF720FB04F5947005F038FE04F5827027
:1075400005F034FE204610BD3846060808B500F5A3
:10755000A670FFF72AFB08BD08B500F5AE70FFF76F
:1075600031FB08BDF0B59DB00446FFF73BFE012896
:107570000546D4F8707139DD012F18DC01AA02A983
:10758000FFF736FE18B94FF40053CDE90130261D40
:1075900003A9304609F034FE019B03A93046099344
:1075A000029B089309F0F2FE304609F02BFB04F52C
:1075B000AE763046FFF7F1FA60B1012D0EDD012FF6
:1075C00008DC01213046FFF733FB114A114908203E
:1075D00003F05CFFC4F870511DB0F0BD012FF9DD60
:1075E00000213046FFF724FB0B4AEFE7012FDEDDD9
:1075F0000A4B4FF00052C3F88420BFF34F8FBFF304
:107600006F8F201D09F048FB2046FFF759FECEE79B
:10761000D1450608D2440608F045060800E100E01E
:1076200073B50446002600F594752846019605F0CA
:1076300085FD01A92046FFF7FBFD002804DA284656
:1076400005F09AFD02B070BD019919B104F5A6705C
:10765000FFF70CFB284605F08FFDE6E738B50E4C2A
:1076600005462378BFF35B8FDA0708D4204605F080
:1076700007F920B1094B20461D6005F023F9074C9E
:107680004FF0FF3200210120FEF766FFC307F7D558
:107690002068FFF7C5FFF3E740380024103A0024C4
:1076A000D0E90032096812F0010F01EB620005D049
:1076B00010B454100A595DF8044BD35818470146CA
:1076C000043008B5FFF7ECFF08BD0000034A03468D
:1076D000C26007C983E80700704700BF2446060858
:1076E00010B588B0059108A902AC019001E90C0021
:1076F00005A984E80C00FFF7E9FF019808B010BD68
:1077000037B56C46054684E80C0094E80C00FFF79A
:10771000E7FF284603B030BDF0B505468DB004F054
:107720009DFF2846FFF7F6FD064600284ED0202292
:10773000002104A816F01CFD264B4FF400600393B3
:1077400016F0C8F805F1C00303AA2946079005936F
:107750004FF4006320480893442306932823099399
:10776000FEF77AFEC5F8BC0003F0B0F91B4B0746E4
:107770001A4A01930023294603A80293FFF7C0FF8A
:107780001021384602F04EFF0446A0B103A9FFF7CE
:10779000A1F92046C82103F0E8F82046C82103F0EB
:1077A000E7F820460E4903F0E6F822460D49384630
:1077B00002F0F8FF044603A8C5F87441FAF70FFB7E
:1077C0000A20FCF73DFE2846FFF77AFD30460DB053
:1077D000F0BD00BF104606085D7604086575040814
:1077E000CD6A0408E16A040808B5FFF768FF08BD20
:1077F00008B5FFF7F9FF08BD08B5FFF743FED0F85D
:10780000BC0020B10121BDE80840FEF76BBE08BDF9
:1078100008B5FFF737FE0430BDE8084009F0ECBBBF
:10782000130911D051F804CB40F804CB51F804CB24
:1078300040F804CB51F804CB40F804CB51F804CB0A
:1078400040F804CB013BEDD112F00F0305D011F845
:1078500001CB00F801CB013BF9D170470222002394
:1078600073B504460E4600681146FCF7B1FF021ED0
:1078700001DB930709D4002316491748009304F04D
:10788000A7FD4FF0FF3002B070BDFDF7BDF994F8D1
:1078900024300546012103F10A02013303F00703F6
:1078A00044F82260206884F82430FCF74DFF94F8F7
:1078B000243094F82520013303F00703934203D1C9
:1078C00002212068FCF76EFF2846FDF7B3F900207F
:1078D000D9E700BF804606080F01038013B50446B0
:1078E0004FF0FF310068FDF725FF30B1002322463D
:1078F00003490448009304F073FD02B010BD00BFBB
:10790000984606081501038013B504460068FDF784
:1079100029FF30B10023224603490448009304F0B4
:107920005FFD02B010BD00BFAE4606081701038020
:10793000094B07B54FF0FF311868FDF7FBFE30B17A
:107940000023064906481A46009304F049FD012029
:1079500003B05DF804FB00BF90D90024C6460608BA
:1079600015010380074B07B51868FDF7FBFE30B122
:107970000023054905481A46009304F031FD03B081
:107980005DF804FB90D90024DE4606081701038049
:1079900070B5064609200D4600F006F9044660B1B0
:1079A000012301460370C0E901650548FFF756FF52
:1079B00028B12146092000F003F94FF0FF3070BDD7
:1079C000143A0024F8B5044600286ED0830705D089
:1079D000FFF7AEFFBDE8F840FFF7C4BF334EA0F19C
:1079E00008053368AB42F3D8314F00F10C03396816
:1079F0009942EDD32F48FFF771FF14F8043C1BB9EF
:107A00002C48FFF781FFE3E734F8080CB0F57A5F04
:107A1000F6D834F8062CB2F57A5FF1D83368A5EBC6
:107A2000030C1FFA8CFC944502D09A5A6245E7D1A8
:107A300019183E68B14202D04A886245E0D100225E
:107A400004F8042C1C4A1768AF4288BF15608D42A9
:107A500011D00F797FB9B1420DD01668B142195AD1
:107A600024F8081C195A08BF1560B1F57A5F1CBFCD
:107A7000C918A1F802C034F8061C581885420FD066
:107A800006796EB91668B54208BF106034F8082C44
:107A90005A5234F8082CB2F57A5F1CBF9B185980F3
:107AA0000448BDE8F840FFF72FBFF8BD903A002426
:107AB000943A0024603A00245C3A00242DE9F04115
:107AC000002850D0C41C24F00304A4B20B2C04D909
:107AD000B4F57A5F02D9002045E00C24A042FAD820
:107AE00026486FF00708FFF7F9FE254B2548C4F537
:107AF0007A5E19680268531A9BB2734503D31F4814
:107B0000FFF702FFE7E7CD18CF5A95F804C0BCF1A4
:107B1000000F30D1A8EB03063E44A6422BD304F15C
:107B2000140E764521D308341C44A6B211FA84F40D
:107B300084F804C08F53638001232E802B718B5BEC
:107B4000B3F57A5F01D00B445E80AA4206D10E4B9A
:107B50001B6814790CB193420AD102600748FFF701
:107B6000D3FE05F10800BDE8F08101232B71ECE79D
:107B700012880A44EDE73B46BFE700BF603A0024A5
:107B8000903A00245C3A0024943A002410B504464C
:107B9000FFF7CEFE23681C680CB122681A60FFF75D
:107BA000E1FE204610BD00000E2805D8034B53F817
:107BB00020000830FFF7EABF00207047AC470608F6
:107BC0000E2838B50C460DD861B1074B53F820503C
:107BD000FFF7AEFEAB681A6822601C60BDE8384053
:107BE000FFF7C0BE38BD00BFAC47060808B5FFF7B9
:107BF0009FFE084B00221A70FFF7B4FE064B186870
:107C000000B908BD436F1BB1BDE8084000F00AB9D8
:107C1000C068F5E795F300249CF3002470B5064690
:107C20000D200C461546FFF7BFFF40B1002304812D
:107C3000448143730573C0E900360123C38170BDDD
:107C400070B5044660B30025FFF772FEA67B013EC7
:107C5000F6B2A673FFF786FE4EB9637B26689B07D4
:107C600009D52369204698470135EDB20EB928465B
:107C700070BD3446E8E7237B03F00F03022B04D1E9
:107C800021460E20FFF79CFFEEE7012B02D1214693
:107C90000D20F7E7002BE7D12046FFF793FEE3E73F
:107CA0000546E4E7B2F5C17F2DE9F04706460F46E9
:107CB00085B230D007D822F04003012B26D0002413
:107CC0002046BDE8F087B2F5207FF8D10335CB1C04
:107CD00025F0030523F003031D44ADB205F11000A8
:107CE0009D4280B2EBD38342E9D8FFF7E7FE04461A
:107CF0000028E5D006440023078113360360284B93
:107D000026F003064781C3604660D9E70020BDE83E
:107D1000F047FFF783BF0026DFF890903446B04667
:107D20000E20B246FFF740FF0646C8B91D4DFFF7CB
:107D3000FFFD01232F782B70FFB2FFF713FE4FB921
:107D400031461948FFF724FE20B1FFF7F1FD2E70F0
:107D5000FFF708FE002CB2D02046FFF771FFAEE718
:107D6000EB1C0544C0F8008023F0030313350781A2
:107D7000C3F5147325F00305C0F80C909BB2456061
:107D8000BB4228BF3B4643813CB1CAF80000FB1A06
:107D900000259FB2002FC3D192E70446F7E700BF4A
:107DA0008000010095F30024ED7B040882000100AF
:107DB0002DE9F0410F4614460546B8B1B1B103892B
:107DC000934216D34FF0000814B92046BDE8F08165
:107DD0006E8907EB08016868A64228BF264632462E
:107DE000A41BFFF71DFDB0442D68EDE76FF00F00F9
:107DF000ECE74FF0FF30E9E710B5044648B14068C2
:107E000008B1FFF71DFF21460420BDE81040FFF731
:107E1000D7BE10BD10B500B910BD0468FFF7ECFF68
:107E20002046F8E710B50446406F18B1FFF7F2FF9F
:107E30000023636710BD0000F8B50546064655F8F7
:107E4000044B8CB90D4F386818B14FF0FF31FDF776
:107E500071FC346824B928462C4605F067F9356072
:107E6000386808B1FDF77EFCAC4204D08B2204498F
:107E7000044804F01DF82046F8BD00BF485900240E
:107E80000C4806081B480608704710B504467021C8
:107E900004F06CFF204610BD38B50546044655F881
:107EA000043B9B68984728460FF070FF23680546FF
:107EB0002046DB689847284638BD000008B50348CF
:107EC000FFF7BAFFBDE8084005F038B9D43A0024FE
:107ED00008B50348FFF7B0FFBDE8084005F04CB90E
:107EE000D43A0024084B13B504460360C2660191DE
:107EF000FFF7E4FF0199201D0EF0E2FF2046FFF797
:107F0000E7FF204602B010BD48480608036801227A
:107F100000211B691847036800221B691146184796
:107F200007B5019004F0BCF80121019810F0ACF8FD
:107F300003B05DF804EB04F0C9B807B5019004F094
:107F4000AFF80021019810F09FF803B05DF804EB42
:107F500004F0BCB807B5CDE9001004F0A1F8DDE9E4
:107F6000001010F08DF803B05DF804EB04F0AEB82B
:107F7000094B30B51A46094CD3F89450A542FBD1B1
:107F8000036829B181680B604FF44073536130BDC1
:107F9000C1681B04F7E700BF0064025800030080BB
:107FA0004168034630B471B1D0E9032000F0010408
:107FB00002B944B1451001EB60000CB149598A582F
:107FC000996830BC104730BC70477FB506461D46E7
:107FD000044656F8303BCDE902211B6898479DF8CE
:107FE0002030304683F00103DDE9022100932B4667
:107FF00010F094FD2368064620465B689847A81B4E
:1080000018BF012004B070BD70B590B00D46144685
:1080100000211C2202A816F0ABF8012600232946F5
:1080200002A800961A4602F0D8FD1C22002109A8D9
:1080300016F09EF80023214609A81A46009602F081
:10804000CCFD0A9B1A68099B1A4203D16FF001000C
:1080500010B070BD039B1968029B194046D109A856
:108060000A24FFF777FF09A8FFF75AFF002109A8A4
:10807000FFF770FF002109A8FFF77AFF052004F041
:10808000C1FF012109A8FFF765FF012109A8FFF73A
:108090006FFF052004F0B6FF013CE7D102A8FFF70F
:1080A0003FFF214602A8FFF763FF052004F0AAFF67
:1080B000012109A8FFF75CFF052004F0A3FF0121BF
:1080C00002A8FFF755FF052004F09CFF02A8FFF768
:1080D00034FF09A8FFF731FF0A9B1A68099B1A426F
:1080E000B4D0039B1A68029B1A42AFD00020AFE7BE
:1080F00010B504460021FAF7A3FD204610BD00226A
:10810000034600F1280143F8042B03F8012B9942A0
:10811000FBD1704708B5D030FFF78EFEBDE80840B0
:1081200005F00CB808B5D030FFF786FEBDE8084072
:1081300005F022B8F8B51B4B04460D46164640F82C
:10814000043B04F13007FFF7D3FF0021164B9C22BC
:10815000A18538466361A461C4E90711C4E9091126
:1081600016F006F8114B04F1D000C4F8CC30FFF73C
:10817000C6FF2046FFF7CEFF324629462046A4F828
:10818000F850A4F8FA60FFF73FFFB4F9FA20B4F909
:10819000F810384610F088FC2046FFF7C3FF204651
:1081A000F8BD00BF60480608A17F0408A086010052
:1081B000D0F89030012B10B5044686B004D90020C9
:1081C00084F8940006B010BDDBB204300493D0F8FC
:1081D00088300393B0F99C300293B0F99A30019340
:1081E000B0F998300093B0F99630B0F99420B0F916
:1081F000921011F01DFAB0FA80F04009E0E700009B
:10820000F8B51D461D4B04460F46164640F8043B84
:108210005C22002115F0ACFFBDF918304FF400329C
:108220002046A4F89C302266BDF91C30099AA4F8B7
:108230009E30C4F89020BDF92030114AA4F8A03037
:108240000023C4F88C200F4AA4F89670A4F8986014
:10825000A4F89A50C4F8A430A4F86430C4F8883064
:1082600084F89430C4E92A23FFF7A2FF20B9422200
:108270000549064803F01CFE2046F8BDA84806083C
:1082800040420F00B1810408894806089248060858
:108290002DE9F0479DF82070044689469246022F4A
:1082A00098469DF8246024D8134BDB5D0BB3B6FBD6
:1082B000F3F503FB156515F0FF051AD103689B68FC
:1082C00098479DF82830204684F8646084F865302B
:1082D0000B9B84F86090C4F88830236884F861A010
:1082E000DB6884F8628084F8637098472846BDE8AC
:1082F000F0874FF0FF30FAE79A48060838B590F853
:10830000943004460D4693B103689B68984729460C
:10831000C4F88C50201D11F06FF90038236818BF85
:108320000120DB68454220469847284638BD4FF07B
:10833000FF35FAE7F8B504460F461646002120221D
:1083400068301D4615F014FF94F86030791C84F8ED
:10835000683016BF0023012384F86970721C84F80A
:108360006A3094F8613018BF266784F86C3094F84E
:10837000623084F86D3014BF0023012384F8743018
:1083800094F8633084F8783094F8643084F8793065
:108390006B1C16BF00230123E56784F88030D4F8F6
:1083A000883084F8843094F8653084F88530F8BDDE
:1083B000F7B50093054690F8943016460191DDE933
:1083C00008740BB3ECB1E7B12368EBB103689B68A9
:1083D000984733462846DDE90021FFF7ABFF2346E7
:1083E0003A4605F16801281D11F05CFA041E2B685D
:1083F000284618BF0124DB6864429847204603B032
:10840000F0BD6FF00104F9E74FF0FF34F6E7F7B580
:108410000093054690F8943016460191DDE9087402
:108420000BB3ECB1E7B12368EBB103689B689847E5
:1084300033462846DDE90021FFF77CFF23463A4614
:1084400005F16801281D11F00BFA041E2B6828465F
:1084500018BF0124DB6864429847204603B0F0BD92
:108460006FF00104F9E74FF0FF34F6E730B51D4631
:1084700085B090F894300446CDE90221FBB1036841
:108480009B6898474FF0FF332046DDE90221FFF754
:1084900051FF0A9B2A4604F168010193201D099BA4
:1084A0000093089B11F020FA0038236818BF0120C0
:1084B000DB68454220469847284605B030BD4FF05E
:1084C000FF35F9E708B50348FFF7B6FCBDE80840FB
:1084D00004F034BEFC3A002408B50348FFF7ACFCB6
:1084E000BDE8084004F048BEFC3A002438B5074B0C
:1084F0000546044645F8043BFFF7E4FF284611F023
:108500002DF82046FFF7E8FF204638BDA8480608AA
:1085100010B50446FFF7EAFFB021204604F026FC20
:10852000204610BD7047000070B500F10C060446EF
:10853000B0F95820B0F95610304611F091FCD4E94A
:1085400018530DB9DA070ED55A1094F8681004EBD9
:108550006300DB0748BFA358B4F96A2048BF5D59E0
:10856000B4F96C30A847216D304611F093FB2246D8
:1085700030460249BDE870400EF002BF7188040821
:1085800073B51E46C36D04460D462BB140F235123D
:108590002B492C4803F08CFC2B490192C0E918139D
:1085A00003681B689847019A84F86850A4F86A2009
:1085B000A4F86C60042D0BD8DFE805F01603111643
:1085C00019004FF0FF33012104F10C000EF0CEFF33
:1085D000236820465B6802B0BDE870401847134628
:1085E00002214FF0FF32EFE733462946ECE7012343
:1085F000013284F884300ED01C2004F083FBB4F9DF
:108600006A6005461C22002115F0B2FD314628465D
:1086100002F0C5FA2567B4F96C300133D8D01C20BC
:1086200004F070FBB4F96C6005461C22002115F0C3
:108630009FFD00223146284602F0B6FA6567C7E77B
:10864000D1480608E04806088185040810B50446AC
:10865000F9F76EFA2046FAF79DFE204610BD70B578
:1086600006460D46044656F80C3B1B6898473046B4
:10867000294611F00FFB2368204625655B68BDE89D
:10868000704018477FB505460446019355F80C6BBA
:10869000CDE902213668B04728460399DDE9013269
:1086A00011F06AFB236820465B6804B0BDE87040A7
:1086B0001847000070B50546044655F80C3B1B688A
:1086C0009847284611F080FA94F8843005467BB12B
:1086D000626F6AB10B4B0C481946D3F8946086421E
:1086E000FBD1136855B9926813604FF440734B6126
:1086F000236820465B689847284670BDD2681B04F3
:10870000F2E700BF006402580003008038B5054658
:10871000044655F80C3B1B689847284611F064FA4C
:1087200094F88430054643B1236F00F001055A6880
:108730001B6812681A4218BF0025236820465B6830
:108740009847284638BD0C300EF0C8BE10B50C4610
:108750000C300EF0F7FE204610BD00002DE9F04170
:1087600098461F4B0025044603600F461D4B2946C3
:1087700016468560436024220C3015F0F9FC04F1A4
:108780003000FAF7AFFC04F14000FAF7ABFC40F21E
:1087900001136566A4F854304FF6FF73C4F8805097
:1087A000A4F86A30A4F86C30A368C4F850805A105A
:1087B00013F0010F04EB63006368A4F85670A4F88B
:1087C000586084F8685084F88450C4E91755C4E9A7
:1087D0001E551CBFA258D35898472046BDE8F081CB
:1087E000004906082985040803682DE9F04104467C
:1087F0001B6815460F46984794F85430EE1C03B199
:108800007DB194F855300BB1012D0AD0394604EBF7
:108810000610FAF78DFE236820465B68BDE8F0413C
:10882000184703F03DFC384604EB061604F10C082B
:10883000FAF78BFE88B13046FAF787FE08B903F0E5
:108840000DFF39463046FAF773FE012229464046AD
:108850000EF0A2FD03F03AFCDDE73046FAF775FEB4
:1088600008B103F011FF3046FFF7F0FE0022EDE7FC
:10887000033110B500EB01142046FAF766FE10B183
:108880002046FEF7F8F810BD036870B504461B6873
:108890000D46984794F85430AB422DD065B194F80A
:1088A00055304BB9A2686368511004EB6200D207DF
:1088B00044BF6258D358984704F1300603F0F0FBE8
:1088C00005B33046FAF741FE50B13046FAF746FE9E
:1088D00003F0C4FE0122002104F10C000EF05CFD47
:1088E00003F0F4FB84F8545035B994F855301BB9B3
:1088F00004F10C0011F04EF8236820465B68BDE8D7
:108900007040184704F10C002A4629460EF044FD39
:108910003046FAF71AFE0028E2D003F0B5FEDFE792
:10892000036870B504461B680D46984794F85530A7
:10893000AB422DD065B194F854304BB9A26863684E
:10894000511004EB6200D20744BF6258D3589847D5
:1089500004F1400603F0A4FB05B33046FAF7F5FD39
:1089600050B13046FAF7FAFD03F078FE012204F127
:108970000C0011460EF010FD03F0A8FB84F85550D2
:1089800035B994F854301BB904F10C0011F002F819
:10899000236820465B68BDE87040184704F10C006E
:1089A0002A4601210EF0F8FC3046FAF7CEFD0028E9
:1089B000E2D003F069FEDFE71FB5184B0446002143
:1089C00003606846FAF795FB002269462046FFF7E8
:1089D0000BFF6846F9F703FA00216846FAF789FBAE
:1089E000012269462046FFF7FFFE6846F9F7F7F9CE
:1089F00094F8543013B994F855301BB104F10C00BD
:108A000010F0C8FF04F14000F9F7E9F904F1300073
:108A1000F9F7E5F9204604B010BD00BF004906088B
:108A200010B50446FFF7C8FF8821204604F09EF9E0
:108A3000204610BD437D10B504461BB1037D0BB12C
:108A400003F022FE204610BD13B5044601A802F033
:108A500033FD637D53B9237D0BB103F0FFFD206926
:108A600002F075FB0123C4E90001637501A802F05F
:108A70002BFD02B010BD37B5044601A80D4602F02B
:108A80001BFD00230022C4E900236B7D4BB1286944
:108A900002F05DFBD5E90032C01A61EB0201C4E9C6
:108AA000000101A802F010FD204603B030BD30B532
:108AB00085B00D46044603A802F0FEFC2946684630
:108AC000FFF7D9FF009B019AD5E902105B1840EB34
:108AD000020203A8C4E9003202F0F6FC204605B009
:108AE00030BD13B5044601A802F0E6FC206902F08F
:108AF0002EFB00220023C4E90001C4E9022301A8DF
:108B000002F0E2FC02B010BDD0B500230026002721
:108B10000446016102754375C0E90067C0E9026758
:108B2000FFF7DFFF2046D0BD10B5044602F022FB60
:108B3000012201462046FFF7E7FF204610BD10B591
:108B4000044602F06DF8002201462046FFF7DCFFE4
:108B5000204610BD03681B681847000010B5084B7D
:108B600004460022084623600023A1610549C4E9A8
:108B700002230023C4E9043302F078FA204610BD32
:108B800018490608558B040807B500F10801009044
:108B9000806902F0A9FA03B05DF804FB00F1080156
:108BA000806902F0B9BA002070476FF01C0070476E
:108BB0006FF01C0070476FF0150070476FF01500E4
:108BC0007047012070470120704700207047002047
:108BD000704770B511F0010405468EB204D0FFF75E
:108BE00069FD041E18BF0124F30605D52846FFF7CA
:108BF0008DFD08B144F01004204670BDA0F188003E
:108C0000FFF7E7BF08B5FFF73FFE002008BDA0F162
:108C10008800FFF7F7BF08B5FFF782FE002008BD08
:108C2000A0F18800FFF7F7BF034B10B504460360BF
:108C3000FFF7C2FE204610BD24490608A0F18800B7
:108C4000F2E700BF10B50446FFF7EEFF8C21204687
:108C500004F08CF8204610BDA0F18800F2E72DE961
:108C6000F04106460D461746CAB103F016FA80F0E9
:108C7000010313F0FF0403D0336830461B689847A4
:108C800005EB0708454505D015F8011B3046FFF7F1
:108C90005DFDF7E71CB1336830465B68984738469E
:108CA000BDE8F081A0F18800FFF7D9BF38B50446D0
:108CB0000D4662B103681B6898472046FFF743FDE5
:108CC0002870236820465B689847012038BD10460D
:108CD000FCE7A0F18800FFF7E9BF000010B50446EB
:108CE000FFF73CFD044B204603F1080244332260A9
:108CF000C4F8883010BD00BF1C49060830B50568AF
:108D000085B0044601932D68CDE90221A84720468D
:108D10000399DDE90132FFF733FC236820465B68E5
:108D200005B0BDE83040184710B50446F8F700FF1D
:108D30002046FAF72FFB204610BD70B504460E46BC
:108D400003F0AEF9A5695DB104F10800FFF7ECFF8F
:108D5000012384F8216084F820300023E361A361BB
:108D600003F0B4F92DB121462846BDE8704000F06B
:108D700078B970BD08B104F0E1B903F091B908B158
:108D800004F0FAB903F0A2B92DE9F041044686B027
:108D90000E46174603F084F9A56903F097F935B339
:108DA00001AD0021284604F023FA03F079F9D4E953
:108DB000068323B139220F490F4803F079F8E561A2
:108DC00003F084F9B8F1000F0ED03946284604F0BC
:108DD00017FA48B93046FFF7CDFF20460121FFF7CB
:108DE000ACFF3046FFF7CBFF284604F02AFA06B066
:108DF000BDE8F081C5490608D149060838B5002507
:108E0000054B0446456040F8083BFAF76BF92046ED
:108E10002584C4E9065538BDF8490608074B10B546
:108E200003600446836923B126220549054803F0FF
:108E30003FF80830F8F7D3FF204610BDF849060880
:108E4000C5490608DF49060830B5044685B003F079
:108E500027F904F1080568462946FDF706FE28466D
:108E6000FFF762FF0023E069A36108B104F0E6F9AF
:108E700003F02CF96846FAF768FB10B16846FDF775
:108E8000FAFD6846F8F7ABFF05B030BD002201607F
:108E9000C0E9012201220273704770470346007B3C
:108EA00030B1D3E90020136898428CBF0020012024
:108EB00070470123D0F800C02DE9F04303FA01F117
:108EC0001F4682EA030E1CF823500D4204D005F021
:108ED00030053AB1102D07D10133112BF3D14FF0EA
:108EE000FF300FE0002DF7D05C00D0F80880023C86
:108EF00042EA040607FA06F919EA080FECD1202D18
:108F000002D03046BDE8F0834EEA040407FA04F4C8
:108F100014EA080FF5D0DFE770B50D461146044698
:108F20001E462A46FFF7C5FF002802DA00202073FC
:108F300070BD42082168636801EB8201CD884979E0
:108F40001D44012306FB0151616003FA00F1A3688F
:108F500042EAC0100B43C0B2A360E9E713460A46D9
:108F60000121FFF7D9BF13460A460021FFF7D4BFFE
:108F700013B504460A4601910021FFF7EFFF019A5D
:108F80000021204602B0BDE81040FFF7ECBF0022F0
:108F9000C0E90022704770470068704700230B60EB
:108FA000436813B90160416070471960FBE70368CB
:108FB0002BB11A6802B94260026000221A6018469A
:108FC000704710B50468002223468B4203D083B15A
:108FD0001A461B68F9E70AB10B6813608C4204BF9C
:108FE0000B68036043688B424FF0000308BF426088
:108FF0000B6010BD10B50446FFF7C9FF204610BD39
:1090000008B5FFF7C9FFB0FA80F0400908BD70B598
:1090100005462846FFF7C0FF044678B150F8043CE7
:10902000061F9B683046984740B12846FFF7BFFFB0
:1090300054F8043C3046DB689847EAE770BD70B5E9
:1090400004460D46FFF7A8FF0646291D2046AC61E1
:10905000FFF7A4FF26B92046BDE87040FFF7D7BF51
:1090600070BD70B50C460546FFF796FF064604B185
:10907000043421462846FFF7A4FFA64204D128461F
:10908000BDE87040FFF7C3BF70BD10B50446204671
:10909000FFF782FF28B150F8043C0438DB6898479A
:1090A000F5E710BD10B50446FFF7EFFF2046FFF7C8
:1090B00072FF204610BD704730B50D460E4985B091
:1090C000044640F8041BCDE90232FAF70BF8002100
:1090D00004F1400004F08CF804F1540004F026F888
:1090E0000899204600912946DDE9023204F0F8F89B
:1090F000204605B030BD00BF085A06087047036817
:109100009B6D184770B5002386B04FF4897490F8B2
:109110002013CDF8063005AE8DF80A300389ADF87E
:1091200004400224ADF8103040F201234268ADF84B
:10913000123040F203138DF8074001ACADF8143043
:1091400000F10A038DF80B101D46039222460833E6
:1091500003CAB24243F8080C43F8041C1446F5D184
:10916000128828461A8006B070BD0000004870477B
:10917000E04C060800487047184D06080048704744
:10918000E44C0608004870472A4D0608004870471E
:10919000104D060800487047FA4C0608036810B5E1
:1091A00004465B6F9847D4F8EC0203681B6F98473E
:1091B000236820469B6FBDE81040184708B5D0F8DB
:1091C00034332BB940F2CD620249034802F070FEFD
:1091D00008BD00BF254A0608334A060810B50446F4
:1091E00002F05EFFD4F834330133C4F834332BB9C2
:1091F0004FF4D7620249034802F05AFE10BD00BF87
:10920000254A0608334A060838B5D0F834330446F0
:10921000012B10D10025D4E9C93000F0010203B9B7
:109220004AB1411004EB6000C4E9C9550AB1625863
:10923000D3589847EFE7D4F834332BB940F2C662DD
:109240000549064802F034FE013BC4F83433BDE85A
:10925000384002F03BBF00BF254A0608334A0608E3
:10926000002307B51A4602490248009303F0B8F8F4
:109270003F4A06080E011580002307B51A46024929
:109280000248009303F0ACF8674A06080401158011
:10929000036873B50446DB6F9847B4F8F8120B12F5
:1092A000022B25D0032B56D0012B04D12368204656
:1092B0001B6B984708B9002018E0236820461B6BF9
:1092C00098470678122EF6D1236820461B6B9847E4
:1092D0004578012DEFD123682046C4F804631B6B49
:1092E0009847C4F80003284684F8085302B070BDBC
:1092F000C9B2236820465B6B019198470028DAD0F9
:109300002368204601995B6B984703780199092BE4
:10931000D1D1236820465B6B984743780199022B93
:10932000C9D1236820465B6B98472368857820461F
:109330005B6B01999847C3780199204645EA03255C
:109340002368C4F804535B6B9847C4F800030120FA
:1093500084F80803CAE7C9B20529ACD8DFE801F0F0
:10936000030F19232D37236820469B6B98470378FA
:10937000C4F8043323689B6B20469847E5E72368CD
:109380002046DB6B98470378C4F804332368DB6B13
:10939000F2E7236820461B6C98470378C4F804332F
:1093A00023681B6CE8E7236820465B6C98470378CA
:1093B000C4F8043323685B6CDEE7236820469B6CAB
:1093C00098470378C4F8043323689B6CD4E7236878
:1093D0002046DB6C98470378C4F804332368DB6CC1
:1093E000CAE70B78DB0913700B78C3F34113537092
:1093F0000B7803F01F0393704B78D370C8788B7889
:1094000043EA0023938048790B7943EA0023D38011
:10941000C8798B7943EA002313817047036870B5DC
:1094200004465B6F0D46984794F80C33022B05D029
:1094300040F23D120849094802F03AFD084B204627
:1094400084F81053C4F824330023C4F82833236865
:10945000BDE870409B6F1847254A0608864A0608F3
:109460002399040838B503680446DB6F984794F8DD
:10947000083313B10025284638BDD4F8EC02036840
:109480005B6C9847D4F804239042F3D8D4F80013C7
:10949000121A0144C4F80423C4F80013A2B9022329
:1094A00094F80A5384F80C3345B1236804F53D71F0
:1094B000204684F80A239B6E9847DCE7012120466A
:1094C000FFF7ACFF0125D6E7D4F8EC02D4F820432F
:1094D0000368A2421B6C28BF22469847F2E70000AF
:1094E000036813B50446DB6F984794F81C33012BCF
:1094F00006D800230F491A4600930F4802F070FF68
:1095000094F80C3323B100230C491A460093F4E776
:1095100094F80B33032B0BD02046FFF7A3FF38B989
:10952000D4F8EC020368DB6C02B0BDE810401847C9
:1095300002B010BD3F4A06080E011580B14A060868
:1095400038B503680446DB6F984794F80833012B5D
:109550003BD1D4F8045335B994F809330BB901253C
:109560002CE084F80953D4F82023D4F8EC02954277
:10957000D4F80013036828BF15469B6C2A46984709
:10958000D4F80033D4F804232B44551BC4F800331B
:10959000C4F80453002DE2D194F80923002ADED147
:1095A000022394F80A5384F80C334DB1236804F570
:1095B0003D71204684F80A239B6E9847284638BDA3
:1095C00001212046FFF72AFFC9E70025F6E70368D7
:1095D00010B50446DB6F984794F81C33012B01D873
:1095E000FFF73EFE94F80B33032B0AD02046FFF71B
:1095F000A7FF30B9D4F8EC020368BDE81040DB6C7B
:10960000184710BD036870B504465B6F0D46984758
:1096100094F80C33032B05D04FF4C3720849094862
:1096200002F046FC084B204684F81053C4F824335B
:109630000023C4F828332368BDE870409B6F1847A7
:10964000254A0608FB4A06083BA20408036810B531
:109650000446DB6F9847012004F21D33C4F804036D
:10966000C4F8003384F8080310BD036810B504463D
:10967000DB6F984794F81C33042B05BFB4F82E33E6
:1096800001200020A4F8FA3201BF04F54C73C4F89D
:109690000403C4F8003384F8080310BD036810B550
:1096A000DB6F044698470423204694F8F82284F898
:1096B0000C332368B4F8FA121B6F9847012010BDD1
:1096C000036870B504465B6F0D46984794F80C33F9
:1096D000042B05D04FF4EB720849094802F0E8FB6F
:1096E000084B204684F81053C4F824330023C4F8F0
:1096F00028332368BDE870409B6F1847254A060849
:10970000274B0608B3990408036810B50446DB6FBD
:10971000984794F81C33042B02D0B4F8FA328BBB70
:1097200094F8F632012B0FD0022B10D053BB164BFE
:1097300001221A80144B0120C4F80033022384F85C
:109740000803C4F8043310BD0F4B0022F1E7B4F84E
:10975000FA2222F08F03ABB912F00F0F0A4902D19F
:1097600000230B80E6E7530003F01E0343EAD21305
:109770001822023B02FB034393F830309B07EFD5DE
:109780000123EEE70020DEE7243B0024036810B548
:10979000044690B0DB6F9847D4F8EC02D4F820234D
:1097A00069460368DB6B984704F53D7269462046BD
:1097B000FFF717FE002311462046C4F80833C4E91A
:1097C000C033012384F80C3323685B6E984710B0D4
:1097D00010BD036810B50446DB6F984794F81C333E
:1097E000012B01D8FFF73CFD012394F80C2384F8EA
:1097F0002C3322B92046BDE81040FFF7C7BF84F8DC
:109800002D3310BD2DE9F0411D46036804460F4677
:109810005B6F1646984794F80C33012B05D040F245
:10982000BA220A490A4802F043FB0A4B204684F850
:109830001073C4F824330023C4F828332368C4E920
:10984000C5659B6FBDE8F041184700BF254A060873
:109850004F4B0608F3A00408036810B50446DB6FFD
:109860009847B4F8FC3293B394F8F40294F80823C0
:10987000012825D1012A06D0D4F8EC020368DB6C5C
:10988000BDE810401847D4F804239A4201D9C4F81F
:1098900004330128D4F8041326D18B4208D9D4F814
:1098A0002033B1FBF3F203FB12120AB984F8090367
:1098B0000223204684F80B33BDE81040FFF740BE7A
:1098C000002AD9D1D4F804239A42E2D0D4E7D4F8BC
:1098D000EC02D4F804230368002AD0D103219B6C46
:1098E00084F80B1311460DE00123D4F82023D4F89B
:1098F000EC028A4284F80B33036828BF0A46D4F886
:1099000000131B6CBDE810401847036810B5DB6FEF
:1099100004469847002384F82D33032384F80B333F
:1099200010BD036810B5DB6F04469847002294F819
:10993000103384F80C2394F82D2322B12046BDE87F
:109940001040FFF7E2BF33B9D4F8EC020368BDE87A
:109950001040DB6C184794F80B33012B0AD103231A
:10996000D4F8EC0284F80B3303689B6C1146BDE815
:1099700010401847022B07D10323D4F8EC0284F8D7
:109980000B3303681B6CF1E710BD036810B5DB6F88
:1099900004469847002384F82C3394F80C3323B9F9
:1099A0002046BDE81040FFF7B0BF012384F82D33F7
:1099B00010BD036810B5DB6F04469847002294F889
:1099C000103384F80C2394F82D2322B12046BDE8EF
:1099D0001040FFF79ABF63B1B4F8FA322046A4F8FA
:1099E0002E33B4F8F83284F83033BDE81040FFF776
:1099F00033BFD4F8EC020368BDE81040DB6C1847B5
:109A0000036810B504465B6F984794F8F03283B949
:109A1000D4F8EC02214603689B689847D4F8EC021E
:109A2000402103689B6B98470123C4F8200384F806
:109A3000F032236820469B6FBDE81040184738B5C8
:109A4000036804465B6F984794F81C5323682046CC
:109A5000EDB29B6F98472B1F5842584138BD0368A1
:109A600010B504465B6F98472046FFF7C9FF94F88E
:109A7000F1323BB9D4F8EC0203685B6998470123E3
:109A800084F8F132236820469B6FBDE810401847E8
:109A9000D0F8EC0203685B6B184738B503680D46D5
:109AA00004465B6F98472B07204617BF6A00D4F81F
:109AB000205302F01E0242EAD5131FBF1822023BB8
:109AC00002FB03439D8D23689B6F9847284638BD52
:109AD0000368F7B50E465B6F0546984736F08F076B
:109AE00001D1320706D10023174918481A460093BE
:109AF00002F076FC7400182304F01E0444EAD61425
:109B0000023C03FB045494F83030DB0709D42846A8
:109B1000FFF795FF80B140F28C520D490D4802F0DD
:109B2000C7F994F831303BB1D5F8EC0231460368FF
:109B3000DB6E984784F831702B6828469B6F03B022
:109B4000BDE8F040184700BF674A060804011580C9
:109B5000254A0608724B0608036873B50E465B6F0C
:109B60000446984716F0700F01D1310706D1002343
:109B70001A491B481A46009302F032FC750018235C
:109B800005F01E0545EAD615023D03FB054595F88F
:109B90003030DA0709D42046FFF751FFB0B140F268
:109BA000CC421049104802F083F943F002033146D9
:109BB00085F83030D4F8EC0203689B6D984795F82F
:109BC00031301BB131462046FFF782FF2368204623
:109BD0009B6F02B0BDE87040184700BF674A060897
:109BE00004011580254A0608724B0608036810B563
:109BF0000446DB6F984794F81C33042B02D0B4F86A
:109C0000FA32A3B994F8F632022B10D1B4F8FA1252
:109C100031F08F000BD111F00F030AD0B4F8F832F5
:109C200023B92046C9B2FFF797FF012010BD0020DD
:109C3000FCE71846FAE70000036873B50E465B6F51
:109C40000446984716F0700F01D1310706D1002362
:109C50001C491D481A46009302F0C2FB75001823E8
:109C600005F01E0545EAD615023D03FB054393F8B2
:109C70003020D20709D42046FFF7E1FED8B140F2E8
:109C8000F1421249124802F013F993F831301BB136
:109C900031462046FFF71CFF1823314603FB0545DC
:109CA00095F8303023F0020385F83030D4F8EC0218
:109CB0000368DB6D9847236820469B6F02B0BDE8C0
:109CC00070401847674A060804011580254A0608AF
:109CD000724B0608036810B50446DB6F984794F88A
:109CE0001C33042B02D0B4F8FA32A3B994F8F6323C
:109CF000022B10D1B4F8FA1231F08F000BD111F011
:109D00000F030AD0B4F8F83223B92046C9B2FFF7DE
:109D100093FF012010BD0020FCE71846FAE7000081
:109D20002DE9FF41984603680E4603925B6F074694
:109D3000984736F08F0403D116F00F0F039A06D11F
:109D40000023204920481A46009302F049FB750081
:109D5000182305F01E0545EAD615023D03FB0575DF
:109D600095F83030DB070AD43846FFF768FE044622
:109D700088B140F2AF521549154802F099F8AB8D01
:109D8000434505D923462246124913480094DCE78F
:109D900095F8311039B13B6838469B6F984720469B
:109DA00004B0BDE8F081D7F8EC0201680C6E3146D2
:109DB000A04704460028EED095F83130013385F8ED
:109DC0003130E8E7674A060804011580254A06088D
:109DD000724B0608804B060805011580036837B5ED
:109DE0000D465B6F0446984715F0700F01D12A07A6
:109DF00006D10023154916481A46009302F0F0FADE
:109E00006B00182203F01E0343EAD513023B02FB4A
:109E1000034393F83030DB070AD42046FFF70FFEE8
:109E2000054660B140F2E9520A490B4802F040F899
:109E3000D4F8EC02294603685B6E98470546236810
:109E400020469B6F9847284603B030BD674A0608F6
:109E500004011580254A0608724B06082DE9FF41CA
:109E6000984603680E4603925B6F0746984736F0A4
:109E70008F0503D116F00F0F039A06D10023224954
:109E800022481A46009302F0ABFA7400182304F03B
:109E90001E0444EAD614023C03FB047494F83030E8
:109EA000DB070AD43846FFF7CAFD054688B140F201
:109EB0000A621749174801F0FBFFA38D434505D2FD
:109EC0002B462A46144915480095DCE794F83130B2
:109ED0003BB13B6838469B6F9847284604B0BDE8C5
:109EE000F081D7F8EC02314603689D6E4346A847DF
:109EF000054638B194F83130A4F82E80013384F847
:109F00003130E6E7E085E4E7D14B0608040115802F
:109F1000254A0608724B0608EF4B06080501158016
:109F2000036837B50D465B6F0446984715F0700F10
:109F300001D1290706D10023124913481A4600937C
:109F400002F04EFA6A0002F01E0242EAD51318220D
:109F5000023B02FB034393F83020D2070AD4204689
:109F6000FFF76DFD054630B140F2496207490848E8
:109F700001F09EFFDD8D236820469B6F98472846A1
:109F800003B030BD674A060804011580254A06085B
:109F9000724B0608036870B50446DB6F0D469847A0
:109FA00094F81C2384F81C53AA42D3B226D0032B66
:109FB00009D9032D8CBF00260126012B05D9012DBF
:109FC00003D88EB103E00026F7E786B100264FF4F0
:109FD0003472002104F11C0014F0CAF8002384F844
:109FE0001D3384F8F23216B12046FFF7CEFC236809
:109FF000294620461B6EBDE87040184770BD0368B7
:10A0000010B50446DB6F9847D4F8EC0294F8F812C8
:10A010000368DB6A9847B4F8F8322BB9022120466E
:10A02000FFF7B8FF012010BD0321F8E7036810B562
:10A030000446DB6F984794F8F81284F81D1351B961
:10A04000D4F8EC0203681B6A984703212046FFF707
:10A05000A1FF012010BD0123204684F8F232032322
:10A0600084F80C332368DB6E9847F2E7036810B579
:10A070000446DB6F984794F8F532C3BB94F8F73287
:10A080000B2B34D8DFE803F0060B331033151A33EB
:10A090001F24292E2046BDE81040FFF735BB20467F
:10A0A000BDE81040FFF716BE2046BDE81040FFF7A0
:10A0B0009DBD2046BDE81040FFF7A1BF2046BDE88A
:10A0C0001040FFF7E5B82046BDE81040FFF7BEBAE4
:10A0D0002046BDE81040FFF7A9BF2046BDE810406C
:10A0E000FFF7C3BA2046BDE81040FFF7D7BA0020FB
:10A0F00010BD036810B5DB6F04469847002094F844
:10A10000103384F80C0394F82D03D4E9C52190B1E1
:10A11000012B0BD8022304F53D712046012284F85F
:10A120000C332368BDE810409B6E18472046BDE8FD
:10A130001040FFF7EABB042B12D12046FFF796FF31
:10A1400030B9D4F8EC020368BDE81040DB6C184766
:10A1500094F80C3373B92046BDE81040FFF77CBB80
:10A16000032BEED0012084F8083384F80A03C4E9F5
:10A17000C021F0E710BD036810B50446DB6F9847B7
:10A1800002212046FFF706FF0023204684F81E33F5
:10A19000FFF7FBFB23682046DB6DBDE81040184746
:10A1A000036810B504465B6F984794F8F1323BB1F1
:10A1B000D4F8EC0203689B699847002384F8F132D5
:10A1C00094F81C33012B03D901212046FFF7E2FE4E
:10A1D0000023204684F81D3384F81E332368BDE82D
:10A1E00010409B6F1847036810B504465B6F984793
:10A1F00094F8F03253B12046FFF7D2FFD4F8EC02C6
:10A200000368DB689847002384F8F032236820460F
:10A210009B6FBDE81040184738B503680D460446EB
:10A22000DB6F984745B994F81C332BB1294620467B
:10A23000BDE83840FFF7AEBE38BD036870B50446D0
:10A24000DB6F984794F82D3394F8106303B97EB907
:10A250002046FFF7F4FB054650B901464FF434722F
:10A2600004F11C0013F084FF84F81D5384F8F252AB
:10A27000002384F80C3394F82D3323B12046BDE835
:10A280007040FFF742BBD4F8EC02036856B1DB69BB
:10A29000984720460421FFF77DFE2046BDE8704028
:10A2A000FFF7DABADB6CBDE8704018472DE9F04FD4
:10A2B000914685B002680E4603930446526F90475C
:10A2C00016F0700F03D116F00F0F039B06D1002379
:10A2D000264927481A46009302F082F894F8F28241
:10A2E000B8F1000F07D1236820469B6F984740467E
:10A2F00005B0BDE8F08F75004FF0180B05F01E0596
:10A3000045EAD615AF1E0BFB074797F830A01AF0A9
:10A31000010A05D04FF48E621649174801F0C8FDB6
:10A32000B9F5806F04D940F2714212491348F5E73C
:10A33000D4F8EC0231460268D2F850804A46C04751
:10A3400080460028CFD0013D0E990BFB0545281D06
:10A35000F9F7EEF897F8303087F831A043F00103B1
:10A36000A7F82C9087F83030BDE700BF674A060891
:10A3700004011580254A0608104C0608324C0608D0
:10A380002DE9F047054698461E4B04460F46914678
:10A3900045F81C3B00F53B7A2E4630461836F8F758
:10A3A000A1FEB245F9D1BDF820304FF4347200213E
:10A3B00028462381A4F80490A4F8068013F0D8FE60
:10A3C0002822002104F53D7013F0D2FE0023012263
:10A3D000204684F80C33C4F8EC72A4F8F03284F808
:10A3E000F232C4F8343384F8303384F81C2384F810
:10A3F0001D3384F81E33C4E9C833C4E9CA33BDE849
:10A40000F08700BF604C06080D4B70B50360044632
:10A4100090F8F0322BB140F262520A490A4801F03A
:10A4200047FD04F53B7504F11C06FFF7DCFEB54261
:10A4300004D0183D2846F7F7D2FCF8E7204670BD57
:10A44000604C0608254A06084A4C060838B50368D9
:10A450000D460446DB6F984715F0700F01D12B07AE
:10A4600001D1FEF709FF6B00182003F01E0343EA39
:10A47000D5118B1E00FB034393F831206AB10139DB
:10A48000013A00FB014483F8312004342046F9F7F7
:10A490005CF810B12046FCF7EEFA38BD38B5036819
:10A4A0000D460446DB6F984715F0700F01D12B075E
:10A4B00001D1FEF7E1FE6B00182003F01E0343EA12
:10A4C000D5118B1E00FB034393F831206AB101398B
:10A4D000013A00FB014483F8312004342046F9F7A7
:10A4E00034F810B12046FCF7C6FA38BD4FF0FF3102
:10A4F00000F079B937B504464C3001911546FDF7A7
:10A50000F7FD019921B90A46204600F014F803E04E
:10A510002DB9204600F048F8204603B030BD2A4649
:10A52000F2E710B5044600F052F804F14C00F7F7DA
:10A5300093FB204610BD032938B5044607D9D31C28
:10A5400023F003039A1A8A1A22F003011A46002301
:10A550000D46E260C4E904330DBB22622560C4E904
:10A56000065100F00BFA00F00BFA2581606004F14F
:10A570003000A57284F82450C4E90A5500F020FA8E
:10A5800000280BDB04F1440000F012FA002805DB80
:10A5900004F1480000F00CFA00EAE07038BD2369CD
:10A5A0006D0801332361D7E737B5054608460191A9
:10A5B00013F090F9044638B1024601992846FFF796
:10A5C000BAFF6C6103B030BD4FF0FF30FAE770B5F1
:10A5D00004460568B5B9A36A1BB14FF0FF31E06AC4
:10A5E000984704F1480000F0E5F904F1440000F058
:10A5F000E1F904F1300000F0EBF96069BDE870406A
:10A6000013F070B9EE6836B9EB6913B105F12400A7
:10A610009847AD68DEE7F36913B106F12400984767
:10A62000F668F0E773B506462731483021F0030598
:10A63000019000F0C0F906F11803B46901985CB903
:10A64000F3699D4223D8346A5B1B6219F3610123CD
:10A6500032622560A37107E02268954213D8E26850
:10A6600072B11A60A368936000F0A7F900234FF05D
:10A67000FF32E361C4E905322434204602B070BDE4
:10A68000A2681A60F0E704F10803A468D7E700F0B5
:10A6900094F9F2E751F8083C73B505460C460BB146
:10A6A00008469847EB6833B1A4F12406B34202D8B8
:10A6B0002B6AB34204D2002304F81E3C02B070BDE2
:10A6C00005F14800019000F076F905F11802AB6938
:10A6D0000198ABB11D6854F8241C8D420CD30FD1E6
:10A6E00044F8183C13689B6844F81C3C166002B0A0
:10A6F000BDE8704000F061B903F108029B68E8E72B
:10A70000002344F8183C1368EEE7F8B54B6900F1F4
:10A71000440705460C469B1A1646002BACBFD318BF
:10A72000131C4B61038938468B8000F044F928469E
:10A7300003687BB359696269A1EB020CBCF1000F9D
:10A7400025DB914226D19B68A36013B104F1080276
:10A750001A6103682246002142F80C3F99601A6191
:10A76000AB6A046020616BB195F8242052B12A686D
:10A77000A24207D1E2682AB96169E86A891B21EA25
:10A78000E17198473846BDE8F84000F016B903F18A
:10A790000800CDE7A36013B104F108021A61002399
:10A7A000E360DDE7F8B5144605460F46A2F124063E
:10A7B00000F0E6F854F8103C02463146034444F8F1
:10A7C000047C284644F8103CFFF79FFF296914F8E1
:10A7D0001E4C05F130008C40E968761A00F0FAF85A
:10A7E00034432046F8BD2DE9F74F04460F464FF09D
:10A7F000000800F0C5F804F14406054607EB00091F
:10A8000084F82480304600F0D6F8636801A95B1B09
:10A81000002B2368D8BF656001931BB15A69521B96
:10A82000002A37DD236003B11C61C1F80080019D5F
:10A8300015B1238901332381304600F0BEF801A908
:10A8400065BB019D4FF0010A002D34D100F098F84E
:10A85000002F82465CDBA9EB0005002D5ADCA36AC1
:10A860009BB1304600F0A7F8A36A43B1226832B129
:10A870005169E06AA1EB0A0121EAE17198470123DD
:10A88000304684F8243000F098F80023A37203B017
:10A89000BDE8F08F03F108019B68BEE7A8682B466E
:10A8A00000229A601A46DB68002BFAD10A6005F193
:10A8B00008010546C4E72B6AD5F808B013B105F1C5
:10A8C00024009847AA69002A0BDB6B6913446B616B
:10A8D00000F056F8294602462046FFF716FF5D466F
:10A8E000B2E7E36873B1AB420CD8236AAB4209D339
:10A8F000AB7922690133DBB213FA02F214BFAB71F8
:10A9000085F806A005F124012046FFF7C3FEE6E71F
:10A910004FF0FF35304600F04EF823683BB15969DF
:10A92000A1EB0A0121EAE1718D4228BF0D463046B4
:10A9300000F043F8294604F1300000F04EF8A37A05
:10A940007BB1304600F037F8A37A3BB100233046A4
:10A95000A37203B0BDE8F04F00F02FB8304600F00E
:10A960002CF800F00DF805464CE740F8101C704735
:10A9700040F80C1C704740F8081C704701F0C6BD39
:10A9800007B501F084FB70B1084B6846196800F008
:10A990006FFF4FF47A720023DDE9000110F01EFE14
:10A9A00003B05DF804FB02F081FBF9E728490024BD
:10A9B00000207047704701F073BB01F087BB0000B7
:10A9C000024908B502F04CFB002008BD304D0608D6
:10A9D00002F04FBB012102F049BB08B5012341EA57
:10A9E000E172194602F060FB431E5842584108BD0F
:10A9F00030B52A4C89B005462378BFF35B8FDA0760
:10AA000011D4204601F03CFF68B1254A4FF4407153
:10AA10002448FFF76FFD204601F054FF224A2349E6
:10AA2000204801F01DFF224C2378BFF35B8FDB072A
:10AA300013D4204601F024FF78B14FF400621821AE
:10AA40001C4B1D480095FEF737FB204601F03AFFEE
:10AA5000154A1A49184801F003FF174802F06CFC28
:10AA600010F0EF0016D1164B154A0E49CDE9023011
:10AA7000034604A8FCF768F804A90F4802F0C8FCD4
:10AA8000044604A8F7F7ABF924B12F220D490E486C
:10AA900001F00EFA034809B030BD00BFE8430024BE
:10AAA00048440024EC4300240000002423A50408AB
:10AAB000283B0024E83B00242C3B0024C1D304089D
:10AAC000EDA404084F4D0608664D060808B5024877
:10AAD000FFF78EFF08BD00BF754D060870470000E8
:10AAE000EFF3108372B6054A117831B9DB4304499C
:10AAF00003F001030B7001231370704749470024D2
:10AB00004847002408B5EFF31083DB4313F001033B
:10AB100004D036220549064801F0CAF9054A1370E7
:10AB2000054B1B7803B162B608BD00BF9D4D0608FA
:10AB3000B94D06084947002448470024014B1878BE
:10AB4000704700BF49470024094B30B51A46094CED
:10AB5000D3F89450A542FBD1036829B181680B60FA
:10AB60004FF44073536130BDC1681B04F7E700BF69
:10AB7000006402580003008070B50E460446154676
:10AB80000DF05EFA013609D0204600210DF07CFA66
:10AB900029462046BDE870400DF072BA70BD002213
:10ABA000FFF7EABFFFF7E8BF70B50E46044615464B
:10ABB0000DF046FA01360CD020462946FFF7C4FFB7
:10ABC00001210DF061FA20460021BDE870400DF032
:10ABD00057BA70BD0022FFF7E7BFF8B5069F0446DD
:10ABE0000E461D4652B91A46FFF7C6FF013616D06B
:10ABF00039462046BDE8F840FFF7A6BF0DF020FA21
:10AC000001360CD020463946FFF79EFF01210DF09A
:10AC10003BFA29462046BDE8F8400DF031BAF8BDB0
:10AC200000487047D44D0608024B1B680BB1024820
:10AC3000184770472C0D0024D44D06081FB5431C3F
:10AC400010D105B05DF804FB83420AD189680390F6
:10AC50000EF0DAFA0021039805B05DF804EB0EF06F
:10AC60008BBB0C31B1F900305A1CEDD100230246E8
:10AC700002490348009301F0B3FB00BF004E0608F1
:10AC800030010180884207B502460AD0431C08D033
:10AC9000013105D0002305490548009301F0A0FBD0
:10ACA0000146084603B05DF804FB00BF114E0608DC
:10ACB00030010180B1F900305A1C01D118467047AB
:10ACC000834201D1486870470C31F3E7421C13B549
:10ACD00004460AD0FFF7EEFF431C06D100232246AC
:10ACE00003490448009301F07BFB02B010BD00BF94
:10ACF000224E060830010180B1F900305A1C01D102
:10AD000018467047834201D1886870470C31F3E7D9
:10AD1000421C13B504460AD0FFF7EEFF431C06D1D0
:10AD20000023224603490448009301F059FB02B076
:10AD300010BD00BF424E0608300101802DE9F047EA
:10AD4000466896F8327087BB03685B689847346A38
:10AD500084422AD03369041B96F934201C40B3681E
:10AD60003062A4FB0345CAB1736A14EB030845F1D2
:10AD70000009002A1BDBC2F12001A2F1200328FAFE
:10AD800002F429FA02F509FA01F129FA03F30C4356
:10AD90001C4304FA02F2A8EB02027262D6E90A32FC
:10ADA0001B1945EB0202C6E90A32BDE8F087D6F866
:10ADB0000CA03B4640464946524610F05FFC044614
:10ADC0000D460AFB1082E8E7824206D98A420BD977
:10ADD000884294BF002001207047884206D98A42E9
:10ADE0008CBF002001207047012070470020704771
:10ADF0002DE9F34746680446376B27F07F4727F075
:10AE0000FF07002F63D1FFF799FF7368002B61D014
:10AE1000D3E90001D6E90A238B4208BF824205D359
:10AE200023685B6902B0BDE8F04718476568D5E95B
:10AE30000A32D5F814A0B0EB030861EB0209D5E99A
:10AE400006234B4508BF424520D3EB6895F933C034
:10AE5000A3FB080103FB0911BCF1000F13D0AA6882
:10AE6000531EC01841F10001BCF1000F1CDBCCF1F6
:10AE70002002ACF1200320FA0CF001FA02F221FAD0
:10AE800003F310431843824528BF82462A6A336A77
:10AE900092442A690AEA0202934209D140F2C91295
:10AEA0001249134801F004F83B4610F0E7FBEAE7CB
:10AEB0002368104601921B69984723685B6898478E
:10AEC000019A0146306AFFF77FFF0028A8D102B03F
:10AED000BDE8F0877369306A32691844236810400E
:10AEE0001B6902B0BDE8F047184700BF754E060861
:10AEF000874E0608436893F830202DE9F34706464D
:10AF0000002A7FD193F83230002B7BD103681B6875
:10AF100098473368DB69984703682BB91A463B4961
:10AF20003B48009301F05CFA19463A4C2246B1FBCB
:10AF3000F4F402FB14141146002CF7D1354C012512
:10AF40007768B4FBF2F11F24B960013C03D305FA22
:10AF500004FC6145F9D1B3FBF2F287F833400123D9
:10AF60001F24FA6003FA04F5AA4201D0013CF9D289
:10AF700087F8344043681D1F1C2D05D9002326493E
:10AF800026481A460093CDE7202B4FF0070418BF40
:10AF9000012004FA05F40CBF4FF0FF3098404FEA4F
:10AFA000E4794FF000037C6118BF00F1FF30A4FB8F
:10AFB00001459A46386112F1FF3001FB095543F112
:10AFC000FF31201845EB010110F058FB3368C7E949
:10AFD00006015B68C7E900AA9847736838620021D8
:10AFE00001220020C3F824A01A8683F832A0C3E906
:10AFF0000A013046FFF7A2FE304602B0BDE8F04736
:10B00000FFF7F6BE02B0BDE8F08700BFAB4E060802
:10B010000E01048040420F00C44E06080501048062
:10B020002DE9D00316461F4642680024059B8B601D
:10B030005368C1E9006733B9CB606CB95160BDE8B2
:10B04000D003FFF7D5BED3E900894F4508BF464579
:10B05000F2D31C46DB68EEE7D2E90A23E160BB428B
:10B0600008BFB242EBD2BDE8D003704738B5054601
:10B070000C46FFF73FFF01F013F86B681C60BDE85A
:10B08000384001F023B8F8B5054601F009F8D5E9D4
:10B090000034DB68984794F832301BB1BDE8F840C3
:10B0A00001F014B8012384F831306368ABB128464D
:10B0B000FFF744FE6168D4E90A67D1E900239F42A3
:10B0C00008BF964209D36B685A68CB6863602368EF
:10B0D000002BEAD090689847E7E70023284684F8D9
:10B0E0003130FFF785FED9E710B586B0CDE90421F0
:10B0F0000393089C029000F0D3FF0298FFF71EFE16
:10B10000059902980094DDE90332FFF789FF06B044
:10B11000BDE8104000F0DABF38B505460C4600F037
:10B12000BFFF6A685368A34209D1DB6828465360B1
:10B13000FFF75EFEBDE8384000F0C8BF1346002BA5
:10B14000F8D0DA68A242F9D1E268DA60F2E738B5FD
:10B150000446FFF7CFFE00F0A3FF2046FFF7EEFD09
:10B160006368D3E90A4500F0B1FF2046294638BD9F
:10B170007047000000487047004F0608024B1B68EC
:10B180000BB1024818477047300D0024004F0608E5
:10B1900008B5BFF35F8F164B1968080AC1F3072182
:10B1A00010F0FC0F04D13B221249134800F080FE3E
:10B1B000002210465A608A4216D11022DA600F4AE5
:10B1C0001A611322DA600E4A1A611122DA600D4AFE
:10B1D0001A610D4ADA600D4A1A6107225A60BFF3FC
:10B1E0004F8FBFF36F8F08BD9A6001321861E2E79D
:10B1F00090ED00E0454F0608544F060839F002066E
:10B20000390702133FF50B131200008039000213B7
:10B21000B1F90C20B1F904100EF022BE13F056B8AB
:10B220002DE9F04F8B4D8046894692462DED028BDD
:10B2300008EE103A6B6B83B01BB19847EB6B013390
:10B24000EB632B69DBB1002218F0800F1A7025D157
:10B25000B9F1000F11D0686803781BB1494613F0AB
:10B2600039FF50B9A8680378002B00F0ED804946FB
:10B2700013F030FF002840F0E780AB692B62AB6B26
:10B280003BB10023EC6BEB63013CAB6B9847002CAC
:10B29000FADC03B0BDEC028BBDE8F08FBAF1000F11
:10B2A000EBD0B9F1000FE8D0EB6A002BE5D02B789A
:10B2B00003EA0802D106E2D01A06D5E9047402D4E2
:10B2C000B8F1010F12D118EE103A52462146384615
:10B2D00016F068FDB8F1010F54D12B6B002B51D043
:10B2E000286998472B6B5C489847C6E713F04000E5
:10B2F00064D09B0644D5594A2146384613F0D6F906
:10B3000084423DDD00283BDD0744241AB8F1080FD4
:10B3100052D03AD8B8F1020F3CD0B8F1040F49D05E
:10B320000026B3466B6ADBB10021524618EE103A94
:10B330008DED018A084616F035FD002E30446B6A0B
:10B3400018BF042630449847454A034621463846EC
:10B3500013F0ACF9A04203DA0028C4BF3F18241A46
:10B36000B8F1080F6DD02ED8B8F1020F31D0B8F176
:10B37000040F63D03B4A2146384613F097F92EE07C
:10B38000002CC3DCEB6A2869AEE7B8F1100FC7D117
:10B39000354B00E0354B324A2146384613F086F9EA
:10B3A000A04206460DDA002801DD0744241A4FF0BA
:10B3B000010BB7E72E4BEEE72E4BECE7002CAFDC92
:10B3C000E0E70026F3E7B8F1100FD3D14B462A4A45
:10B3D00001E04B46294A2146384613F067F9A0425E
:10B3E000D0DA0028CEDD261A074418EE103A52466D
:10B3F0003146384616F0D6FC8642C3DD0028C1DD52
:10B40000361A0744002EBDDDAB6A73B19847144A63
:10B4100003463146384613F049F98642B2DD00282A
:10B42000B0DD361A0744002EACDDBBF1000FA9D009
:10B43000134A3146384613F039F9A3E74B46114A0F
:10B44000C9E74B46104AC6E7BAF1000F7FF42CAFAC
:10B4500013E700BF340D00245B530608614F060854
:10B460006D4F0608BE4F06087C4F0608674F06085A
:10B47000704F0608764F0608AF4F0608824F060841
:10B48000CD4F0608914F0608A04F06080CB407B52B
:10B4900004AB53F8042B0193FFF7C2FE03B05DF831
:10B4A00004EB02B070470000024B1B6803B1184761
:10B4B000704700BFC047002407B5019000F0F0FDC1
:10B4C000019803B05DF804FB07B5019000F0FEFDA4
:10B4D000019803B05DF804FB007B704738B50D4B55
:10B4E0000D460273044603600023C0E901310A4897
:10B4F000FCF7A2FC01F022FE55B1084B1A681C6053
:10B5000062600548FCF798FC01F036FE204638BD25
:10B510006560F6E7E44F0608C8470024C4470024E6
:10B52000144B10B5036004461348FCF785FC01F08A
:10B5300005FEA3682BB1114962680B68A34212D1C2
:10B540000A600F4B0C481A68A24204BF00221A601E
:10B55000FCF772FC01F010FE237B13B9201F01F0F1
:10B560001BFC204610BD19465B68A342FBD14A6014
:10B57000E7E700BFE44F0608C8470024C44700249B
:10B58000F047002410B50446FFF7CAFF10212046FB
:10B5900001F0ECFB204610BDF8B5064617480D46F5
:10B5A000FCF74AFC01F0CAFD154B1C68A4B1A76862
:10B5B00087B1384613F064FBA8420BD12A463146C6
:10B5C000384612F0A5FC28B90C48FCF735FC01F010
:10B5D000D3FD11E06468E9E7072DF5D12A4631462D
:10B5E000084812F095FC0028EED10448FCF724FC32
:10B5F00001F0C2FD044B1C682046F8BDC84700247A
:10B60000C4470024D24F0608F047002400207047AA
:10B610000368012200211B6970B504469847051E86
:10B620000DDB23680222002120461B69984706464D
:10B6300023682946354600221B692046984728463C
:10B6400070BD000070B50E46002504460F49C0E9E4
:10B650000055304613F0CEFB294630442060236865
:10B660001A782F2A07D10133236051B92A220849B9
:10B67000084800F01DFC002AF7D001330131236097
:10B68000EDE7FFF789FF6060204670BD3C5006087B
:10B69000585006086550060800687047406808B5AD
:10B6A00020B1FFF719FF431E5842584108BD10B59D
:10B6B0000446FFF7F3FF10B1606800B1043810BD15
:10B6C000406808B520B1FFF707FFB0FA80F04009E5
:10B6D00008BD10B50446FFF7F3FF10B1606800B174
:10B6E000043810BD4068003818BF012070470020A2
:10B6F0007047F8B50D46036804468F182E461B6D3B
:10B700009847BE42236806D09B6C204616F8011B62
:10B7100098470130F5D1236820465B6D9847701B30
:10B72000F8BDF8B50D46036804468F182E461B6D0C
:10B730009847BE42236807D0DB6C20469847431CDD
:10B7400002D006F8010BF4E7236820465B6D9847AA
:10B75000701BF8BD00207047002070477047000044
:10B760000F4B002213B5044640F8043BFFF7B6FE2A
:10B770000C4B0D49204623606033636000236361F6
:10B7800001F068FB0346606128B902460090074952
:10B79000074800F025FE01F067F8204602B010BD12
:10B7A000F44F0608EC5006086E5006087150060863
:10B7B000190101800A4B03F10802683310B50446F1
:10B7C00002604360406911F0D9F8064B20462360BF
:10B7D000503340F8043FFFF7A3FE204610BD00BFE2
:10B7E000E45006088C50060810B50446FDF7B6F97B
:10B7F000094BA0692360FFF7AAFC00220023C4E9DB
:10B800000C230023C4E90801C4E90A01C4E90E338A
:10B81000204684F8403010BDAC5106084FF0FF3090
:10B820007047000038B590F83F50044625B18E228D
:10B830000849094800F03CFBFDF7B0F994F84030A6
:10B84000A5872BB184F84050BDE8384000F01CBFFC
:10B8500038BD00BF6E5106087B51060810B504467E
:10B8600001F1300000F05CFBC4E90001204610BD8E
:10B8700010B504468869FFF76AFCC4E90001204658
:10B8800010BDD0E90C32013342F10002C0E90C32A4
:10B89000D0E90A3213F57A7342F10002C0E90A32A4
:10B8A0007047D0E90A2312F57A7243F10003FDF7DD
:10B8B0006BB9F8B50D4604468869FFF748FCD5E931
:10B8C0000A32C61A61EB0207002F08BFB6F57A7F6D
:10B8D00005D200220023C4E900232046F8BD002F32
:10B8E00008BFB6F5FA6F01D20122F3E7002E4FF43C
:10B8F0007A72304677F101034FF00003B4BF0021A4
:10B9000039460FF0BBFEC4E90001E6E791F83F308D
:10B91000F7B505460C4613B991F83C6026B1E5220F
:10B920001149124800F0C4FA6846FFF7C2FF4FF40D
:10B930007A71A663DDE90032A3FB016701FB0277A0
:10B94000D4E90A10891947EB0000C4E90A10D4E9C8
:10B950000C105B1840EB02022846C4E90C32C5E922
:10B96000003203B0F0BD00BF6E51060885510608D5
:10B970002DE9F743994690F83F300446904623B1AD
:10B9800058223149314800F093FA90F83C3063B9BD
:10B9900001466846FFF7BAFFDDE900234B4508BFC3
:10B9A000424505D3012384F83D3003B0BDE8F08360
:10B9B00021466846FFF752FF009B4FF47A71B8EBBF
:10B9C0000306019B69EB0307A8FB012301FB093375
:10B9D000D4E90851551994F8402043EB010801239C
:10B9E000A38762B9A269126892F8202032BB84F85A
:10B9F000403000F033FE002F08BF052E0DD200238B
:10BA000084F83E3094F8403023B9012384F8403064
:10BA100000F024FE2A4643460AE094F84030002B0A
:10BA2000EDD10123B5F57A6284F83E3048F1FF3359
:10BA3000204603B0BDE8F043FDF7A6B8002F08BFCD
:10BA4000052EDCD3EDE700BF6E5106087B510608DA
:10BA5000024B4FF080625A60704700BF00ED00E07B
:10BA600008B50121383000F049FA08B1FFF7F0FFBE
:10BA700008BD012310B580F83F300446836B0BB13D
:10BA8000FFF7E6FF2046FFF70CFF10BD90F83C30B3
:10BA900010B504464BB1002380F83C3090F83E309E
:10BAA00013B9012380F83D3010BD90F83F30002BD2
:10BAB000FAD0836B01338363FFF7CAFF2046FFF799
:10BAC000E0FE2046FFF7EDFEEEE70000024B4FF0F0
:10BAD00000725A60704700BF00ED00E010B50446E8
:10BAE000FDF75CF8002384F83F30FFF7EFFF10BD4F
:10BAF000102300F007B8202300F004B8302300F032
:10BB000001B840239C46F0B404AE7546E80801D362
:10BB1000EFF309860E4F0FCE0FC70FBC0FC740467D
:10BB2000494652465B460FC71DCE3100A60A00D3D8
:10BB300004316E0900D248311FC7EFF3098069460E
:10BB4000EFF3148663C76046014900F079F800BF3F
:10BB5000B0F30024F0B52C4E85B000242B4F3546B1
:10BB60002146013456F8042B384600F07DFA0D2C9E
:10BB7000F6D1AB6C264C02936B6C264801932B6C70
:10BB80000093696BD5E90E2300F06EFA2168224814
:10BB900000F06AFAE16AA26AA36AA06AD2B2266BCE
:10BBA000C3F30723E76B000CCDE9016700901B4846
:10BBB00000F05AFAA36A1E0603D5616B184800F01C
:10BBC00053FAA36A180403D5A16B164800F04CFA87
:10BBD000EB6C190712D5144800F046FA2B6DDA0702
:10BBE0000FD5124800F040FAEB6C5B074CBF1048D1
:10BBF000104805B0BDE8F04000F036BA0E4800F03D
:10BC000033FA0E48EEE700BFB0F30024B051060847
:10BC100000ED00E0BE5106080D5206081B52060852
:10BC20006A52060878520608865206089552060897
:10BC3000C5520608D1520608B5520608A252060897
:10BC400007B504460D461A48012100F060F968BBAB
:10BC5000184800F009FA302C19D0402C1CD0202CA8
:10BC60001FD1154C154800F0FFF9154800F0FCF9FC
:10BC7000FFF770FF134800F0F7F90D4B00221A7020
:10BC800000232A4610492046009300F0A9FB0F48E4
:10BC90000F4C00F0E9F9E8E70E480F4C00F0E4F92A
:10BCA000E3E70E480E4C00F0DFF9DEE70024E7E79B
:10BCB00004F40024DD5206083E01FF800653060806
:10BCC000335306083E5306085D530608155306080D
:10BCD0003F01FF801E5306084001FF8029530608DC
:10BCE0003D01FF802DE9F0410C467746154600F0F6
:10BCF000EDFBE4B154F8088CDDB1284611F0EAFD03
:10BD0000064648B1A8454246214628BF2A4612F0B9
:10BD100031F9204611F0E6FD3B462A4621463046E1
:10BD200000F08CFB00F0E2FB3046BDE8F081A0465D
:10BD3000E2E72E46F0E7F7B50D461646774600F0E7
:10BD4000C5FB06FB05F21046019211F0C3FD044647
:10BD500018B1019A002112F00BFA3B4632462946EF
:10BD6000204600F083FB00F0C1FB204603B0F0BD8D
:10BD7000F8B50D461646074600F0A8FB2048FCF72C
:10BD80005BF8204C01F0DAF915F1090F32D805F112
:10BD90000801384611F0AEFD60B3A26800F1080753
:10BDA000194B2A4405604360A2602269236801326E
:10BDB0002B44226162682360934250F8042C88BFB0
:10BDC0006360031F002AB8BF9B18A2691B68521B3F
:10BDD00023F001031344A3610948FCF72DF801F097
:10BDE000CBF932462946384600F014FB00F07EFBC2
:10BDF0003846F8BD6369002701336361ECE700BF93
:10BE000010480024F4470024EFBEADDE00B57246B2
:10BE10005DF804EBFFF7ACBF70B50C46054616465F
:10BE200000F054FB1C48FCF707F801F087F91CB33D
:10BE300054F8042C194B9A422BD154F80C2CA4F131
:10BE40000C0354F8081C002AB8BF9B181A6800237A
:10BE500044F8043C22F00102114B1868401A1860A3
:10BE600018690138186198690144891A9961A4F127
:10BE70000801284610F0FCFF0748FBF7DDFF01F042
:10BE80007BF93146204600F009FBBDE8704000F028
:10BE90002DBB2146EDE700BF10480024EFBEADDE0C
:10BEA000F447002400B572465DF804EBFFF7B4BF19
:10BEB00007B50B46009201460022014800F090FAB7
:10BEC0004401FF8003460122D3E84F0FC3E8412F0E
:10BED000C0B20029F8D17047D0E85F3F5B18C0E8D6
:10BEE000523F002AF8D198B27047D0E85F3F5B1A02
:10BEF000C0E8523F002AF8D198B27047034653E891
:10BF0000000F401A43E80002002AF8D170470346A8
:10BF1000D3E84F0FC3E8421FC0B2002AF8D17047E0
:10BF200038B5044600F0BCF8D4E9004500F0CEF87E
:10BF30002046294638BD0000254C264D264680B5B2
:10BF400088B000F0ADF8A52101A8FEF743FE042754
:10BF5000DFF88480D4F89430AB42FBD1039B404699
:10BF6000019A1A604FF44073636101F04BF8D6F800
:10BF70009430AB42FBD1019B4046049A1B041360F2
:10BF80004FF44073736101F03DF8013FE2D10427A3
:10BF9000DFF84880D4F89430AB42FBD1039B404695
:10BFA000019A1A604FF44073636101F02BF8D6F8E0
:10BFB0009430AB42FBD1019B4046049A1B041360B2
:10BFC0004FF44073736101F01DF8013FE2D1BEE709
:10BFD0000064025800030080F0490200801A060045
:10BFE00073B5002201460446022000F0E7FC0D264E
:10BFF00000F056F80022254614F8013B1BB900F06A
:10C0000065F802B070BD0A2B09D10D2A07D00122B4
:10C010000DF1070102208DF8076000F0CFFC01222E
:10C020002946022000F0CAFC14F8012CE3E70000C6
:10C0300000B5A3B002460B46842101A815F0B2FE5C
:10C04000832806D9074B1A681B79CDF883208DF811
:10C050008730002802DD01A8FFF7C2FF23B05DF89A
:10C0600004FB00BF6D5306080FB407B504A951F8CF
:10C07000040B0191FFF7DCFF03B05DF804EB04B0A3
:10C080007047EFF31080C04300F001007047EFF3FA
:10C090000580003818BF01207047FEF74FBD000033
:10C0A00008B5FEF71DFD064A1368591C04D13F224E
:10C0B00004490548FFF7FCFE0133136008BD00BFCB
:10C0C000384800248C5306089C530608044A136819
:10C0D00023B1013B13600BB9FEF714BD704700BFDD
:10C0E0003848002408B50B48FFF7ECFE28B1FFF7ED
:10C0F000D7FFBFF34F8F20BFFDE7FFF7C8FF08B1A1
:10C10000FFF71AFFFFF7BDFF0028F9D0012000F06C
:10C11000BDFD00BF784800242DE9F0414B4C0E4690
:10C1200098B08046216817464948C1F34173032BF4
:10C13000C1F307430CBF4D428DB22A46FFF794FF6F
:10C140006FF498731D44132D0FD8DFE805F00A62D1
:10C1500065686B716E740E0E0E0E0E0E0E0E0E0EC8
:10C160000E77A1683B48FFF77FFF4046FFF738FF97
:10C1700061683948FFF778FF4EB13848FFF730FF64
:10C180003046FFF72DFF39463548FFF76DFFA168B0
:10C190003448FFF769FF2368334A1A44012A05D956
:10C1A000324A934202D0033A93424BD1A06820B165
:10C1B000C06C80F00800C0F3C000E368002B43D0DF
:10C1C00059682B4A002908BF1146E269294D03929C
:10C1D000A26902926269019222690092264A0028AD
:10C1E00018BF2A462548FFF73FFF04A800F0DCFEF1
:10C1F000079B216801939DF8183021480093DDE9E1
:10C200000423FFF731FF1F48FFF72EFF18B0BDE8EA
:10C21000F081A1681C48A6E7A1681C48A3E7A168B3
:10C220001B48A0E7A1681B489DE7A1681A489AE748
:10C23000A1681A4897E7A168194894E71948FFF7D9
:10C2400013FF92E70020B8E70949BEE77C480024C5
:10C25000E253060833540608DB540608EC5406087B
:10C26000F4540608F8540608C2FE007F4001FF801F
:10C27000CD530608D75306085C5306080C5506082C
:10C2800065550608DC550608495406085954060841
:10C29000685406087B5406088F540608A354060801
:10C2A000B2540608C854060870470000F0B5294D7E
:10C2B0008FB00E46174635EA200528BF05463022C6
:10C2C000002102A811F054FF234B01AC01952B442F
:10C2D0000396012B05D9214B9D4202D0033B9D4281
:10C2E00032D1F36B0293736B08931D4B5B69DA6B6E
:10C2F000049305925A6B1B6B06920793FFF7D0FECF
:10C30000184A13680133012B136009D12646164DD4
:10C310000FCE0FC50FCE0FC50FCE0FC533682B60E4
:10C32000124D0FCC0FC50FCC0FC50FCC0FC5236816
:10C33000A5F130002B600E4B1B6843B19847FFF707
:10C34000C5FE00200FB0F0BD02970894CDE7FFF7BF
:10C35000ABFFF4E70101FF80C2FE007F4001FF80D8
:10C36000700C00243C480024444800247C480024ED
:10C37000404800240FB41FB501210D48CDF804E05A
:10C38000FFF7C5FD019A044680B901460948FFF749
:10C390008DFF224621460848FFF7BEFE07A90698F2
:10C3A0000391FFF745FE0548FFF71AFEFFF79AFED7
:10C3B00004F400240001FF80F65506085B530608CC
:10C3C00000207047014B1878C0B2704704F4002475
:10C3D00000B5114672465DF804EBFFF767BF000039
:10C3E00080B506460C460A480121F04617461D4610
:10C3F000FFF78DFD48B9424639463046FFF756FFF4
:10C40000029A29462046FFF787FEFFF76BFE00BF22
:10C4100004F4002438B50B46064904460D6835B1CE
:10C4200005490978012902D801460020A84720467D
:10C4300038BD00BFB0480024DC48002437B50446AE
:10C4400010461A46074B1D6845B1074B1B78012B58
:10C4500004D80B46009021460120A847204603B08F
:10C4600030BD00BFB0480024DC48002437B5044686
:10C4700010461A46074B1D6845B1074B1B78012B28
:10C4800004D80B46009021460220A847204603B05E
:10C4900030BD00BFB0480024DC4800240A460949EA
:10C4A000034610B40C684CB107490978012905D836
:10C4B000A446002103205DF8044B60475DF8044B5F
:10C4C000704700BFB0480024DC48002408B5054888
:10C4D000FBF7B2FC00F032FE034A1378013313700D
:10C4E00008BD00BFB4480024DC480024054A0648C3
:10C4F00008B51378013B1370FBF79EFCBDE80840BC
:10C5000000F03ABEDC480024B448002438B5064C9C
:10C5100023683BB9054DFEF783FB01462846FFF72C
:10C5200063F92560206838BD28490024E0480024CC
:10C5300008B5836823B9054B1B6893F83D0008BD17
:10C54000C06898470028F6D0F9E700BF28490024C2
:10C55000F7B504464FF0FF366FF00047164D204602
:10C56000FFF7E6FF30BBD4E90023BB4208BFB2426D
:10C5700002D02868FFF7FCF901A8FEF79DFF2046CE
:10C58000FFF7D6FF98B9D4E90023BB4208BFB242F7
:10C5900007D100F09DF801A8FEF796FFBFF36F8F5B
:10C5A000DDE72B6893F83C30002BF2D1F3E701A8CC
:10C5B000FEF78AFF03B0F0BD2849002430B587B0EC
:10C5C0000D4D0446CDE902230A9B04930B9B059372
:10C5D000FFF79CFF02A8FFF7BBFF2868FFF722F9CF
:10C5E00068462968FFF792F92046DDE90023C4E98F
:10C5F000002307B030BD00BF284900242DE9F041D9
:10C600000E4D86B006460F4604A829689046FFF7EF
:10C6100025F92B68DDE904019B6BC41A02A861EBC4
:10C62000E375A219CDE9007845F10003FFF7C6FFD5
:10C630000298001B06B0BDE8F08100BF2849002425
:10C6400010B5054C236813B9FEF7EAFA206020689C
:10C65000BDE81040FEF77BBD3849002413B5074CF8
:10C6600001212046FFF738FC034628B900902288B4
:10C6700003490448FFF7B4FE02B010BD2C49002462
:10C680000B5606082301048013B5094C01212046EE
:10C69000FFF72BFC4FF6FF73984206D10023228848
:10C6A000044905480093FFF79BFE02B010BD00BF90
:10C6B0002C4900242D56060824010480034B1888B9
:10C6C00080B2B0FA80F04009704700BF2C490024C6
:10C6D000F8B5FFF7E5FCFFF7B3FF06460F46FFF797
:10C6E000EDFF0446A0B10DF063FDFFF7A9FF05467D
:10C6F0008CB10F48D0E90043A21B63EB0707521926
:10C7000047EB0101C0E90021BDE8F840FFF7DEBCBE
:10C710000DF03CFDE9E7074CD4E90020931B60EBEA
:10C7200007005B1940EB0101C4E90031ECE700BFF1
:10C7300030490024404900246FF01C0070476FF01E
:10C7400015007047012070470020704770470000B7
:10C75000034B186818B14FF0FF31F8F7EBBF704783
:10C7600048590024024B186808B1F8F7FBBF70471E
:10C7700048590024F8B515460C468F18054EBC42A2
:10C7800005D014F8011B30460AF0DCFEF7E7284616
:10C79000F8BD00BF70FA002438B511F001048DB265
:10C7A00005D008480DF010FA041E18BF0124EB064E
:10C7B00005D504480DF018FA08B144F010042046DD
:10C7C00038BD00BF70FA002410B50C462AB10448E9
:10C7D0000AF084FE2070012010BD1046FCE700BF67
:10C7E00070FA002438B5084B044615460360074B21
:10C7F0001B6833B90648FEF70BFD294604480DF0C7
:10C8000049FA204638BD00BF74570608F058002486
:10C8100070FA00240020704700207047002307B5FD
:10C820001A46024902480093FFF7DAFD4B56060804
:10C8300029010180074A084913681844884283BFC8
:10C84000064B0C224FF0FF3010608CBF1A60184668
:10C85000704700BF740E002400FC0724ECFA00248B
:10C860000120704701207047002111F00DBE08B56E
:10C87000F9F750FF08BD08B5F9F754FF08BD0000EF
:10C8800010B50446037803F00303012B08D0FFF72B
:10C890005FFF237803F00302012A03D1FFF762FF51
:10C8A00000200AE02AB14FF4D46204490448FFF79B
:10C8B000FFFA43F002032370012010BD6F560608F3
:10C8C0008156060808B5037803F00302022A05D052
:10C8D00040F2A96206490748FFF7EAFA23F003038A
:10C8E00043F001030370BDE80840FFF73BBF00BF02
:10C8F0006F5606089F5606083F2870B504462EDC82
:10C90000184D55F820305A1C13D1022811DCFFF7BE
:10C9100083FF034658B92046FFF77CFF034630B932
:10C92000114E3378BFF35B8FDB0704D50F4B45F80F
:10C930002430184670BD3046FFF7A2FF0028F5D01E
:10C940004FF4E1320A490948FFF74CFF3046FFF740
:10C95000B9FF084A08490548FFF782FFE6E70023C8
:10C96000E7E700BF740D002448490024F44900247F
:10C97000BC570608000000244DC7040838B505461A
:10C980000024FFF7B9FF0B4B43F8254030B90FF0F7
:10C9900087FF092303604FF0FF3038BD03685B69F0
:10C9A0009847051E04DA6D420FF07AFF0560F2E742
:10C9B0002046F2E7740D0024FFF7E0BF13B5CDE980
:10C9C0000021FFF799FFDDE9002140B90FF068FF72
:10C9D000092303604FF0FF34204602B010BD036806
:10C9E000DB689847041EF7DA64420FF059FF0460D1
:10C9F000F0E713B5CDE90021FFF77EFFDDE9002167
:10CA000040B90FF04DFF092303604FF0FF3420467B
:10CA100002B010BD03689B689847041EF7DA6442B1
:10CA20000FF03EFF0460F0E710B5FFF765FF044626
:10CA300028B90FF035FF09230360204610BD0368B5
:10CA4000DB699847041EF8DA64420FF029FF04609E
:10CA50000024F2E7402337B50546CDF801006846CB
:10CA60008DF8003010F0ACF9044630B12846FFF7DD
:10CA7000DBFF10B12046FFF7F7FE204603B030BDC4
:10CA80002DE9F04F85B006460F469046FFF7FFFAB6
:10CA9000054630B1002332462C492D480093FFF75C
:10CAA0009FFCFFF7EEFA0028F4D0B8F1000F09DA86
:10CAB0000FF0F6FE162303604FF0FF34204605B05A
:10CAC000BDE8F08F3046FFF7AFFF044658B3214A68
:10CAD0002C46DFF884A04FF00D0B935D9146A845DE
:10CAE00021DD7A5D0A2A1BD10D2B039318D0AC42AD
:10CAF0000CDA2A1B39193046FFF760FF0028039B28
:10CB0000DADB0444A542D9DC09F80630012251469B
:10CB10003046FFF753FF0028CEDBCFD009F806B030
:10CB20007B5D0135DBE7A045C8DDA8EB04023919C0
:10CB30003046FFF743FF0028BEDB24181FBF3F1914
:10CB4000044B17F8012C9A55B8E700BFD6560608D3
:10CB50002F0101808C49002410570608FFF764BF9D
:10CB60007FB504460D461646FFF791FA30B1002313
:10CB700022461D491D480093FFF732FCFFF781FA5A
:10CB80000028F4D0002E06DA0FF08AFE1623036088
:10CB90004FF0FF3018E02046FFF746FFE8B1144E93
:10CBA00001220DF10F012046FFF723FF0028EFDBE4
:10CBB0000AD09DF80F300D2B08D1325D0A2A33556B
:10CBC000EED00A2301202B7004B070BD0A2B02D1D5
:10CBD000325D0D2AF3E73355F4E732462946204605
:10CBE000FFF707FFF0E700BF125706082F0101808B
:10CBF0004C49002413B5CDE90021FFF77DFEDDE9A6
:10CC0000002140B90FF04CFE092303604FF0FF34C0
:10CC1000204602B010BD03681B699847041EF7DA6E
:10CC200064420FF03DFE0460F0E7FFF7E3BF10B58C
:10CC3000FFF762FE30B90FF033FE092303604FF0B7
:10CC4000FF3010BD03689B699847041E04DA6442F4
:10CC50000FF026FE0460F2E70020F2E70A4D0446DA
:10CC600008B52B6898680FF069FF2B68D8680FF03B
:10CC700065FF0120FFF7DBFF0220FFF7D8FF0CB1B3
:10CC8000FFF75AF9FEE700BF940E002408B5FFF73E
:10CC9000E5FF38B50D46FFF72FFE044630B90FF01B
:10CCA000FFFD092303604FF0FF3038BD0368DB69E7
:10CCB00098470028204614BF4FF400534FF4004318
:10CCC0006B6023689B6A984728610020EDE7FFF7B7
:10CCD000E0BF000008B5037803F00302022A05D084
:10CCE00040F2B26205490648FFF7E2F823F002037A
:10CCF0000370BDE80840FFF735BD00BF6F5606085A
:10CD00009F560608084B724613B50146044618683C
:10CD1000FFF72EF8034628B900902246034904483D
:10CD2000FFF75EFB02B010BD940E00244E570608BC
:10CD30001F010180FFF7E6BF044B724601461868E9
:10CD400000B55DF804EBFFF713B800BF940E0024A4
:10CD5000FFF7F2BF044B72460146186800B55DF854
:10CD600004EBFFF759B800BF940E0024044B724641
:10CD70000146186800B55DF804EBFFF74DB800BF39
:10CD8000940E002410B504460421FFF7EFFF20465F
:10CD900010BDFFF7DFBF000010B504460B48FBF7DE
:10CDA0004BF800F0CBF90A4A4023002152F8040B5B
:10CDB000A04208BF42F8041C013BF7D10348FBF72F
:10CDC0003BF8BDE8104000F0D7B900BFCC490024C3
:10CDD000740D002410B512480324FBF72DF800F061
:10CDE000ADF9104B53F824207AB10134402CF9D11D
:10CDF0000FF056FD18234FF0FF3403600848FBF78F
:10CE00001BF800F0B9F9204610BD4FF0FF3204487E
:10CE100043F82420FBF710F800F0AEF9F3E700BF69
:10CE2000CC490024740D002410B50446FFF7D2FF4E
:10CE3000002807DB044B054A43F820400023135425
:10CE4000034A135410BD00BF740D00244C49002444
:10CE50008C49002473B506460191FFF7E5FF051ED6
:10CE600013DB0199FFF7F6FD044630B9084B53F880
:10CE70002520964204D143F82500204602B070BD1B
:10CE80000FF00EFD09230360F7E70024F5E700BF6C
:10CE9000740D00240EB42DE9F04187B00190FFF726
:10CEA00099FF041E13DB0023019904A8214E03936C
:10CEB000FEF7C8FB04A8FEF715FC054668B90FF09D
:10CEC000EFFC1323036046F824504FF0FF34204654
:10CED00007B0BDE8F04103B0704704A8FEF7F0FBCF
:10CEE000074604A85FB1FEF7F4FB0390039B124AC8
:10CEF00046F8243000231355104A1355E7E7FEF790
:10CF0000D6FB05460028DAD0036804A8D3F80880C9
:10CF1000FEF7C2FB0D9B024603A92846C047054603
:10CF20000028E3D06D420FF0BBFC056046F824708A
:10CF3000CBE700BF740D00244C4900248C49002429
:10CF400070B50E461549054611F0BEFC044618B9E9
:10CF5000FFF7D2FC204670BD1149284611F0B4FC01
:10CF600020B901200124FFF7C7FCF3E70D4928464B
:10CF700011F0AAFC20B902200224FFF7BDFCE9E76A
:10CF80002B78402B02D1D5F80140E3E726F480311D
:10CF90002846BDE87040FFF77DBF00BFDC5706089C
:10CFA000E3570608D457060810B5044620B9902266
:10CFB00010491148FEF77CFF4C220021043011F08B
:10CFC000D7F84FF204134FF000614FF01052236076
:10CFD0004FF4002321634FF4001123626362074B77
:10CFE0002261216462611B68636002232372044B27
:10CFF000E36010BD055806081258060800ED00E071
:10D0000058600100034B596A5A6A521A8242FBD394
:10D01000704700BF000C00401FB500230446CDE957
:10D020000013031D6846029310230393F7F774FB64
:10D03000206020B9352203490348FEF739FF04B0C8
:10D0400010BD00BF365806084558060810B50446FE
:10D050000249FFF7E1FF204610BD00BF495806080E
:10D0600010B50446FFF7D8FF204610BD0068F7F75B
:10D070006BBB10B504460068F7F7D4FB204610BD23
:10D0800010B49DF804400CB942F0020200685DF84B
:10D09000044BF7F79DBB07B5009313460022FFF73B
:10D0A000EFFF03B05DF804FBFFF7F5BF13B5FEF724
:10D0B000F7FFF7F701FE094B04461A681860824231
:10D0C000074A82BF11680131116011680191FEF7B2
:10D0D000FDFF2046019902B010BD00BF044A0024A4
:10D0E000004A00241FB50023044603620C4B0029AC
:10D0F00008BF1946031D684602931C230091039341
:10D100000B230193F8F7FEFA206038B9FFF75AF9BC
:10D1100020B93D2203490448FEF7CAFE04B010BD01
:10D120006958060899580608A358060810B5044619
:10D130000021FFF7D7FF204610BD000037B5044699
:10D140004FF0FF310068F8F7F5FA054620B9236A79
:10D150000133236203B030BDFFF734F903460028E2
:10D16000F8D12A46024903480093FFF739F900BF76
:10D17000C758060815010280036A013B13B5036214
:10D180000068F8F7EFFA044648B1FFF71BF90346C9
:10D1900028B90090224603490348FFF721F902B05D
:10D1A00010BD00BFD95806081701028010B504460B
:10D1B0000068F8F7EFFA204610BD00001FB50446DE
:10D1C000002310466A46CDE90033231D0293102345
:10D1D0000393F8F70DFC206020B937220249034879
:10D1E000FEF766FE04B010BD035906081159060883
:10D1F00010B504464FF6FF72FFF7E0FF204610BD62
:10D2000013B500680C46F8F70BFC024670B1C11C60
:10D210004FF0000006D15CB100900023054906489C
:10D22000FFF7DEF8931CF7D102B010BD0120FBE739
:10D230002046F9E720590608140102800068F8F733
:10D2400017BC10B504460068F8F740FC204610BD36
:10D2500008B538B1F7F7F4F820B1E32202490348E2
:10D26000FEF726FE08BD00BF4F590608664D0608AA
:10D270002DE9F047DDE90857994604466B078846D3
:10D2800092464FF0000118BF25F007064FF0440208
:10D2900000F178000CBF2E46083610F069FFB5FA91
:10D2A00085F300214D4420225B0904F11C006161DB
:10D2B000AD1B84F83C3084F83D1025F0070510F0D4
:10D2C00057FF064BC4F830A0002F08BF1F46E56289
:10D2D000A662A761C4F83480BDE8F087E359060868
:10D2E00013B5049CCDE9003413460A460021FFF72C
:10D2F000BFFF02B010BD70B500F1540504462846CA
:10D30000FFF71CFF04F140006669FFF797FF002359
:10D31000636194F83D302BB100242846FFF72CFFC1
:10D32000204670BD012384F83D30002EF4D03046F5
:10D33000F9F7BEF80446F0E713B5044654300190FF
:10D34000FFF7FCFE636901989BB194F87940FFF701
:10D3500013FF432C27D015D8132C26D00BD8012C23
:10D3600004D0022C02D0002C18BF1024204602B09A
:10D3700010BD0424EBE7232C19D0332C14BF102448
:10D380000524F3E7732C14D006D8532C13D0632C48
:10D3900014BF10240824E9E7832C0ED0932C14BF6B
:10D3A00010240B24E2E70624E0E70324DEE704244C
:10D3B000DCE70924DAE70724D8E70A24D6E70000E7
:10D3C0000D4B10B504460360FFF795FF94F83C3011
:10D3D0002BB1A06A08B1FFF7DCFC0023A36204F1C3
:10D3E0005400FFF7E3FE04F14000FFF72AFF201D81
:10D3F000F4F7F5FC204610BD085A060810B504469F
:10D40000FFF7DEFFBC212046FFF7B0FC204610BD31
:10D4100070B500F1540504460E462846FFF78EFE0F
:10D42000636913B994F83D302BB12846FFF7A4FE89
:10D430006FF0030070BDA36A53B100232349E26A71
:10D44000B3EB920F18D2A26A42F823100133F6E729
:10D45000E06A1F4B1F49984294BF20F003004FF031
:10D46000FF30FFF775FCA0620028E6D12846FFF7E1
:10D4700083FE6FF00400DDE744233146201D636224
:10D4800004F178032362F6F753F804F118022146F9
:10D490001148F8F7E1FF606190B994F83C302BB186
:10D4A000A06A08B1FFF775FC0023A3622846FFF7C6
:10D4B00063FE04F14000FFF7C1FE6FF00200B9E720
:10D4C0002846FFF759FE0020B4E700BFA52E5AE218
:10D4D000FBFFFF7F487F0608DDD4040810B5044633
:10D4E0000430F9F7C8FA04F15400FFF727FE0023CF
:10D4F00004F140006361012384F83D30BDE8104031
:10D50000FFF79CBE012000217047D0F86001002188
:10D510007047000000487047105A0608D0E94401DF
:10D520007047FF20704700002DE9F04F89B090460A
:10D53000994605469DF84830C3469DF8502090F81E
:10D54000FA71DDE915610591032B20D8DFE803F0BE
:10D550001C022A0302270F2A05F1040A3B4608BFD2
:10D5600095F8FD2150460392002211460092CDE924
:10D570000122FAF78DFE0446B0B12A4A02202A4958
:10D58000A346FDF783FF09E04FF0FF3BE3E74FF0D1
:10D59000FF3B264A24490220FDF778FF584609B090
:10D5A000BDE8F08F0327D6E7059B4FF0FF329DF8CB
:10D5B0004C105046079307ABCDE900635B46FAF782
:10D5C000F7FE2246214683463B465046CDE90244BB
:10D5D000CDE90044FAF75CFE04460028CDD1BBF14A
:10D5E000000F05D0124A02200F49FDF74FFFD5E783
:10D5F00095F80101A0B1B9F1000F08BFB8F1040F0F
:10D6000004D1337843F00A033370C7E7B9F1000F50
:10D6100008BFB8F1020FC1D1337823F00403F3E758
:10D620008346BBE7405A0608105A0608165A0608F1
:10D630005E5A060838B5044619461046D4F8183123
:10D6400001331FD104F5847201F034FD431CD4F87A
:10D65000605109D020440122002390F85411114256
:10D6600005D0723354F823502846E91738BD0133EA
:10D670005200042B52B2F2D1044A02200449FDF7B1
:10D6800005FFF1E74FF480500021EFE77C5A0608D0
:10D69000105A06080068704730B5039D00241C70BE
:10D6A0002C708C7814F0200F15D04A7AC0F8E02046
:10D6B00001221A700B7A03F01F0380F8FD310B7AF8
:10D6C0005B119B0080F8FB31022380F8F93180F870
:10D6D000FE31002030BD102A0FDD0A7CD2060CD5A9
:10D6E000CA7EC0F8E02001221A702A708B7E03F0F7
:10D6F0001F0380F8FD318B7EE2E762060FD5CA7A00
:10D70000C0F8E02001221A708B7A03F01F0380F822
:10D71000FD318B7A5B1180F8FB310223D7E70B7C5C
:10D72000DD070ED5CB7DC0F8E0308B7D03F01F0305
:10D7300080F8FD318B7D5B115B0080F8FB310123AC
:10D74000C3E7E20609D5CB7BC0F8E0308B7B03F062
:10D750001F0380F8FD318B7BEDE7E3070DD54B7B95
:10D76000C0F8E0300B7B03F01F0380F8FD310B7B2A
:10D770005B1180F8FB310123A9E70323C0F8E030F7
:10D78000A7E700002DE9F04385B006460D46174691
:10D79000DDF83880DDF8489000F0C4F8044640B168
:10D7A0000E4A02200E49FDF771FE204605B0BDE885
:10D7B000F083109B3A462946301DCDF80890CDE9FC
:10D7C00000830C9BFAF752FE04460028EDD02B464E
:10D7D000044A03490220FDF759FEE6E7A45A060869
:10D7E000105A0608F75A06082DE9F04700238AB0B8
:10D7F000054642F21074012600274FF000084FF052
:10D800000009DFF864A08DF827300120FFF720FD24
:10D810000DF127034FF0FF32052104930023284622
:10D8200000934FF0FF33CDE90667CDE90289FFF79A
:10D83000A9FF20B152460A490220FDF727FE9DF8B4
:10D840002730DA0708D5013CDFD10220054A044918
:10D85000FDF71CFE204600E001200AB0BDE8F0877D
:10D86000105A0608325B0608135B0608F0B5002361
:10D870008BB004468DF8273090F802315BB1FFF78A
:10D88000B3FF40B9214A22490220FDF7FFFD4FF0C6
:10D89000FF300BB0F0BD0023002600274FF0FF3211
:10D8A00004930621009320464FF0FF33CDE906672D
:10D8B000CDE90267FFF766FF054608B1154AE2E7C2
:10D8C0002046FFF791FF08B9134ADCE70122002345
:10D8D000052120460095CDE906230DF127034FF0E1
:10D8E000FF3204934FF0FF33CDE90267FFF74AFFA1
:10D8F00008B10A4AC7E79DF827309A07C9D4084AF1
:10D9000002200349FDF7C2FDC1E700BF5C5B0608CA
:10D91000105A0608865B0608A25B0608C15B06086B
:10D92000E25B0608F0B5D0F8F44087B00546013454
:10D930001CD0120E8DF81720FFF798FF70B9012345
:10D940004FF0FF32D5F8F41000930DF11703CDE935
:10D950000100281DFAF78AFD07B0F0BD0D4A02202C
:10D960000D49FDF793FD4FF0FF30F5E790F8FA1100
:10D9700003290DD012F17F466FF0807243F1FF371B
:10D980004FF0FF339F4208BF964201D2034AE6E7B9
:10D990000020E1E7195C0608105A06082D5C06080D
:10D9A0002DE9F04786B0914605468846109BDDF884
:10D9B00038A0059352460F9BFFF7B4FF044628B1E9
:10D9C000244A25490220FDF761FD3AE095F8FD3132
:10D9D0002F1D95F8F9210393384695F8FE310293EF
:10D9E00095F8FB31CDE9002395F8FA3195F8F81157
:10D9F000FAF74EFC0446064608B1184AE1E795F8E6
:10DA0000FB0105AB4146B0FA80F04009CDE9009337
:10DA1000424253463846FAF7CBFC3246044631467A
:10DA20003846CDE90266CDE9006695F8FA31FAF795
:10DA30002FFC054648B12C46084A07490220FDF74D
:10DA400025FD204606B0BDE8F087002CF9D0044A39
:10DA5000B7E700BF745C0608105A0608405A06086B
:10DA6000BC5C06082DE9FF4100F1BC0804460D46E8
:10DA7000174640461E46FFF761FB2046DDE90A23B4
:10DA8000CDE90076CDE902232A46D4F8E010FFF76D
:10DA900087FF68B16FF47A64064A07490220FDF7F0
:10DAA000F5FC4046FFF768FB204604B0BDE8F08176
:10DAB0000446F6E7CD5C0608105A0608F0B585B0B6
:10DAC000164605460A9F0B9B3A460391FFF72AFF2D
:10DAD0000399044638B10B4A0B490220FDF7D6FCE6
:10DAE000204605B0F0BD0C9B4FF0FF32281DCDE95C
:10DAF00000633B46FAF78BFC04460028F0D0034A4B
:10DB0000EAE700BFE15C0608105A06082A5D06082D
:10DB100070B586B0054616460591FFF703FF0599D7
:10DB2000044638B10A4A0B490220FDF7AFFC2046F3
:10DB300006B070BD034600903246CDE90100281DB5
:10DB4000FAF794FC04460028F1D0034AEBE700BF43
:10DB50003C5D0608105A0608855D06082DE9F04F61
:10DB6000054689B0884614461E4600F1BC09DDE929
:10DB70001223134362D0D5F8F0714FF0000B20460A
:10DB800031463A465B460DF079FD129951180491E1
:10DB900013994B410593DDE9040159454FF0000B02
:10DBA00008BFB84248462CBFBF1A129FBA46CDE9FB
:10DBB00006ABFFF7C3FA2846FFF758FE60B1204CCA
:10DBC0000220204A2049FDF761FC4846FFF7D4FABD
:10DBD000204609B0BDE8F08F06AB42460221284638
:10DBE0000293CDE90046FFF769FF38B1174A0220DA
:10DBF00015496FF47A64FDF749FCE6E7DDE9062391
:10DC00009B4508BF9742F1D1E419129B2846B844BE
:10DC100046EB0B06DB1B1293139B63EB0B03139377
:10DC2000FFF7E2FD30B90A4A02200749094CFDF727
:10DC30002DFCCAE74846FFF79FFA98E70024C7E79C
:10DC40005CF0FFFF975D0608105A06082F5D060876
:10DC5000AA5D06085DF0FFFF2DE9F04F1446064669
:10DC600089B000F58472194620461D4601F022FA5B
:10DC70003318074693F854310593129B14EB0308AD
:10DC8000139B45EB0309D6E944234B4508BF4245A6
:10DC900009D2604A604C02206049FDF7F7FB20463C
:10DCA00009B0BDE8F08F336822463046196B2B4629
:10DCB000884702460B46204629460DF0DFFC1343F9
:10DCC0000FD118F1FF3233683046196B49F1FF3339
:10DCD000884702460B46404649460DF0CFFC1343A9
:10DCE00001D04F4AD6E700230493DDE91223134302
:10DCF00000F08E80D6F818B1BBF1FF3F46D106F593
:10DD000090730598CDE90273CDE90045DDE9122352
:10DD100001F0EEF9049006EB8003D3F8B8B1D3F824
:10DD2000C8A14FF000095246204629464B46D0462E
:10DD30000DF0A4FC13430CD1129BE3180693139B24
:10DD400045EB03030793DDE906234B4508BF524526
:10DD500009D2049B0220334A3049CDE902A3CDE920
:10DD60000045FDF793FB06F1BC0A5046FFF7E6F9C4
:10DD70003046FFF77BFD60B12B4C02202B4A274930
:10DD8000FDF784FB5046FFF7F7F988E74FF4805A18
:10DD9000C7E7DDE9122359463046CDE90023224684
:10DDA0002B46FFF7B5FE38B1214A02201B496FF41C
:10DDB0007A64FDF76BFBE5E714EB0804129B45EB77
:10DDC0000905B3EB08031293139B63EB0903139349
:10DDD000DDE9122313430CD006EBC703D3E95A2322
:10DDE000AB4208BFA2423FBF0137F31993F8543149
:10DDF00005933046FFF7F8FC30B90E4A0220074978
:10DE00000D4CFDF743FBBDE75046FFF7B5F96CE756
:10DE1000002444E7CF5D06085BF0FFFF105A0608B8
:10DE2000EF5D06081A5E06085CF0FFFF5E5E0608FE
:10DE3000835E06089E5E06085DF0FFFF30B591F830
:10DE400039308BB091F8382004461B0103F01003E1
:10DE500043EA1213082B6ED021DC022B19DCD3B15C
:10DE60000023002400254FF0FF3204933821009353
:10DE70004FF0FF33CDE90645CDE90245FFF782FCBF
:10DE800020B1464A46490220FDF700FB00200BB0B6
:10DE900030BD042B3BD0434A04204149F4E7102B0A
:10DEA000F9D10122002309AD6521CDE90623002225
:10DEB00000230495CDE9022300234FF0FF320093A5
:10DEC0004FF0FF33FFF75EFC20B1374A02203449A0
:10DED000FDF7DCFA9DF8243001226121204603F091
:10DEE0007F0304958DF824300023CDE9062300221A
:10DEF0000023CDE9022300234FF0FF3200934FF0BF
:10DF0000FF33FFF73FFC0028C0D0284ABAE70023C0
:10DF1000002400254FF0FF320493352100934FF089
:10DF2000FF33CDE90645CDE90245FFF72BFC00287C
:10DF3000ACD01F4AA6E70122002309AD6521CDE937
:10DF40000623002200230495CDE902230023194A69
:10DF500000930023FFF716FC20B1174A0220104956
:10DF6000FDF794FA9DF8243001227121204643F0F8
:10DF7000400304958DF824300023CDE906230022C8
:10DF80000023CDE9022300230A4A00930023FFF770
:10DF9000F9FB00283FF47AAF084A73E7C95E060828
:10DFA000105A0608F45F0608955F0608C55F060864
:10DFB000F95E060803008000295F0608655F060811
:10DFC000304B9F21D0B51B788AB00326002709AAC1
:10DFD0008DF824300023044604924FF0FF32ADF850
:10DFE000253000934FF0FF33CDE906670026002768
:10DFF000CDE90267FFF7C6FB40B10220224A234960
:10E00000FDF744FA4FF0FF300AB0D0BD9DF8243040
:10E010009D2B27D00ED8012B28D01F2BF4D19DF893
:10E020002530892B01BF3123C4F8E830012384F85F
:10E030000231E9E7BF2B12D0C22BE5D19DF8253084
:10E040000020202B84F8F0001FBF012384F800314A
:10E050000323C4F8E4301523C4F8EC30D4E784F883
:10E060000301D1E70123C4F8E430CDE79DF8252072
:10E07000022AC9D19DF82620202AC5D184F8013171
:10E08000C2E700BF2C66060831600608105A060871
:10E090003F2A2DE9F04782468AB040F3B08091F8DC
:10E0A0003F3013F040021DD0032300258AF8FA31D7
:10E0B0009AF8FA31032B11D100220AF1040011461B
:10E0C000CDE90222CDE90022FAF7E2F830B16FF48F
:10E0D0007A654C4A4C490220FDF7D8F928460AB027
:10E0E000BDE8F087D90710D50024002504924FF031
:10E0F000FF330092B7214FF0FF32CDE90645CDE95D
:10E100000245FFF73FFB88BBCEE713F0020212D0B7
:10E11000FFF7ACFB00284AD1002200230490B7216E
:10E1200000905046CDE90623CDE902234FF0FF329F
:10E130004FF0FF33E5E713F010013FD00126002731
:10E140000DF127044FF000084FF000098DF827204B
:10E1500000924FF0FF334FF0FF32B5210494CDE928
:10E160000667CDE90289FFF70DFB08B1274D9FE750
:10E170009DF82730504643F001038DF82730FFF714
:10E1800075FB054698B904904FF0FF324FF0FF330E
:10E19000B12150460094CDE90689CDE90267FFF729
:10E1A000F1FA0028E2D103238AF8FA3180E7184A0D
:10E1B00002201549174DFDF769F979E713F00802B8
:10E1C00014D080230022049117218DF827300023DA
:10E1D000CDE9062301220023CDE902230DF1270317
:10E1E0004FF0FF3200934FF0FF338AE713F004053E
:10E1F0004FF00203D8D0C521C0F8F41055E7002530
:10E200006CE700BF405A0608105A06085EF0FFFF90
:10E21000195C06085CF0FFFFD0B5044690F80201D7
:10E2200088B0F0B191F8343013F008021CD000210E
:10E2300000284FF000034FF000004FF0FF3204932E
:10E2400000934FF0FF33CDE90601CDE902010CBF89
:10E25000F02199212046FFF795FA58B31C4808B0E1
:10E26000D0BD91F83D30DFE7DB061DD50026002745
:10E2700004924FF0FF33009266214FF0FF322046A8
:10E28000CDE90667CDE90267FFF77CFA0028E5D102
:10E290004FF0FF324FF0FF33992104900090CDE909
:10E2A0000667CDE90267D5E70A4A02200A49FDF769
:10E2B000EDF8D3E72046FFF797FA30B90220074A76
:10E2C0000549FDF7E3F80648C9E70020C7E700BFA6
:10E2D0005EF0FFFF47600608105A0608CE60060889
:10E2E0005DF0FFFF2DE9F041012288B000230026F8
:10E2F000002704910D4605218046CDE90623002321
:10E300004FF0FF3200934FF0FF33CDE90267FFF784
:10E3100039FA044640B1114A11490220FDF7B6F816
:10E32000204608B0BDE8F081D8F8E430013BF7D0D2
:10E33000013500904FF0FF32D8F8EC100495CDE98C
:10E340000630CDE902674FF0FF334046FFF71AFA77
:10E3500004460028E4D0034ADEE700BFC15B06089C
:10E36000105A0608ED600608D0F8E83001332DE9B0
:10E37000F04F054689B08B4629D1FFF777FA50B1A7
:10E380004FF0FF34344A35490220FDF77FF820462C
:10E3900009B0BDE8F08F0022002304900121CDF8E0
:10E3A00000B0CDE90623D5F8E4304FF0FF32CDE9D7
:10E3B00002304FF0FF332846FFF7E4F90446002807
:10E3C000E5D0274A02202549FDF760F8DFE7D0F8BD
:10E3D000E4A0BAF1020F05D04FF4CC6221492248E3
:10E3E000FDF766FDFFF742FA0028C9D14FF000089B
:10E3F0004FF000090126002704904FF0FF324FF044
:10E40000FF3301212846CDF800B0CDE90689CDE9DA
:10E410000267FFF7B7F9044618B1144A0F4950468E
:10E42000D2E72846FFF722FA0028A9D10BF1010113
:10E4300004944FF0FF324FF0FF3300912846D5F897
:10E44000E810CDE90689CDE90267FFF79BF904469C
:10E4500000289CD0064AE1E70E610608105A06081B
:10E4600022610608776106088C610608A761060824
:10E47000C86106083F4BF7B51A7800230446ADF88B
:10E480000130ADF8053090F802318DF800208DF89C
:10E49000042053B991F83A30C3F30213052B4CD83A
:10E4A000DFE803F050033D4203030123C4F8F830D2
:10E4B000C4F8FC30D4F8F830591C09D0D4F8FC105A
:10E4C0004A1C05D002AA134401228A4003F8082CF2
:10E4D00001A92046FFF706FF9DF806309DF80220AF
:10E4E0002046BDF800101343BDF804209DF80070CD
:10E4F0000A4301A99DF80160ADF804208DF80630AB
:10E50000FFF732FF2046FFF76FF9E8B91A4A0220F9
:10E510001A49FCF7BBFF4FF0FF3003B0F0BD0023FA
:10E52000C0F8F8300623C3E7072300203E25C4E9DE
:10E530003E033F23C4E93A53BCE7114A04200F4984
:10E54000FCF7A4FF0020E8E7002501A92046ADF86C
:10E5500004508DF80650FFF7C5FE9DF804301F40AB
:10E560009DF805301E4057EA060301D1054ACEE763
:10E570002846D2E72C660608AA5D0608105A060847
:10E58000E9610608076206082D4B30B51B788BB091
:10E5900005468DF824300023ADF82530FFF724F927
:10E5A00040B9284A02202849FCF770FF4FF0FF309D
:10E5B0000BB030BD95F8034144B1012C20D0284662
:10E5C000FFF712F90028ECD00020F1E72846FFF70A
:10E5D0004DF908B11D4AE5E7002200230490982177
:10E5E00000902846CDE90623CDE902234FF0FF3203
:10E5F0004FF0FF33FFF7C6F80028E0D0144AD1E708
:10E6000009A92846FFF76EFE08B1124ACAE7D5F8F5
:10E61000F83093B9D5F8FC309C4044F00304E4B2E0
:10E620009DF8243009A928461C408DF82440FFF7A6
:10E630009BFE0028C3D0084AB4E70324F0E700BFDC
:10E640002C66060829620608105A0608195C060896
:10E650005C62060882620608B8620608D0F8E430F8
:10E66000032B30B5054687B005D040F20452264949
:10E670002648FDF71DFC264B002204301B7811466E
:10E68000ADF815208DF814300223CDE90222CDE932
:10E690000022F9F7FDFD48B11E4A4FF0FF341E4934
:10E6A0000220FCF7F3FE204607B030BD05A928463E
:10E6B000FFF718FE08B1194AEFE79DF81630284613
:10E6C00043F002038DF81630FFF7D0F8044608B186
:10E6D000134AE2E705A92846FFF746FE08B1114AAA
:10E6E000DBE72846FFF780F808B90F4AD5E705A908
:10E6F0002846ADF814408DF81640FFF7F3FD0028CA
:10E70000D1D00A4AC9E700BF77610608F06206085F
:10E710002C660608405A0608105A06080B630608BD
:10E720000E6106082A630608AA5D06085C630608EF
:10E7300010B50446F3F7FCF9204610BDF8B51848AB
:10E740000D46F9F779FBFEF7F9FC164A106809281F
:10E7500020DC154B1B68991E1C4603F1120631F98B
:10E76000027FAF4219D0B142F9D1143321460234AD
:10E77000B1F9006001360AD10D800130002410602B
:10E780000748F9F759FBFEF7F7FC2046F8BD9C4215
:10E79000ECD1F2E76FF00104F2E74FF0FF34EFE75E
:10E7A000084A0024344A0024304A00247FB52F4E02
:10E7B0000446BDF9285040F8046B0B9ECDE9025683
:10E7C000BDF924600196BDF920600096F9F718FDA7
:10E7D00004F1BC00A4F8B850FEF7A8FC0C9B294635
:10E7E0002046C4F8F4310023C4F8003284F804321F
:10E7F000FFF7A4FFC4F8B40050B101301C494FF03A
:10E80000020007BF2B461B4A0A231B4AFCF73EFEA9
:10E810000020002100224FF0FF33C4E944014FF4EF
:10E820000030C4F8602184F854210121C4F8F801B3
:10E83000032084F8FD2184F8FE210222C4F8183157
:10E84000C4F8E830C4F8FC30C4F8281184F8F0109B
:10E85000C4E93802C4E93D3335224FF080732046C5
:10E86000C4F8EC20C4F8003104B070BD3866060866
:10E87000105A06087D630608B463060810B51348ED
:10E880000C46F9F7D9FAFEF759FC114B1B6803F156
:10E8900014011A460233B2F90000A0420AD14FF621
:10E8A000FF7313800B4A1368002B01DD013B1360DB
:10E8B000002403E08B42ECD14FF0FF340348F9F71A
:10E8C000BBFAFEF759FC204610BD00BF084A0024E1
:10E8D000304A0024344A002470B500F1BC060546D5
:10E8E00088B03046FEF72AFC95F804423CB9304621
:10E8F000C5F80042FEF740FC204608B070BDD5F8D0
:10E900000032013BC5F8003223B130460024FEF747
:10E9100033FCF1E70020002104934FF0FF32009315
:10E920004FF0FF33CDE90601CDE90201042128466D
:10E93000FEF728FF044630B16FF47A640A4A0B49A7
:10E940000220FCF7A3FD0023304685F80432FEF7D1
:10E9500013FCD5F8B430002BCED1B5F9B810284649
:10E96000FFF78CFFC8E700BFF2630608105A0608DD
:10E97000F0B5D0E90045096887B0EE0701EB650006
:10E9800042BF6E1089590C590F99D1E900670E9951
:10E99000CDE90467096803910D99097802910C99F2
:10E9A000097801911B780093D2E90023A04707B0B2
:10E9B000F0BD7FB5CDE904230CAB014604AA0430B9
:10E9C00003930BAB02930AAB019309AB009308AB23
:10E9D000FFF7CEFF07B05DF804FB0000034A0346D3
:10E9E000C26007C983E80700704700BF20660608B9
:10E9F00010B588B0059108A902AC019001E90C009E
:10EA000005A984E80C00FFF7E9FF019808B010BDE4
:10EA100037B56C46054684E80C0094E80C00FFF717
:10EA2000E7FF284603B030BD08B5F8F717F80068CF
:10EA3000003818BF012008BD2DE9F04704461646EE
:10EA40001D469DF820709DF824809DF82890FFF7C2
:10EA5000EBFF28B940F2022208490948FDF728FADD
:10EA6000E068FEF717FE324601462B46204608971F
:10EA7000CDE90989BDE8F047084700BFA044060872
:10EA80002C3F060830B587B00D9903919DF83010E2
:10EA900002919DF82C10DDE90E4501919DF828109A
:10EAA000CDE904450091FFF7C7FF07B030BD000076
:10EAB00090F802312DE9F04317469DB004460D460B
:10EAC0001268002B38D0242008AB00214FF05A08E0
:10EAD0004FF008090126039300230096CDE90401B5
:10EAE000CDE901892846FFF7CDFF50B1434A4FF0E9
:10EAF000FF3543490220FCF7C9FC28461DB0BDE89C
:10EB0000F0830C220023CDE9042314AB6022CDE96D
:10EB100002930023CDE900682846FFF7B3FF0646BD
:10EB20000028E3D104F5847808A8414600F042FBB0
:10EB300000280DDA334ADAE779680820CDE90413B2
:10EB400008A903915A21CDE9011001210091E3E7C1
:10EB5000414608A800F018FB002801DA2A4AC6E757
:10EB6000796808A800F060FA08A9C4F8F001204606
:10EB7000FFF752FB054608B1244AB8E7414608A80A
:10EB80008DF81E608DF81F6000F05AFA002801DA37
:10EB90001F4AACE70DF11F037A6808A920460093CD
:10EBA0000DF11E03FEF778FD9DF81E309BB194F821
:10EBB000003113B12046FFF751FD08A92046FFF7A9
:10EBC00059FC08B1134A92E79DF81F301BB108A900
:10EBD0002046FFF733F994F8F0303BB17A6808A982
:10EBE0002046FFF755FA08B10B4A80E72046FEF7AA
:10EBF000FBFD002881D1094A79E700BF07640608B8
:10EC0000105A06082B6406084A6406086A64060857
:10EC10009B640608D2640608036506083665060884
:10EC20002DE9F047D0F8B4508EB00446B5B16B1C56
:10EC30000CD1A5F6A575B0F9B830584A022058494C
:10EC4000FCF724FC28460EB0BDE8F0870A23554A9D
:10EC500053490220544DFCF719FCF3E700F1BC07BF
:10EC600004F104083846FEF769FA94F8FA312A46A6
:10EC700029464046CDE90255CDE90055F9F708FB94
:10EC800050B14A4A6FF47A6545490220FCF7FEFB11
:10EC90003846FEF771FAD5E794F804320BB9C4F898
:10ECA0000052D4F800620136012EC4F80062EFD1A0
:10ECB0000023D4F8F411404684F8FB3184F8FD3188
:10ECC000F9F71CFB054608B1394ADBE72046FEF799
:10ECD0008BFD30B9374A02203149374DFCF7D6FB5E
:10ECE000D6E72046FFF76CF9002801DA334AC9E776
:10ECF000DFF8E09004F584782B4621464A460AA8BE
:10ED0000C4E94255C4E94855CDE90495FFF780FEB2
:10ED100041460AA800F058FA82460AA8FFF708FD03
:10ED2000BAF1000F06DA264A1D490220254DFCF7EC
:10ED3000ADFBADE72B464A4621460AA8CDE906952C
:10ED4000FFF766FE42460AA92046FFF7B1FE82465B
:10ED50000AA8FFF7EDFCBAF1000F01DA1A4AE3E75F
:10ED60002B464A4621460AA8CDE90895FFF750FEF2
:10ED700041460AA800F086FA05460AA8FFF7D8FC23
:10ED8000002D01DA114ACFE72046FFF7FDFB0546CB
:10ED900008B10F4AC8E784F8046279E77D63060882
:10EDA000105A0608B463060859F0FFFF405A0608D7
:10EDB00052650608366506085DF0FFFF6C650608BB
:10EDC0008C6506085EF0FFFFAD650608D365060892
:10EDD000F865060829D5040830B587B00C9CD4E93D
:10EDE0000045CDE904450B9C246803940A9C2478D3
:10EDF00002941B78019313780093D1E90023FFF765
:10EE0000D8FD07B030BD7FB5CDE904230CAB08AA0F
:10EE100004A902930BAB01930AAB009309ABFFF774
:10EE2000DBFF07B05DF804FB08B51420FDF782FF97
:10EE30004FF6FF71831E00F1120223F8021F934266
:10EE4000FBD1014B186008BD304A00244FF4847296
:10EE50000249034808B5FDF72BF800BFA96606086C
:10EE6000B266060810B50422094904460FF050F8AE
:10EE700010B96379012B07D00220064A0449FCF738
:10EE800005FB4FF0FF3010BDA0790130FBE700BF5C
:10EE9000C8660608CD66060837B5837804460D4671
:10EEA000012B08D00220514A5149FCF7EFFA4FF0EC
:10EEB000FF3003B030BD4268130EFF2B40F08A8054
:10EEC00003780C2B28D91F2B76D003F17F02D2B206
:10EED0000C2A01D90020ECE7813B0C2BFAD801A2C7
:10EEE00052F823F06DEF0408D5EE0408D5EE0408BF
:10EEF00087EF0408D5EE0408D5EE0408BDEF04083A
:10EF0000C1EF0408D5EE0408D5EE0408D5EE0408D8
:10EF1000D5EE0408D1EF04080C2BDBD801A151F881
:10EF200023F000BF59EF0408D5EE0408D5EE04081D
:10EF3000A5EF0408D5EE0408B1EF0408B5EF040806
:10EF4000D5EE0408D5EE0408C5EF0408C9EF04089F
:10EF5000D5EE0408CDEF040822F07F422A60C37882
:10EF60009B00502BA8BF50236B60B3E7214A0820B9
:10EF70001F49FCF78BFA636823F07F43AB61E378AA
:10EF80009B00EB61A6E71C4A08201949FCF77EFAB2
:10EF9000636823F07F43C5F8D030E3789B00C5F861
:10EFA000D43097E7154A12490820FCF76FFA91E729
:10EFB000134AF8E7134AF6E7134AF4E7134AF2E76D
:10EFC000134AF0E7134AEEE7134AECE7134AEAE77D
:10EFD000134AE8E77F2B3FF67DAF0093114A037891
:10EFE00008200349FCF752FA74E700BFF6660608EA
:10EFF000C8660608216706083E6706086B670608AC
:10F00000AD670608036806085968060867680608B9
:10F01000A5680608F66806084169060898690608A2
:10F02000C96906081F6A0608282981BF90F82800C8
:10F0300003110120984098BF4FF480707047000082
:10F04000F8B54B681C2B24D9012301F1B00401F160
:10F05000C0064FF0FF379C4644F8047B027F0CFA51
:10F0600002F2012AE2600CD9457F44F8045C8D6D00
:10F07000AA4200D305B98A6591F84C201A4381F859
:10F080004C205B00B44200F10200DBB2E4D100206E
:10F09000F8BD4378FF2B0B61F9D10220034A0449E4
:10F0A000FCF7F4F94FF0FF30F2E700BF6F6A060893
:10F0B000C8660608F0B504460D46D2E902018D4245
:10F0C00008BF844211D2136A7BB1012B0BD060328E
:10F0D0000020834209DDF2E80267AF4208BFA64282
:10F0E00002D20130F5E70020F0BD4FF0FF30FBE722
:10F0F0002DE9F04F89B003264FF00809159F0590C0
:10F1000007F1A80BDDE9128ACDE9002318F1FF33DE
:10F1100006934AF1FF330793149B093307EBC307A8
:10F12000059B13EA090F1ED05BF8264000254046D8
:10F13000514622462B460CF0A1FA134313D1DDE9C8
:10F140000023AB4208BFA2420DD3069B1B190293BA
:10F15000079B6B410393DDE90201D7E900238B4252
:10F1600008BF824208D2013E4FEA5909D8D2044A68
:10F1700002200449FCF78AF9304609B0BDE8F08F57
:10F18000996A0608C866060813B543680024082073
:10F190005A1CD208C1E90224CDE900240349044ADB
:10F1A000FCF774F9204602B010BD00BFC86606081F
:10F1B000C96A060890F90700C017704710B50446E1
:10F1C000F4F7EEF8204610BD2DE9F04F8BB04FF06C
:10F1D000080B4FF0000A5A2708AB0022CDF808B000
:10F1E00080460393012389465E46CDE90037CDE989
:10F1F00004BA0023FFF746FC50450ADA4FF0FF340B
:10F200001D4A1E490220FCF741F920460BB0BDE81B
:10F21000F08F08A8FFF726FE041EF6DB0025CDE9D7
:10F2200006BAA54226D0069B01215A4640460493C1
:10F23000079B0197059308AB0091CDE90263534604
:10F24000FFF720FC002808DA02206B1C0C4A0B494F
:10F25000FCF71CF94FF0FF30D8E7494608A8FFF744
:10F260001BFE0028D2DB1BF1080B05F101054AF15A
:10F27000000AD6E70020C9E7F56A0608C86606084E
:10F28000136B06088B692DE9F04F05468DB00C46CF
:10F290000BB1C86978B9012300252362D4E9023291
:10F2A000636213F1FF3342F1FF32C4E9183228469A
:10F2B0000DB0BDE8F08F7849FDF74AFD804638B9BA
:10F2C000764A022076494FF0FF35FCF7DFF8EEE78B
:10F2D0000027E369082203902846CDE904375A2322
:10F2E000CDE901320123A26900933B46FFF7CAFB37
:10F2F000B8420ADA6B4A6A490220FCF7C7F84FF0B5
:10F30000FF354046FDF745FDD1E7294608A8FFF740
:10F3100055FF98F8006016F002064FD1E3694746A2
:10F320000DF11F0A08EB03093D460837B94533D3F1
:10F3300017F8063C0120002117F805BC6A68CDF8D3
:10F340000CA0CDE9040103F00F019B0908A802916C
:10F3500017F8071C009300230191FFF793FB002887
:10F3600009DA2F464FF0FF394F4A02204C49FCF78B
:10F370008DF83D4617E09DF81F3076001BEA030F1D
:10F38000F6B217F8083C18BF46F00106DB0712D4A6
:10F390003B789D07C8D53D464FF0FF39434A404969
:10F3A0000220FCF773F808A8FFF7C2F9B9F1000FC3
:10F3B00008D03F4A9FE74FF00009DAE745463E464E
:10F3C000B946F0E7E26942442978880710D505F18B
:10F3D00008039A420CD3A878831C05EB83039A4256
:10F3E0000DD2344A05E00BB9FFF730FD1D46EBE7BF
:10F3F000314A2B490220FCF749F8304A7BE76F7805
:10F40000B74203D0C907EED52D4AF2E7431C0A2BB9
:10F41000236207DD009302200A232A4A2049FCF7D1
:10F4200035F86CE76FF04C0A043504F1240904F157
:10F430004C0C04F1600E00230F21AAEB040A2A6889
:10F4400015F8046B22F0FF0206F00F0602F5807239
:10F45000314049F8042B013A0CF8016B13440AEBD4
:10F460000C021E46DF17904203F10103EEE802672B
:10F47000E5DC00230122A36512EA010505D0303343
:10F48000002554F82330A3653BE701335200042BD9
:10F49000D2B2F1D135E700BF487F06083B6B0608C2
:10F4A000C8660608556B0608BB6B0608786B06082D
:10F4B000EE6B0608466C0608186C0608DA6C06083F
:10F4C0008B6C0608016D06087047000010B503201C
:10F4D00000F034FF04F060FC0F49104A8B69C3F35D
:10F4E0000323D35C03F01F03D8408B6903F00F03A1
:10F4F000D35C0B4A03F01F0320FA03F31360094B9C
:10F5000018600F2008F0DEFD044618B9FFF7DCFF95
:10F51000204610BD0124FBE7004402589A6D0608FE
:10F52000840E0024800E002438B5044608F0D0FD77
:10F530000546631C1EBF044B1B78E41808F0C8FD89
:10F54000431BA342FAD338BD780E0024014B186840
:10F55000000C70470010005C014B1868704700BF3A
:10F5600000E8F11F014B1868704700BF04E8F11F65
:10F57000014B1868704700BF08E8F11F034A536841
:10F5800023F4600318435060704700BF0004005824
:10F59000024A136A43F001031362704700040058E3
:10F5A00030B5CC030DD5430900F01F05012403F14C
:10F5B000B063AC4008331B011D68A2B925EA0404FE
:10F5C0001C608B030ED500F01F01400901230001D0
:10F5D0008B4000F1B04042B9D0F8842022EA030306
:10F5E000C0F8843030BD2C43EAE7D0F884201343C0
:10F5F000F6E730B5CC030DD5430900F01F05012413
:10F6000003F1B063AC400C331B011D68A2B925EABD
:10F6100004041C608B030ED500F01F014009012378
:10F6200000018B4000F1B04042B9D0F8C42022EA7A
:10F630000303C0F8C43030BD2C43EAE7D0F8C4203F
:10F640001343F6E730B5CC0D1430C1F30451072550
:10F6500004F004048D4002FA01F1235823EA050363
:10F660000B43235030BD8068C0F380007047704763
:10F670000368454A93422DE9F04104460F4620D0E5
:10F6800002F1C0524148424902F58642834208BF16
:10F690000A4625699668082D06F01F0625D0092E12
:10F6A00011D840F22122F240D1070CD5DB6813F0CB
:10F6B000010F19D0636D012043F020036365BDE89D
:10F6C000F081334AE5E7304A93420BD02F4802F5E8
:10F6D0004072304983420CBF13460B469B6813F4BB
:10F6E000404FE6E72A4BF9E7042508F0F1FC804695
:10F6F00023681A682A4220D0626D42F40072626563
:10F70000DA6812F4406F0FD1627D6AB91A68100787
:10F710000AD5626D22F480726265626DD10403D4F1
:10F72000626D42F001026265184A934221D0D868A6
:10F73000082D18D11D600020C1E77A1CD9D008F02F
:10F74000C7FCA0EB0800B84201D8002FD0D1236835
:10F750001B682B40CCD1626D032084F8503042F0FE
:10F7600004026265ABE710F48040E4D10C221A6019
:10F77000A5E7092E05D840F2212222FA06F6F20763
:10F78000D5D4014AD068D3E70020024000210240CE
:10F7900000230240006302580368186C70470000A1
:10F7A0000023F7B50193054690F850300C46012B25
:10F7B00000F09C81012380F850300068FFF753FF70
:10F7C000002840F08D810A68C2F31300C2F38461FF
:10F7D00000286CD18B4028681F27C26900F1300CCB
:10F7E00013436268960902F01F02C36106F00C061B
:10F7F000974001FA02F256F80C3023EA070313434C
:10F8000046F80C30FFF72FFF2F68BB6803F00803A2
:10F8100053EA000641D1A26838462168FFF712FF7B
:10F82000B34B62691B6803F07043B3F1805F2B68D0
:10F83000D96845D1C1F382014900D4F810C002FA59
:10F8400001F12068BCF1040F42D003F1600700F021
:10F85000F84057F82C2002F0004202430A4347F8D0
:10F860002C202169627E012A57F821200CBF4FF01D
:10F870000040002022F00042024347F82120217E70
:10F8800022690129186902F01F0208BF4FF40066BF
:10F8900020F4F040964006431E6128688368DA072A
:10F8A0003DD50020002385F8503003B0F0BD92FA1A
:10F8B000A2F3B3FA83F303F01F00012383408AE726
:10F8C00011F0100FD968B5D0490801F00801B4E76C
:10F8D0001A6E810602F0F842B2EB806F03D11A6E05
:10F8E00022F000421A665A6E02F0F842914203D1A9
:10F8F0005A6E22F000425A669A6E02F0F842914225
:10F9000003D19A6E22F000429A66DA6E02F0F84253
:10F910009142C2D1DA6E22F00042DA66BDE7E668B3
:10F92000236806F0180C734AD0F8C010C3F313070D
:10F9300022FA0CF221EA07011A400A43C0F8C0205B
:10F940006D4A964246D1E7B9990E013101F01F0682
:10F950008906092E01F0F8424FF0010101FA06F183
:10F960002AD91143002F40F085809A0E013202F00F
:10F970001F0202EB42031E3B1B0543F000731943B9
:10F9800025E093FAA3F636B1B6FA86F14A1C02F0E6
:10F990001F02092A62D893FAA3F1B1FA81F1013169
:10F9A000890601F0F84293FAA3F1B1FA81F101312D
:10F9B00001F01F060121B1401143002F49D19E0ED5
:10F9C000013606F01F0606EB460636053143A268EF
:10F9D000FFF738FE21680029BFF663AF2A68474B5E
:10F9E00047489A42474C03D0474EA24218BF304680
:10F9F0009A42806801D0A24241D1404B9E68A368E0
:10FA00003343DB4303F00103002B63D03F4B00F093
:10FA1000E074994236D103023FF543AF3C4B9A4222
:10FA20007FF43FAF384A936823F0E073234343F4F5
:10FA300000039360374B384A1B68B3FBF2F3013382
:10FA40005B000193019B002B3FF42BAF019B013B1B
:10FA5000F7E793FAA3F6B6FA86F6B1E70131B6FAFC
:10FA600086F6890601F0F842711C01F01F0601219B
:10FA7000B14076E793FAA3F2B2FA82F276E7244B2A
:10FA80009B68BEE7254B994210D110F080707FF43F
:10FA900008AF1F4B9A427FF404AF1B4A936823F0D0
:10FAA000E073234343F080739360FBE61C4B994261
:10FAB0007FF4F7AE10F480007FF4F3AE144B9A425B
:10FAC0007FF4EFAE104A936823F0E073234343F4CE
:10FAD0008003E9E76B6D012043F020036B65E1E6ED
:10FAE0006A6D184642F020026A65DBE60220DCE619
:10FAF0000010005CFFFF0F000000FF4700200240E5
:10FB0000002302400021024000630258000084CB21
:10FB100000600258800E0024400D0300000052C710
:10FB20000000B8CF70B504460068FFF79CFD23685D
:10FB30009A6802F00802024301D1002070BDDA6821
:10FB400090012BD5A08A40F20112904226D1284A7A
:10FB50001968490616D5402201211A601846FFF798
:10FB600082FD58B1226893689E0707D4936823F0FA
:10FB7000004323F03F0343F01003936001290FD1AA
:10FB8000042522E0013AE3D1636D012043F0100324
:10FB90006365A36D43F00103A365CFE70229DDD1BF
:10FBA0002268936818070AD593689B0707D493685F
:10FBB00023F0004323F03F0343F020039360022926
:10FBC00014D0032914BF04250C2508F081FA064639
:10FBD00023689B682B42B0D008F07AFA801B052876
:10FBE000F6D923689B682B42F2D0CDE70825ECE7D5
:10FBF00001DC0C0002689368D90770B5044601D592
:10FC0000002070BD9168224B194209D0636D01201C
:10FC100043F010036365A36D43F00103A365F0E7B0
:10FC2000936823F0004323F03F0343F00103936004
:10FC300008F04EFA2268174B054617499A420ED033
:10FC400003F1C053154803F586438A4208BF0346B3
:10FC50008A429B6801D1DB06D2D1114E12E00F4BD4
:10FC6000F6E79368DB0704D49368334043F001035D
:10FC7000936008F02DFA401B022803D923681B6803
:10FC8000D807C3D522681368D907EAD5B8E700BFFB
:10FC90003F0000800020024000210240002302407B
:10FCA000C0FFFF7F3B4B70B504460068984257D0B9
:10FCB00003F1C0533849394A03F58643884208BFE7
:10FCC00013469E68FFF7CFFC054600285BD194F8E9
:10FCD0005030012B57D00123204684F85030FFF7D5
:10FCE00089FF00284CD1636D06F01F022A4923F4D6
:10FCF000706323F0010343F48073636523688B42D0
:10FD000043D01946656D25F480156565656D15F45C
:10FD1000805502D0A56D25F00605A5651C258B42F2
:10FD20001D604FF0000584F8505007D0092A19D8FB
:10FD300040F2212525FA02F2D50713D5DA6892019F
:10FD400005D5626D22F4405242F4805262659A6891
:10FD500022F0004222F03F0242F004029A6070BD9D
:10FD60000E4BAEE7636D43F480136365CB689B0174
:10FD7000F5D5636D23F4405343F480536365EEE798
:10FD800084F85050EBE70220E9E70249002AB9D095
:10FD9000BCE700BF002002400021024000230240D7
:10FDA000026838B5936804469168C80701D40020FA
:10FDB00038BD9907FBD4936803F00D03012B19D1CB
:10FDC000936823F0004323F03F0343F00203936062
:10FDD0000323136008F07CF9054623689B68DB0762
:10FDE000E5D508F075F9401B0228F6D923689B6811
:10FDF000DA07F2D5636D012043F010036365A36D4C
:10FE000043F00103A365D3E710B590F850300446E2
:10FE1000012B16D00123032180F85030FFF782FE1A
:10FE200058B92046FFF7BCFF38B9636D23F48853F7
:10FE300023F0010343F001036365002384F850308D
:10FE400010BD0220FCE7000038B5434A05460368B0
:10FE5000934203D002F58072934218D13F4B9B68C6
:10FE600013F4403F14BF012300230BB304F05AF9ED
:10FE70006B680446B3F5003F05D0B3F5403F08D0AA
:10FE8000B3F5803F06D11B0CB4FBF3F402E0344B16
:10FE9000E5E78408FFF75AFB41F2030398422B6819
:10FEA00040D8304A94429A6838D942F4807237E098
:10FEB0004FF4002005F0EEF96B680446B3F5101F0F
:10FEC00028D01DD8B3F5E01F22D014D8B3F5801F79
:10FED00008D00AD8B3F5002F04D023F40022B2F5DD
:10FEE000802FD7D19B0C5B00CEE7B3F5A01FF9D0D4
:10FEF000B3F5C01FF5E7B3F5001FCBD14409C9E73F
:10FF0000B3F5201F08D0B3F5301FC3D1040AC1E7F1
:10FF10000409BFE78409BDE7C409BBE722F4807286
:10FF20009A6038BD104A944203D89A6822F440720D
:10FF3000F6E70E4A944203D89A6822F44072B4E776
:10FF40000B4A94429A6896BF22F4407242F440727F
:10FF500042F40072E4E700BF0020024000230240A8
:10FF600000630258002D310121BCBE0041787D01A3
:10FF700081F0FA02002373B504460193002800F0D3
:10FF8000ED80456D25B9FFF772FBA56584F85050EB
:10FF9000206883689D0005D5836823F0204323F003
:10FFA0003F0383608368D90040F198808368DA005A
:10FFB00000F1AA80636D012543F010036365A36D12
:10FFC00043F00103A365FFF74EFB636D03F01003DD
:10FFD0000343636D40F0BF8023F48173226843F0D4
:10FFE000020363659368DB070CD45D495D488A4270
:10FFF00002D0824240F08A808E6883683343DE07F5
:020000040805ED
:1000000040F18B80FFF7A2FA41F20303226B984282
:10001000217F607DA36840F29080102B40F08D809E
:100020000B0443EA4033134343F01C03012902BF8E
:10003000226A02F1FF3243EA4243626A22B102F4C9
:100040007872A16A0A4313432068474AC1680A408C
:100050001343C360FFF707FB2268936803F00803AC
:10006000034327D1D368217D23F4804323F0030386
:1000700043EA8133E16A0B43D36094F83830012BB3
:1000800061D1E36B1069591ED4E91036334343EA5A
:100090000143A16C0B43354901400B4343F001037D
:1000A000136120461369616B23F070430B431361A6
:1000B000FFF7CAFEE3682268012B48D1116BA369E0
:1000C00021F00F01013B0B431363636D23F0030326
:1000D00043F001036365284602B070BD8368244A7B
:1000E00023F0104323F03F0343F080538360214B00
:1000F0001B68B3FBF2F301330193019B002B3FF428
:1001000055AF019B013BF7E700255CE71A4B9B6865
:10011000DB073FF577AF194B06E08A420BD0174B50
:100120001749824208BF0B469A68616822F47C1224
:100130000A439A6066E7124BF6E7134343EA4033FB
:1001400043EA014372E7136923F00103A8E7136B45
:1001500023F00F03B8E743F0100363650125BAE706
:10016000002002400021024003C0F0FF1EF800FC06
:10017000400D0300800E0024006002580063025806
:10018000002302408068C0F3800070470023F7B569
:100190000193044690F850300E461746012B3FD08D
:1001A000012380F85030FFF7FBFD002834D1656D46
:1001B00007F08047226806F4803625F48855194BED
:1001C00025F0020545F00205656591680B4016496A
:1001D0003B43334343F0004393609368002B11DAB1
:1001E000019B01330193019B8B42F6D3636D012088
:1001F00023F0120343F010036365002384F85030AA
:1002000003B0F0BD636D23F0030343F001036365A6
:10021000002384F85030F3E7636D43F01003F6E7F2
:100220000220EDE7C0FFFE3F00F8C325F0B590F8CF
:1002300050209BB00346012A73D001223A4C80F82B
:10024000502000201D681690A542179008D0596DC7
:1002500083F85000104641F0200159651BB0F0BDF5
:10026000324E3046FFF78EFF04461868FFF78AFFCC
:10027000204330464FD11A68AA4222D02C4D2D4C33
:10028000B24218BF2C46D1F800C0274FBCF1000F76
:1002900027D0A668BA424D6826F4404646EA0506CD
:1002A000A66001D082420ED11F4A9668826832430E
:1002B000D24302F001024AB90020002283F8502004
:1002C000CCE71C4CDFE71C4A9268F1E7A26889681A
:1002D00022F471624CEA010522F00F021543A56079
:1002E000EAE7A168BA4221F44041A16001D082420C
:1002F0000ED1B96882680A43D24302F00102002A93
:10030000DAD0A26822F4716222F00F02A260D3E771
:10031000094A9268F0E7596D104641F0200159658D
:10032000CBE702209AE700BF0020024000210240F4
:10033000006302580023024000600258074903028C
:10034000CA6803F4E06322F4E0621204120C13435F
:1003500043F0BF6343F40033CB60704700ED00E02F
:10036000164B30B5DC68C4F30224C4F10705231D25
:10037000042D28BF0425062B4FF0FF338CBF033C10
:10038000002403FA05F5002803FA04F321EA050125
:1003900022EA030201FA04F141EA02034FEA0313DD
:1003A000DBB206DB00F1604000F5614080F800330D
:1003B00030BD00F00F00024A1354F9E700ED00E0F1
:1003C00014ED00E0002808DB0123420900F01F00C3
:1003D00003FA00F0014B43F82200704700E100E00F
:1003E00000280DDB4309012200F01F00203302FA30
:1003F00000F0044A42F82300BFF34F8FBFF36F8F22
:10040000704700BF00E100E0BFF35F8F044A536A0A
:1004100023F4803353620022024B5A60704700BFBE
:1004200000ED00E090ED00E0064A40F00100064BD0
:100430005860536A43F480335362BFF34F8FBFF366
:100440006F8F704700ED00E090ED00E04378124AB6
:1004500010B593600178D9B14368D360C37A047B47
:100460001B0643EA04730B43817A43EAC143417B91
:1004700043EA8143817B43EA4143C17B43EA014331
:10048000417A43EA0123017A43EA4103136110BD33
:10049000D1601161FBE700BF90ED00E0044B1B68E9
:1004A000C3F30313072B0CBF03200120704700BFC9
:1004B00000ED00E010B528B190F83530022B03D0E4
:1004C0008023436501207FE00368504A934252D065
:1004D0004F498B424FD018318B424CD018318B4250
:1004E00049D018318B4246D018318B4243D0183155
:1004F0008B4240D018318B423DD001F556718B4272
:1005000039D018318B4236D018318B4233D0183164
:100510008B4230D018318B422DD018318B422AD0EB
:1005200018318B4227D018318B4224D01A6822F020
:100530000E021A601A6822F001021A60354A9342CC
:1005400043D1026E136823F480731360D0E916134D
:1005500003F01F02012393404B60D0E919325A6027
:10056000C36E002B46D01A6822F480721A60D0E95C
:100570001C325A603EE00421934280F835101ED0B0
:10058000234A93421BD01832934218D01832934218
:1005900015D01832934212D0183293420FD018322D
:1005A00093420CD01832934209D002F5567293420E
:1005B00005D01832934202D018329342FFD01A6805
:1005C00022F001021A60002010BD134A9342B8D0F5
:1005D00014329342B5D014329342B2D014329342C3
:1005E000AFD014329342ACD014329342A9D014321B
:1005F0009342A6D00123002480F83530036D80F8A3
:1006000034400BB19847DEE71846DDE710000240A2
:1006100028000240085402581C54025890F8350033
:1006200070478B680A682DE9F04F1A430B7C85B040
:1006300091F804A0002B91F80C9091F80D800CBF5C
:100640004FF40023002391F80EE001934B7C91F8C6
:100650000FC0002B8E7C0D7F0CBF4FF400330023A6
:1006600091F81DB002934B691A438B6913438A7F3B
:10067000002ACA7F039208BF4FF4806791F82020B8
:1006800018BF0027002A026810680CBF4FF480745E
:1006900000240090486A0343C86A0343009820F08E
:1006A0007F4020F47B0020F4FE4020F07C000343D8
:1006B000039843EACA6343EAC95343EA885343EAC7
:1006C0004E5343EA0C5343EA064343EA053343EAF5
:1006D000CB2391F828B043EA4023019843EA0B1357
:1006E0000343029803433B431C431460CE6B91F8D1
:1006F000323091F83870002B536891F8305023F065
:100700007C5391F831400CBF4FF48030002023F42B
:10071000EF2323F4FF6323F0070343EA46634E6BA2
:1007200033438E6C43EA076343EA85430D6D43EA26
:1007300044430343486C5360D36823F4877323F026
:100740000103034391F8400043EA0023D36091F88A
:100750004C3091F85440002B136F23F0F2030CBF80
:10076000802000201B041B0C43EA06432B43CD6D65
:1007700043EA440303431367D2F8900091F85630DC
:1007800020F00300034391F8550043EA4003886DCD
:10079000C2F89030D2F8003D23F072030343C2F850
:1007A000003D91F8603091F86140002BD2F8303D67
:1007B00091F8621023F07B030CBF402000202B43F4
:1007C00043EA041343EAC1030343C2F8303D05B0D2
:1007D000BDE8F08F026802F58050036823F4F0430F
:1007E00030B523F002030C68234341F20404036094
:1007F0000B7B10590D79DB0320F4504043EA05339D
:100800008D6820F001002B430343135102F58854F7
:10081000487B0B6A256843EA00431048284003439D
:10082000236041F204144B7F087D1B03155943EAF2
:100830000013086903430A4828400343135141F257
:1008400008140D7F10598B6920F0004143EAC573ED
:1008500021F47C110B43135130BD00BF00C0FEFFDB
:10086000EFEFC0FF2DE9F04FD0F840E085B000EB8E
:100870008E0302929A69D468002C03DA022005B034
:10088000BDE8F08F5B6C002BF8D10D688F6815F018
:10089000040C28D0D4684B6A240C24042343046835
:1008A000D360D36843F48033D360236E43F4801362
:1008B00023662B0717D59668CB6AB6B246EA034380
:1008C0009360D36843F40033D360D6680B6B26F48F
:1008D00040263343D360636E43F480136366236D15
:1008E00043F08063236515F010090BD094688B6981
:1008F00024F47F5424F03F0423439360D36843F0EF
:100900008063D36015F0140418D0D3680EF101068B
:1009100043F08043092ED36088BFAEF10906D36847
:1009200043F00043D36000EB86039B69DC68002C36
:100930007EDAD36823F00043D3609FE71346764600
:10094000013401943C681C609C6824F47F587C68E6
:1009500028F03F0848EA0404DFF800829C60BC6885
:10096000002C67D027685F609F6807EA08086768FF
:1009700048EA07479F60DF68B9F1000F61D027F4AC
:10098000F0080F6A48EAC747DF60DF684FEA974818
:10099000CF694FEA884848EA0707DF60DF6847F415
:1009A0008027DF60BCF1000F06D09F6827F4404C21
:1009B0008F6A4CEA07079F60DF6847F00057DF60E7
:1009C000DF6827F08047DF60DF6847F00047DF60BF
:1009D000AF0706D5DF6827F0607CCF684CEA0707D1
:1009E000DF6005F001050027DFF87081DFF870A1F6
:1009F0000395019D07EB050BA568002D3BD1029ADD
:100A0000002A00F0A7809A6842F000429A60DA68F3
:100A100042F08052DA6000EB8603C26E5A640664CC
:100A200072B6036F01331F44076762B6002026E7E2
:100A3000012485E75C609C6804EA08049C603C46ED
:100A400099E727F4FF484F6828F07F0848EA07072E
:100A5000DF60EF0706D5DF6827F440384F6948EAC2
:100A60000707DF60AF069DD5DF6827F040680F6994
:100A700048EA070795E706F1010CDC68BCF1090FAD
:100A800024F0805488BFA6F1090CDC6000EB8C06D2
:100A9000B369DC6824F00054DC60DC68002C01DB06
:100AA000746C9CB100230EE0D168013321F0004149
:100AB000D1600EF10101092988BFAEF1090100EBF7
:100AC00081028E4692699B45EED1D7E62C681C6068
:100AD0009E686C6826F47F5626F03F0634439C607F
:100AE000AC6804B325685D609E68656806EA080620
:100AF00046EA05459D60DE68B9F1000F1AD0CD6960
:100B000006EA0A063543DD60DD6845F48025DD60D0
:100B1000DD680137664645F00045DD60DD6825F09B
:100B20008045DD6065E75C609C6804EA08049C60C1
:100B30002C46E0E726F4FF464D6826F07F06354355
:100B4000DD60039D002DE3D0DE684D6926F440365C
:100B50003543DCE79A6822F0004257E7FFFF00C008
:100B60000000FCFF0AB1032904D90123C0F8A43016
:100B70001846704700EB8101496F0A600A61CA6834
:100B800042F08072CA602BB18B604B61CB6843F03E
:100B90000073CB60CB68002043F00043CB6070470C
:100BA000D0F89C10102910B52AD1232341F2041447
:100BB000C0F89C3003681A6842F002021A601A6892
:100BC00042F001021A60D3F8002D42F00102C3F88E
:100BD000002D1A5942F001021A5141F208141A5913
:100BE00042F001021A5103F58B531A6842F48172E4
:100BF0001A602223C0F89C10C0F8A030002010BD5D
:100C00000120FCE7D0F89C30102B10B542D12323F3
:100C100000F18404C0F89C3000F1740353F8041B05
:100C2000CA68A34242F08042CA60F7D1012341F270
:100C30000411C0F8943003681A6842F002021A6086
:100C40001A6842F001021A60D3F8002D42F0010246
:100C5000C3F8002D5A5842F001025A5041F20811CF
:100C60005A5842F001025A5003F58B510A6842F477
:100C700081720A6041F234115A5842F4504242F0F3
:100C800041025A501023C0F89C302223C0F8A030F3
:100C9000002010BD0120FCE7D0F89C3023B32323B3
:100CA00041F20411C0F89C3003685A5822F0010246
:100CB0005A5041F208115A5822F001025A501A684B
:100CC00022F001021A60D3F8002D42F00102C3F8AD
:100CD000002D1A6822F002021A601023C0F89C301E
:100CE000C0F8A0300020704701207047F8B50446D6
:100CF000154639B9D0F8A43043F00103C4F8A43044
:100D0000012025E0D0F89C30102BF9D10022FFF70C
:100D1000A9FD20B1D4F8A43043F00203EEE7236C20
:100D20009A1D54F822705A1C092A8ABF093B226472
:100D30002364226C2368063203F5895354F8222079
:100D40001A6007F0C5F90646FB68002B01DB00209E
:100D5000F8BD236803F58B531A68D2040CD5D4F878
:100D6000A42042F00802C4F8A4201B68C4F8A830EC
:100D7000E023C4F89C30C3E76B1CE5D007F0A8F96A
:100D8000801BA84201D8002DDED1D4F8A43043F056
:100D90000403C4F8A430EBE7F0B5D0F88C50002D74
:100DA0003ED1D0F884102A462C46052700EB81035B
:100DB0005E6FF368002B01DB013F33D16CB300EBB6
:100DC00082034FF08076671E5B6FC0E921121969BC
:100DD00019605969DE6021B19960D96841F00071EC
:100DE000D960D96841F00041D960D0F8941019B1A8
:100DF000D96841F08041D960AF4207D9511C03291D
:100E000088BFD11E00EB81030A465B6F0135AC42FF
:100E1000DDD1016841F228128B500023C0F88C30DC
:100E2000002023E0D6F80CC04B1C1CF0805F1ED0C5
:100E3000002C08BF0A46032B04F1010588BFCB1E16
:100E400000EB8301496FCC68002C0ADBC9684F00B6
:100E500007D50121C0F89010591803298CBF033B16
:100E60000B46C0F88C50C0E921320120F0BDF66875
:100E7000B6000AD5032B4FF0010488BFCB1E00EB50
:100E80008302566F0A46194693E7032B04F10104C7
:100E900088BFCB1E00EB83014E6FF4E7F8B5054623
:100EA0000C4619B90120C5F8A400F8BDD0F88C3063
:100EB000C3B1D5F888100026D5F88C2005EB810346
:100EC000686902F1FF3C37465B6FBC4510D8DA68B1
:100ED0001969C2F30E022160921B90421FD3626017
:100EE0000020E2E7FFF758FF0028E2D10120DCE70D
:100EF0001A69C4E900205A691AB1A4685A69C4E998
:100F000000204A1CDE68A4680137032AC6F30E06D7
:100F100088BFCA1E05EB820311465B6FD5E759698E
:100F20000029E3D0A168121A5B6960600B604A6017
:100F3000D6E770B5D0E9225304460E4673B1D4F813
:100F40008C302B44581E03280ED804EB800400205C
:100F5000636FDB68C3F30E03336070BDFFF71CFFE4
:100F60000028ECD10120F8E7581FEEE7D0F88C20DC
:100F7000F0B5002A39D0D0F8903003B10132D0F862
:100F8000884000214FF08076571E00EB84035B6F92
:100F90008A4208D1016841F228128B500023C0E92F
:100FA00023331846F0BD1D691D60DE605D692DB1FB
:100FB0005D699D60DD6845F00075DD60DD6845F0C8
:100FC0000045DD60D0F894501DB1DD6845F08045E6
:100FD000DD608F4207D9651C032D88BFE51E00EB3D
:100FE00085032C465B6F0131D2E70120DAE77047B9
:100FF0007047704770470000036803F58B52126812
:10100000520610B504460CD541F234129B585906CD
:1010100007D5F6F7F1FB236848F2400203F58B533E
:101020001A60236803F58B521268D2070DD541F27E
:1010300034129B58D80708D52046FFF7D8FF2368FD
:1010400048F2010203F58B531A60226802F58B53B4
:101050001968490420D541F23411505840041BD579
:10106000D4F8A40040F00800C4F8A4001868C00434
:1010700059D51B6823F46F6323F00D03DB04DB0CED
:10108000C4F8A830535823F440435350E023C4F825
:101090009C302046F6F7C0F92268D2F8B03003F44D
:1010A000C043B3F5C04F0CD1D2F8B8302046C4F8D5
:1010B000AC30E023C4F89C30F6F7BAF90023C4F84A
:1010C000AC302368D3F8B020D0060BD5D3F8C030AD
:1010D000204603F06003C4F8B030FFF789FF002317
:1010E000C4F8B0302368D3F8B02091060BD5D3F8FC
:1010F000C030204603F00F03C4F8B430FFF779FF87
:101100000023C4F8B430FFF7C9F903280CBF0A4B19
:101110000A4B9A6A520205D54FF4800220469A6221
:10112000FFF768FF10BD1A6802F4CD42C4F8A8208A
:101130004FF4CD421A60ACE780000058C000005860
:1011400070B51E4603680546D3F80002C00701D5F6
:10115000012070BDD3F8004224F0787444EA415174
:1011600021F4F81141EA024242F00D02C3F80022D4
:1011700006F0AEFF04462A68D2F8003213F00103ED
:1011800005D1D2F80422184692B23260E1E706F0A7
:101190009FFF001BB0F57A7FEDD9D9E738B505463A
:1011A0000068D0F80042E40701D5012038BDD0F82E
:1011B00000429BB224F0787444EA415121F4F811C2
:1011C00041EA02420D4922F00C02C1F8043242F019
:1011D0000502C1F8002206F07BFF04462B68D3F815
:1011E000003213F0010301D11846DFE706F070FF6B
:1011F000001BB0F57A7FF1D9D7E700BF008002402D
:10120000002900F0C180036800201A6802F00C0277
:10121000CA621A68C2F3001281F828201A6802F024
:1012200060024A621A6882F48072C2F3002281F876
:1012300020201A68C2F34022CA771A6882F48062BA
:10124000C2F380228A771A68C2F3C0224A771A68EA
:10125000C2F300320A771A6802F400528A611A68EF
:1012600002F480424A611A68C2F300428A741A6822
:1012700082F40032C2F340424A741A6882F40022B7
:10128000C2F3C0420A741A68C2F30052CA731A68E1
:10129000C2F340528A731A68C2F380524A731A68C2
:1012A000C2F3C0520A731A6802F0E0628A601A68D8
:1012B000C2F3C0620A711A6802F0E0420A605A681A
:1012C000C2F30D024A635A6882F48032C2F30042CC
:1012D00081F832205A68C2F3404281F831205A68BE
:1012E000C2F3804281F830205A68C2F3006281F86C
:1012F00038205A68C2F34462CA63DA68C2F3002233
:1013000081F84020DA6802F00F024A641A6FC2F3D3
:10131000400281F854201A6F82F08002C2F3C0129A
:1013200081F84C201A6F02F070020A651A6F120CD5
:101330008A64D3F8902002F0010281F85620D3F895
:101340009020C2F3400281F85520D3F8002D02F01E
:1013500072028A65D3F8302D02F02302CA65D3F8F1
:10136000302DC2F3C00281F86220D3F8302DC2F3D1
:10137000001281F86120D3F8303D83F04003C3F3BD
:10138000801381F8603070470120704708B539B18B
:10139000D0F8A030102B03D1FFF743F9002008BD8F
:1013A0000120FCE738B503680546D3F8004202F097
:1013B000B9FE124B124A24F470640344934205D2DE
:1013C00044F400742B68C3F8004238BD0D4B0E4A3C
:1013D0000344934202D844F44074F3E70B4B0C4AA5
:1013E00003449342EED30B4B0B4A0344934294BF06
:1013F00044F4807444F48064E4E700BF00D3CEFE7C
:10140000C0E1E40040F1E9FD3F787D0100796CFC2A
:10141000005A6202001F0AFA7FF0FA0270B5044611
:10142000A4B0002800F0AC80D0F89C300BB9F5F7E0
:101430003FFC2323C4F89C307E4BD3F8F42042F0C9
:101440000202C3F8F420D3F8F430207A03F0020348
:101450000193019B002840F08380FEF78FF82368FA
:1014600003F580531A6842F001021A6006F030FE5C
:101470000646236803F580531D6815F0010572D1F7
:1014800020460126FFF78EFF02F04CFE6A4A2368D1
:101490004FF4804114958DF830608DF854508DF8DC
:1014A00064501A951D958DF86C508DF84C60ADF810
:1014B0008C608DF88E501F95ADF880508DF882505D
:1014C0001695ADF85C508DF85E600D958DF83E5028
:1014D0001C958DF87860B0FBF2F00138C3F8DC00A1
:1014E0004FF4C363022018934FF040530B934FF413
:1014F0000053CDE910134FF480330BA9129320232E
:10150000CDE921034D4B20460E9340F20113ADF877
:101510003C30FFF786F84FF4001302A920468DF8FF
:101520000C60069308934FF4067302950A93049691
:10153000ADF814508DF81C50ADF82450FFF74AF95F
:101540002368606903F588510A6822F4E01242F4C6
:1015500000220A6010F0030114D0C4F8A4600CE06B
:101560004FF4000079E706F0B3FD801BB0F5FA7F79
:101570007FF67FAF0423C4F8A430E023C4F89C3086
:10158000012055E041F208155A5922F4FF4222F099
:101590007E0242EA4002E0685A5100F1F00604F18E
:1015A00018050246116051609160D16045F8042B26
:1015B0001832B242F6D1216441F22C1209210025E1
:1015C000995041F214122169985003F5895201F1A2
:1015D0006006106004F174000A461560556095605D
:1015E000D560C2E9045540F8042B1832B242F4D158
:1015F00041F230120320C4F88C50C4E92155C4E9EB
:101600002455985041F21C1200209950483141F263
:101610002812995062689188C3F800131268C3F8C1
:1016200004231023C4F8A450C4F89C30C4F8A0309C
:1016300024B070BD0044025840420F000000010178
:10164000D0F89C00704700002DE9F74F0023DFF829
:10165000BC81DFF8BCC14FF0B0490A6832FA03F42C
:1016600002D103B0BDE8F08F01279F403A4000F05F
:10167000B6804C684FEA430E032524F0100A05FAA1
:101680000EF50AF1FF36ED43012E10D8866806EA02
:10169000050BCE6806FA0EF646EA0B06866046682B
:1016A00026EA0707C4F300169E4037434760C76821
:1016B000BAF1020F8E6807EA050706FA0EF646EA47
:1016C0000706C66014D14FEAD30A03F0070B0F27B1
:1016D00000EB8A0A4FEA8B0BDAF8206007FA0BF767
:1016E00026EA07070E6906FA0BF63E43CAF82060A1
:1016F0000668354004F0030606FA0EFE4EEA0505BC
:101700000560E5006BD5D8F8F45023F0030603F02C
:1017100003074FF00F0E45F0020506F1B046BF007B
:10172000C8F8F45006F58066D8F8F45005F00205C4
:101730000195019D0EFA07F5D6F808A02AEA050ED4
:10174000314DA8424DD005F58065A8424BD005F536
:101750008065A84249D005F58065A84247D005F5C7
:101760008065A84245D005F58065A84243D005F5BF
:101770008065A84241D005F58065A8423FD005F5B7
:101780008065A8423DD005F58065A8420CBF0925BB
:101790000A25BD40E70345EA0E05B5606FEA02067B
:1017A000DCF8005054BF35401543A703CCF8005077
:1017B000DCF8045054BF35401543E7024FF0B04702
:1017C000CCF80450D9F8005054BF35401543A4025A
:1017D0003D607D6854BF35401543C9F8045001335E
:1017E0003BE70025D5E70125D3E70225D1E703250F
:1017F000CFE70425CDE70525CBE70625C9E7072573
:10180000C7E70825C5E700BF00000258004402589A
:10181000800000580AB1816170470904FBE77047F6
:1018200008B5054BD8681A6822EA00021A605860A9
:10183000FFF7F5FF08BD00BF0065025803689A690D
:10184000910701D500229A629A69D20703D49A6956
:1018500042F001029A61704730B5039DC1F309015E
:10186000046845EA024260681A43044B43EA555350
:101870000A4320EA03000243626030BDFF63FF03B6
:10188000426B0BB210B5164CA24202D0154CA242CC
:1018900011D1002B0DDB10291ED020291ED00023D2
:1018A000402901D143F0400301680A6813430B60EB
:1018B00010BDB823F4E7002BACBF0023B823CC073E
:1018C00048BF43F0F2038A0748BF43F0F4032029DE
:1018D000EAD143F02003E7E79023E5E76023E3E75D
:1018E000F92405086D23050811F0010307D090F8CD
:1018F000413003F02803282B0CBF4223F2238A0730
:1019000009D590F8412002F02802282A0CBF43F0A4
:10191000440343F0F4030A04016848BF43F0B803EA
:101920000A6822EA03030B607047C36AAA2B02D13C
:101930000023C3627047C36AB3F52A4FFAD14FF050
:101940000073F6E7704710B5044600284AD090F8B7
:10195000413003F0FF021BB980F84020FFF7F2FF8F
:10196000242384F8413023681A6822F001021A60A7
:10197000626822F070621A619A6822F400429A60EA
:10198000D4E90221012924D142F400429A605A6824
:10199000002042F0007242F400425A60DA6822F4F9
:1019A0000042DA60D4E904210A43A16942EA012233
:1019B000DA60D4E907210A431A601A6842F001028A
:1019C0001A602023606484F84130206384F8420068
:1019D00010BD42F4044202299A60D8D14FF400624B
:1019E0005A60D4E70120F3E737B50446069894F827
:1019F0004150202D43D194F84050012D3FD0012576
:101A0000626284F84050212584F84150102584F802
:101A100042500025656463851A4BE0626363638D01
:101A20009BB2FF2B15D9FF234FF080722385236BC8
:101A3000112B04D1AA2802D0B0F52A4F0DD120468F
:101A4000FFF773FF638D9BB2FF2B00D8E26A0E4B4A
:101A500004E0638DE26A2385E9E700230025204640
:101A60000093134694F82820FFF7F6FE2046012144
:101A700084F84050FFF704FF284603B030BD022031
:101A8000FBE700BF4B2205080020008037B5044665
:101A9000069894F84150202D43D194F84050012DE0
:101AA0003FD00125626284F84050222584F84150DD
:101AB000102584F842500025656463851A4BE06266
:101AC0006363638D9BB2FF2B15D9FF234FF08072A8
:101AD0002385236B122B04D1AA2802D0B0F52A4FFC
:101AE0000DD12046FFF721FF638D9BB2FF2B00D85D
:101AF000E26A0E4B04E0638DE26A2385E9E7002386
:101B0000002520460093134694F82820FFF7A4FEF2
:101B10002046022184F84050FFF7B2FE284603B069
:101B200030BD0220FBE700BF4B22050800240080E7
:101B30002DE9F041984690F8413004460F4603F0F5
:101B400028031646282B04D101B122B94FF40073A3
:101B50006364012044E048F20201FFF7C5FE90F8FB
:101B60004030012B3ED090F841300121292B80F8E4
:101B7000401013D1FFF7B8FE03681A6852040DD560
:101B80001A68806B22F480421A6038B1164B0365E4
:101B9000FEF790FC10B1A06B036D98472A232568CF
:101BA000002084F84130202384F8423060646B6860
:101BB00023F400436B606685638DC4F82C80238515
:101BC0000A4B67626363AB69DB0301D40823EB61F3
:101BD00084F8400048F202012046FFF751FE002041
:101BE000BDE8F0810220FBE75F26050849200508D3
:101BF00008B590F84120202A0AD128224FF400414C
:101C000080F84120034A4263FFF73AFE002008BDF6
:101C10000220FCE7492005080268436B91691268BD
:101C200003B11847704738B5002580F8425090F846
:101C30004130212B4FF0200380F841300AD111238D
:101C4000012145630363FFF74FFE80F8405006F023
:101C5000A9FB38BD1223022145630363FFF744FE4D
:101C600080F8405006F0D1FBF3E708B50368002187
:101C70001A6880F84210510415D51A6822F480427F
:101C80001A6090F84130292B13D12823012180F8C4
:101C9000413021230363FFF727FE002380F8403003
:101CA00006F0E7FB08BD1204EBD51A6822F40042E7
:101CB000E6E790F841302A2BF4D12823022180F85E
:101CC000413022230363FFF70FFE002380F84030EA
:101CD00006F0D3FBE6E7F8B590F841200446036828
:101CE00002F02802282A37D19E69C2689D69C6F38E
:101CF0000046022A99684FEA1545DF6805F0FE059F
:101D000021D185EAD115C1F3090215F006050ED1DE
:101D1000816C01318164816C022907D108218564BD
:101D2000D961314680F8405006F099FBF8BD4FF478
:101D30000041FFF7D9FD002307F0FE0280F8403094
:101D400031462046F0E74FF40041FFF7CDFD002378
:101D50002A4680F84030F3E70822DA61002380F851
:101D60004030E3E708B5164B2022C362002303632B
:101D7000436380F8412080F842304B0712D5036856
:101D80005A6A436A1A70436A01334362038D4BB146
:101D9000013B0385438D013B9BB24385436C43F07C
:101DA0000403436448F20301FFF79EFD1022036819
:101DB000DA61002380F8403006F085FB08BD00BFE3
:101DC0000000FFFF7047704790F84120602A4FF0F5
:101DD000000208B508D1202180F8402080F8411089
:101DE000026306F079FB08BD026380F8402006F02C
:101DF000FBFEF8E770B5354A002590F841300446FF
:101E000080F84250283BC2624585426C022B41EA71
:101E10000201416429D80321FFF766FD282380F8D9
:101E200041302B4BA06B6363236B80B3112B01D02C
:101E3000212B2CD123681A68510403D51A6822F487
:101E400080421A60FEF7EAFB01281BD0214BA06BF1
:101E50000365002384F84030FEF72CFB002834D0C3
:101E6000A06B036DBDE87040184748F20301FFF70F
:101E70003BFD90F84130602B02D0202380F84130A8
:101E80000023CFE72046BDE87040FFF79DBFE06B21
:101E90000028F7D0122B01D0222BF3D123681A6827
:101EA000120403D51A6822F400421A60FEF7B6FB4A
:101EB0000128E7D0074BE06B0365002384F840302E
:101EC000FEF7F8FA08B1E06BCBE770BD0000FFFF4A
:101ED000492005085F260508F8B503682022044656
:101EE0000E461F6890F84150DA6105F0F705212D84
:101EF00073D148F20101FFF7F7FC25632368204600
:101F00005A6842F400425A605A6822F0FF7222F482
:101F10008B3222F4FF7222F001025A60FFF78EFC2E
:101F200079045FD52268136823F480431360A36BA0
:101F30002BB31B68424A93421ED0183293421BD0E7
:101F40001832934218D01832934215D01832934267
:101F500012D0183293420FD0183293420CD018325C
:101F6000934209D002F55672934205D0183293423B
:101F700002D018329342FFD05B689BB2638573072F
:101F800010D5236826F004065A6A636A1A70636AD9
:101F900001336362238D2BB1013B2385638D013BAC
:101FA0009BB26385638D9BB21BB1636C43F00403EA
:101FB0006364002384F84230656C6363DDB1616C57
:101FC0002046FFF717FF94F84130282B25D13146E2
:101FD0002046BDE8F840FFF7C5BE222D8ED148F25D
:101FE000020188E73A04CAD52268136823F4004343
:101FF0001360E36B9CE7E36A13F5803F0ED0204645
:10200000FFF733FE0F4B204684F84050E362202355
:1020100084F84130256306F056FAF8BD94F8413053
:10202000204684F84050222B4FF0200384F84130A2
:10203000256302D106F021FAEFE706F01AFAECE781
:10204000100002400000FFFFF8B590F84030044651
:102050000D461646012BC76A7DD001238A0680F8FB
:10206000403003D5B30601D5FFF736FFE80634D577
:10207000F10632D5638D9BB203BB94F84130282B17
:102080000AD1B7F1007F07D129462046FFF76AFE43
:10209000002084F84000F8BD94F841202368292AE4
:1020A0004FF01002DA61F3D117F5803FF0D02046EF
:1020B000FFF7C4FB2046FFF7D8FDE9E723681022AD
:1020C000DA61636C43F00403636437F08073DFD13B
:1020D000616C2046FFF78EFEDAE76A071AD57307B0
:1020E00018D5638D9BB26BB123685A6A636A1A7004
:1020F000636A01336362238D013B2385638D013B5A
:102100009BB26385638D9BB2002BC1D117F5803FD5
:10211000BED0CFE7280705D5310703D52046FFF706
:10212000DAFDB5E7AA07B3D5B307B1D5638D9BB286
:102130006BB1636A226813F8011B91626362638D5D
:10214000013B9BB26385238D013B2385A0E737F0DC
:102150008073AFD09CE702209DE737B5036820224B
:1021600004460D46DA6190F84130212B37D1012128
:10217000FFF7BAFB112323632368E9065A6822F0AC
:10218000FF7222F48B3222F4FF7222F001025A60B5
:102190004FF000026263A2F58032E26205D51022A0
:1021A000DA61626C42F00402626494F84120602AB1
:1021B00005D16A0703D55B6ADBB20193019B204618
:1021C000FFF73CFB636C94F84120602A00D07BB1A0
:1021D000616C204603B0BDE83040FFF70BBE90F8BD
:1021E0004130222BC8D10221FFF77EFB1223C2E728
:1021F00094F84120212A12D1202284F8403084F81A
:102200004120236394F8422084F84230402A03D1CD
:10221000FFF7D8FD03B030BD06F0C4F8FAE794F834
:102220004120222AF6D1202284F8403084F841202F
:10223000236394F8422084F84230402A02D1FFF709
:10224000C2FDE7E706F0E1F8E4E773B590F8403047
:1022500004460D461646012B00F086800123CA066F
:1022600080F8403017D5F30615D503681022DA61DF
:10227000436C43F004034364FFF7E0FAAA0605D574
:10228000B30603D529462046FFF767FF002084F8F0
:10229000400002B070BD680712D5710710D52368E1
:1022A00025F004055A6A636A1A70636A013363622F
:1022B000238D013B2385638D013B9BB26385DDE765
:1022C000AA0707D5B30705D5636A226813F8011B6F
:1022D0009162ECE7280632D5710630D5638D22680D
:1022E0009BB203B3208DF0B95168638DC1F309012E
:1022F0009BB2FF2B08D9FF224FF0807300902285FC
:102300002046FFF7A9FAB9E7628DE36A92B213F5A6
:10231000803F2285D2B202D0E36A0090F0E74FF00E
:1023200000730090ECE753689A0103D42046FFF74E
:102330007AFCA3E740212046FFF75CFD9EE76B0691
:102340009CD570069AD5638D9BB2002BF2D1236881
:102350005A68910192D4E26A12F5803FE6D15A6838
:1023600042F480425A6089E7022092E7F8B590F87B
:10237000403004460E461546012BC76A00F0B78070
:1023800001238A0680F8403003D5AB0601D5FFF75C
:10239000A3FDF20640F1A380EB0640F1A080E90B1B
:1023A000A80B41EA9535ED0740F19580E26B52B3F9
:1023B00011F0010326D013684E4A93421ED0183202
:1023C00093421BD01832934218D01832934215D042
:1023D0001832934212D0183293420FD018329342DF
:1023E0000CD01832934209D002F55672934205D0B0
:1023F0001832934202D018329342FFD05B68B3FA8E
:1024000083F35B091A46A36B4BB3C10727D51B683F
:1024100038498B421ED018318B421BD018318B4269
:1024200018D018318B4215D018318B4212D0183188
:102430008B420FD018318B420CD018318B4209D00F
:1024400001F556718B4205D018318B4202D01831FC
:102450008B42FFD05B68B3FA83F35B090BB9012AA7
:102460001FD194F84130282B0AD1B7F1007F07D152
:1024700031462046FFF776FC002084F84000F8BD86
:1024800094F841202368292A4FF01002DA61F3D131
:1024900017F5803FF0D02046FFF7D0F9FFF7E5FBB6
:1024A000EAE723681022DA6137F08072636C43F048
:1024B0000403636494F84130DBB2DDD103F0F70329
:1024C000212B01D1236301E0222BFBD0616C20463C
:1024D000FFF790FCD0E723681022DA61CCE73207DF
:1024E000CAD52B07C8D52046FFF7F5FBC4E7022065
:1024F000C5E700BF1000024013B590F84030044615
:10250000012B7AD0012380F84030CB0612D5D306B8
:1025100010D5036810222021DA61436C43F00403D4
:102520004364FFF7ADF9FFF789F9002084F8400014
:1025300002B010BD0B0643D5500641D523681A687A
:1025400022F040021A60628D92B26AB35968638DBC
:10255000C1F309019BB2FF2B1BD9FF2323854FF049
:10256000807300222046009294F82820FFF774F927
:10257000638D228D9B1A9BB2638594F84130222B88
:1025800023681A680CBF42F4004242F480421A6089
:10259000CBE7638D2385E36A13F5803F01D0E36ABF
:1025A000DFE74FF00073DCE75B689A0103D4204655
:1025B000FFF739FBB9E740212046FFF71BFCB4E7E2
:1025C0004B0612D5500610D5638D9BB2002BF2D16D
:1025D00023685A689201A8D4E26A12F5803FE6D1D6
:1025E0005A6842F480425A609FE788069DD5930658
:1025F0009BD52046FFF7B1FD97E7022098E70368D7
:1026000099691A6810B4CC0508D5140606D5446C2F
:1026100044F0010444644FF48074DC614C0508D537
:10262000140606D5446C44F0080444644FF48064F6
:10263000DC61890508D5120606D5426C42F002021B
:1026400042644FF40072DA61416C11F00B0F03D059
:102650005DF8044BFFF7CEBB5DF8044B7047806B11
:10266000836B0BB100221A65C36B0BB100221A6594
:10267000FFF7AABB10B590F84130202BDCB21DD17A
:1026800090F84030012B19D0242380F841300368A2
:102690001A6822F001021A601A6822F480521A6045
:1026A0001A68114319601A6842F001021A60002387
:1026B00080F8414080F84030184610BD0220FCE709
:1026C000094A82B0D2F8F41041F00201C2F8F410C5
:1026D000D2F8F42002F002020192044A019B5368EE
:1026E0001843506002B0704700440258000400587C
:1026F0000A4B44F620621B68B3FBF2F24FF47A7384
:1027000053430268002010B5013B146808BF032042
:1027100031EA040401D0002BF6D110BD800E002454
:1027200070470000F8B50446002858D090F83630BD
:1027300003F0FF021BB980F83520FFF7F1FF656851
:1027400002232268012D84F83630A66AD06802D0B0
:10275000B6F5000F01D120F01E004FF6FF7361693E
:10276000204F994245EA06031CBF20F4604020F048
:10277000C0000740A0680343206A0343606A034324
:102780003B4305BBE069256928430343B6F5000FC9
:102790001BD04FF6FF70814204D0A0690143E0696D
:1027A00001430B43D360104B9A4203D003F1C05353
:1027B0009A420FD1D4E90B310B435362012300201D
:1027C00084F83630F8BD012DE0D1D4E90305284363
:1027D0000343DEE7054B9A42F0D1E36AEDE70120BF
:1027E000F0E700BFFEF119FF002400400028005868
:1027F000022310B580F836300446D0E90032012AB1
:1028000007D0826AB2F5000F03D1DA6822F4606261
:10281000DA601A69204642F001021A6110225A60F9
:1028200099611146FFF764FF032808D02268002051
:10283000136943F004031361012384F8363010BD9B
:102840007047F0B504468BB060B390F8BD330568AF
:1028500003F0FF021BB980F8BC23FFF7F1FF03234D
:102860006E46271D84F8BD33EB6B254613F4807349
:1028700055F8100B08BF236103F0DAFB0FCD0FC62C
:102880000FCD0FC695E80300254686E8030097E8BC
:102890000E0055F8100B03F00BFB064620B1022387
:1028A00084F8BD33012552E00146206803F0C6FBE1
:1028B0003046D4F804C01C264FF0010E0146C2B2C7
:1028C000013094451BD800231C261946D8B2013389
:1028D000844522D86E460FCD0FC60FCD0FC695E8A2
:1028E000030086E8030097E80E00206803F0E8FB89
:1028F00001230546F0B1022284F8BD23D2E706FB8E
:10290000024383F83DE083F83C20A3F8422083F89B
:102910003F101965C3E91111D1E706FB004282F8A7
:10292000FD1182F8FC0182F8FF11C2F81012C2E911
:102930008111CBE784F8380084F8BD33636A012B3A
:1029400002D1204600F0A4FC206803F03EFF284698
:102950000BB0F0BD704738B5044610B901252846C4
:1029600038BD032380F8BD33006803F0F0FE054650
:102970000028F3D12046FFF7EDFF84F8BD53EEE7C2
:1029800010B50446006894F8BC33012B15D0012320
:1029900084F8BC33A36A012B06D1A369012B03D0B1
:1029A000836B43F48033836303F03CFB206803F0C4
:1029B000FEFE002084F8BC0310BD0220FCE738B501
:1029C00090F8BC330446012B1BD00123056880F826
:1029D000BC33284603F02CFB206803F0F6FE1021E0
:1029E000206803F043FBA36A012B06D1A369012BE6
:1029F00003D0AB6B23F48033AB63002084F8BC03BB
:102A000038BD0220FCE77047704700002DE9F04F09
:102A1000066887B00446304603F014FF0290002891
:102A200040F03C81206803F0DEFE002800F0368193
:102A3000206803F0D8FE820704D52268536903F0AA
:102A400002035361206803F0CEFEC3062AD5226834
:102A5000936923F010039361376AC7F3434307F088
:102A60000F05022B40F01D8147F6F0731F4214D072
:102A70001C23C7F30A18304603FB05454246D5F828
:102A8000081203F0EDFDD5F80822D5F814324244BF
:102A90004344C5F80822C5F814322268936943F00C
:102AA00010039361206803F09EFE070300F10D817F
:102AB000206803F098FE45030CD5254606F51069FD
:102AC0004FF00008206803F09AFE0390039B002B50
:102AD00040F0A481206803F086FE002815DAD6F8BD
:102AE000043823F00103C6F8043894F8F433012BBA
:102AF00040F025820021204684F8F41300F0DBFB2F
:102B00002268536903F000435361206803F06BFEB1
:102B100000050BD5D6F80838D90702D5204605F0B0
:102B2000C3F82268536903F400635361206803F01B
:102B30005AFE020114D523685A6902F000625A61F4
:102B400094F8F423002A40F0FE810121204684F805
:102B5000F4135B6DC3F38303C4F8F83300F0ABFBED
:102B6000206803F040FEC30436D5D6F8043810219F
:102B7000206806F5006523F001036B6003F076FA28
:102B800006F510634FF67F3162680298824200F2C8
:102B9000DE81EB6943F00113EB61236B002B00F046
:102BA000F681D5F8843043F00B03C5F884306B6CA4
:102BB00043F00B036B64D6F8003804F57172217C86
:102BC00023F4FE632068C6F8003803F04FFE226845
:102BD000536903F480535361206803F004FE8704B3
:102BE00016D5206803F032FE206803F01FFB25682D
:102BF000E06001F097FA227B0146284603F0A2F933
:102C0000204605F060F82268536903F400535361CD
:102C1000206803F0E8FD060707D5204605F000F818
:102C20002268536903F008035361206803F0DBFD59
:102C3000C50208D500212046FFF7E6FE2268536949
:102C400003F480135361206803F0CDFD800208D5A2
:102C500000212046FFF7D7FE2268536903F40013D2
:102C60005361206803F0BFFD410007D5204604F002
:102C7000EFFC2268536903F080435361206803F03E
:102C8000B2FD42070AD523685D686B0702D520466E
:102C900005F018F8226853682B43536007B0BDE86D
:102CA000F08F062B7FF4F9AE082204F571713046DF
:102CB000C7F30A1703F0D4FC1C2303FB0545D5F822
:102CC00014321F44C5F81472E7E606F5306704F5C0
:102CD000017A0025DFF8D0B2206803F088FD039068
:102CE000039B002B3FF4E4AE039BD80756D55FFA55
:102CF00085F92068494603F08AFD10F0010F8046EF
:102D00001AD020680122216900F5306CBA600129CF
:102D1000036C0CEB451CDCF8082066D1110706D5C6
:102D20005B4509D9100407D54FF4004302E0910632
:102D30003CD52023CCF8083018F0080F1ED02368AB
:102D40000822BA601A6C03F530635A4503EB451349
:102D5000996804D9090402D54FF4004199602046CE
:102D6000049204F09BFF049A5A4507D9216901296E
:102D700004D104F57172206803F078FD18F0100F8B
:102D800001D01023BB6018F0200F01D02023BB60BE
:102D900018F4005F02D04FF40053BB60039B013571
:102DA00020370AF11C0A5B08039399E712F0280FF9
:102DB000C2D15B4501D91204B6D4DCF81020DAF890
:102DC0000010C2F312028A1ACAF81020DAF804209E
:102DD0001144CAF8041095B9D4F810227AB904F550
:102DE0007172012103F042FD09E06E498B420BD163
:102DF000130499D4900602D52022CCF80820494625
:102E0000204604F01CFF97E7002DF8D1D4F81022DB
:102E1000002AF4D104F571722946E3E7039BDA072F
:102E200040F184805FFA88FB2068594603F0F8FC83
:102E3000C307074621D5012008F00F02D6F8343821
:102E400000FA02F2216923EA02038142C6F834380B
:102E5000C9F808000DD1D5E911231344AB64B8F1CA
:102E6000000F06D1236D23B904F57172206803F0B9
:102E7000FDFC5946204604F0F8FE380702D5082329
:102E8000C9F80830F90602D51023C9F808307A06C7
:102E900002D54023C9F80830BB0702D50223C9F880
:102EA00008303F0642D5D5E914329A423ED89B1AE3
:102EB0006A6CD4F800A0934228BF134603339B08E2
:102EC00004930AF5106303EB48130593059B0499DB
:102ED0009A6992B28A42D5E9147325D39F4200D9E8
:102EE0005FB908F00F020121DAF8343801FA02F272
:102EF00023EA0203CAF8343818E0FF1A6B6C5A460A
:102F000050469F4228BF1F46FB1C9B080493237C0E
:102F10000093BBB2A96C03F0A3FAAB6C3B44AB6467
:102F20006B6D1F446F65D1E79F42DAD9039B08F1AF
:102F300001081C3509F120095B080393C6E520460A
:102F400004F0B9FEDCE5204604F0AEFE08E6996028
:102F5000203353F8202C22F4001243F8202C53F88D
:102F6000202C42F0006243F8202CC3F8E811D3F87B
:102F7000E02122F40012C3F8E021D3F8E02142F06E
:102F80000062C3F8E021029A01320292FCE56B690B
:102F900043F4005343F02B036B612B6943F00B03A5
:102FA0002B6108E60A31544F0A30544F10B590F89F
:102FB000BC230446012A0BD0012280F8381080F887
:102FC000BC23006803F0E3FB002084F8BC0310BDC1
:102FD0000220FCE770B501F00F0611F0800F0546E6
:102FE0004FF01C00C6EBC6044FEA84041FD004F166
:102FF0003C0100FB06500124294480F83D408A60D2
:103000004A780E70CB7002B1CE80022B04BF002331
:103010000B7195F8BC33012B12D00123286885F879
:10302000BC3303F00EF9002085F8BC0370BD04F535
:10303000FE7100FB06500024294480F8FD41DEE7C4
:103040000220F3E710B5044601F00F0011F0800FE5
:103050004FF01C02C0EBC0034FEA830316D003F10C
:103060003C0102FB00420123214482F83D300870FC
:1030700094F8BC33012B12D00123206884F8BC33B0
:1030800003F01EF9002084F8BC0310BD03F5FE71A7
:1030900002FB00420023214482F8FD31E7E70220D1
:1030A000F3E738B501F00F051C2404FB050104FB10
:1030B000050401F5FE71C4F810320023C4F808229B
:1030C000C4F8143284F8FD3184F8FC5103690068B7
:1030D000012B08BFC4F80C22DAB21DB903F046F97F
:1030E000002038BD03F0D0F9FAE701F00F011C23EE
:1030F00003FB0100D0F81402704738B501F00F054A
:103100001C2404FB050104FB05043C31236500235A
:10311000A2646365012384F83C5084F83D30036960
:103120000068012B08BFE264DAB21DB903F01EF992
:10313000002038BD03F0A8F9FAE738B501F00F0513
:10314000436804469D422CD811F0800F4FF01C00BC
:103150001ED000FB0541012300FB05423C3182F8F3
:103160003D3001230D708B7094F8BC239A421AD025
:10317000206884F8BC3303F096FA2DB904F5717217
:10318000217C206803F072FB002084F8BC0338BD6A
:1031900000FB01431A4603F5FE71002382F8FD315E
:1031A000DFE70120F3E70220F1E738B501F00F0275
:1031B000436804469A422AD8C2EBC20311F0800F3A
:1031C0004FF01C004FEA830318D003F13C0100FBD1
:1031D00002400123214480F83D3000250A708D70A3
:1031E00094F8BC33012B14D00123206884F8BC333D
:1031F00003F084FA284684F8BC5338BD03F5FE7109
:1032000000FB02400023214480F8FD31E5E7012066
:10321000F3E70220F1E710B590F8BC330446012B28
:1032200010D0012380F8BC330B06006807D501F0ED
:103230000F0102F01BFF002084F8BC0310BD02F058
:1032400027FFF8E70220F9E70068120470B5446A26
:1032500019B922438262002070BD836A4D1E04EBBF
:10326000134400235E1CDBB29D4205D83F3122434C
:1032700000EB81004260EEE7403300EB83035B68C4
:1032800004EB13443346EDE70368002059627047AE
:1032900002680021012380F8F413C0F8FC330846CB
:1032A000936943F000639361536D43F0805343F09F
:1032B0000303536570477047024A136843F48073F1
:1032C0001360704700480258054A0129136923F02A
:1032D0000403136101D130BF704720BF704700BFA6
:1032E00000ED00E070B51C4D0446EB6803F00703E9
:1032F000062B06D0E86800F03F00001B18BF012035
:1033000070BDEB6823F03F030343EB6004F0E0FE85
:1033100006466B689A0408D5A4F11D03012B0CD94D
:103320002D3C012C09D90020EAE704F0D1FE801BD6
:10333000B0F57A7FEDD90120E2E704F0C9FE064D31
:103340000446EB68DB03EED404F0C2FE001BB0F5CC
:103350007A7FF6D9EFE700BF0048025838B51E4C17
:103360000D46236823F0010318432060C2B9FDF71E
:1033700095F8032813D1236923F001032361174B28
:103380001A6942F004021A61BFF34F8FBFF36F8FC7
:10339000012D10D130BF1A6922F004021A6138BD24
:1033A000012A0AD1FDF77AF80128F8D1636923F0E0
:1033B00002036361E3E720BFEDE7FDF76FF8032841
:1033C00004D1236923F004032361E8E7636923F050
:1033D00004036361E3E700BF0048025800ED00E02A
:1033E000024AD36843F08073D360704700480258A4
:1033F0002DE9F0474E6A36B1B2F1406F03D08B6AC7
:103400000468013B2361D1F818A0D1E9077CBAF127
:10341000000F4ED04B6946EA0A0A0568D1F80080D1
:103420004FEA834E486B4AEA020AD1E90B49BCF1E4
:10343000000F26D08B684CEA0A0C0E69EB61A7B12D
:1034400048EA0703234343EA09030343C8683343B5
:10345000034343EA0E0343EA0C03B2F1406F6B618E
:1034600001D04B68AB61BDE8F08748EA040343EA4A
:1034700009030343334343EA0E0343EA0C036B613E
:10348000F1E767B148EA0703234343EA090303432B
:10349000C868034343EA0E0343EA0A03DDE748EA48
:1034A000040343EA0903034343EA0E0343EA0A031E
:1034B000E5E7BCF1000F2CD004688B680869E36174
:1034C00046EA0C034E6943EA0205D1F834C0B6045B
:1034D000D1E90B83A7B13843B2F1406F40EA08004D
:1034E00043EA0003C86843EA0C0343EA000343EAE3
:1034F000060343EA05036361B5D04B68A361B2E7F5
:1035000040EA0800034343EA0C0333432B4363615F
:10351000A9E7D7B146EA0703CC6A0068B2F1406F69
:1035200043EA020343EA04030C6B43EA04034C6BD3
:1035300043EA0403CC6843EA04034C6943EA844346
:10354000436190D04B6883618DE7002E8BD0CB6AAE
:10355000006833430E6B1A434B6932434E6B324360
:1035600042EA834242617EE72DE9F041DDF81880AE
:1035700004460E4615461F4622689368334214BF20
:1035800001230023AB4201D1002012E0B8F1FF3F3C
:10359000F3D004F09DFDC01B404502D8B8F1000FE8
:1035A000EAD10423012084F84130636C43F0010325
:1035B0006364BDE8F081704730B5044685B004F01F
:1035C00087FD0346002C40D094F841203AB903907F
:1035D0002046FFF7F0FF41F28832039BA264206887
:1035E000A1680268013922F4706242EA01222021B6
:1035F00002602046A26C00920022FFF7B5FF10BBCC
:103600002268E569E36811682B43256A21F07F4150
:103610002B43656821F0D00143EA05630B43136037
:103620005568D4E905310B43216943EA0143084950
:1036300029400B435360136843F0010313600123D7
:10364000606484F8413005B030BD0120FBE700BF65
:10365000FEF8E0FF704710B5044658B102681368E1
:1036600023F001031360FFF7F5FF0020606484F886
:10367000410010BD0120FCE72DE9F043044685B070
:103680001746894604F024FD94F840200346012A99
:1036900033D00122022684F8402094F84120012AE8
:1036A0005FFA82F827D1002203902021204662642D
:1036B000009784F84160FFF757FF0546A0B902461E
:1036C00049462046FFF794FED9F82420039B4AB9C7
:1036D0004246314620460097FFF746FF054618B997
:1036E0002368DE6084F84180002384F84030284657
:1036F00005B0BDE8F0833546F6E70225F7E7F0B5FB
:10370000044685B016460F4604F0E2FC94F84020CB
:1037100003462568012A49D0012284F8402094F804
:103720004120012AD0B23FD100226264002F36D05E
:10373000122284F841202A690132E2622A69676212
:103740000132A2626A6922F040626A61E26A8AB961
:103750000122022120460096FFF706FF10B92368D8
:103760000222DA60012384F84130002384F84030DB
:1037700005B0F0BD01220421204600960393FFF717
:10378000F3FE0028EED1626A039B127885F82020B0
:10379000626A01326262E26A013AE262D6E7636C0F
:1037A00043F008036364E0E70220DEE70220DFE77E
:1037B000F0B5044685B016460F4604F089FC25682E
:1037C0000346D5F818C094F84020012A4DD00122B4
:1037D00084F8402094F84120012AD0B243D100223D
:1037E0006264002F3AD0222284F841202A690132F3
:1037F000A2632A69276301326263696921F040612B
:1038000041F080616961C5F818C0A26B8AB90122D4
:10381000022120460096FFF7A7FE10B92368022276
:10382000DA60012384F84130002384F8403005B089
:10383000F0BD01220621204600960393FFF794FE77
:103840000028EED195F82010226B039B1170226B9B
:1038500001322263A26B013AA263D6E7636C43F0A4
:1038600008036364E0E70220DEE70220DFE70000F0
:1038700070B50446002872D00368DD075CD4236865
:10388000980700F1AE802368D80627D5A94B1A699E
:10389000996A02F03802082A07D0182A40F00C81F1
:1038A00001F00302012A40F007811B68D90502D507
:1038B000E369802B53D1FBF749FE41F20303216AF0
:1038C00098429C4B00F2F1805A68202922F0F8427D
:1038D0000CBF42F0804242EA81625A6023681807B6
:1038E00000F12C812368990600F14D8123685D0762
:1038F0001CD5914D2B6843F480732B6004F0E8FBDA
:1039000006462B68DA0540F16381A368894D012BD7
:1039100040F065812B6F43F001032B6704F0D8FB67
:10392000844E0546336F9B0740F17D81616A002913
:1039300040F0808100202AE07E4B1A69996A02F0EB
:103940003802102A05D0182A0BD101F00302022AEE
:1039500007D11B68990392D56368002B8FD1012092
:1039600015E06268B2F5803F12D11A6842F48032E5
:103970001A6004F0ADFB6F4E054633689A033FF5BD
:103980007EAF04F0A5FB401B6428F6D9032070BD70
:10399000684D2B689AB923F480332B602B6823F48D
:1039A00080232B6004F094FB06462B689B037FF575
:1039B00066AF04F08DFB801B6428F6D9E6E7B2F50C
:1039C000A02F07D143F480232B602B6843F480336E
:1039D0002B60CEE723F480332B602B6823F4802305
:1039E000F6E7544B1A69996A12F0380203D0182A84
:1039F0001FD188071DD11B68590702D5E368002B2A
:103A0000ADD0FBF7A3FD41F2030321699842494B76
:103A10005A6809D822F47C3240290CBF42F40032A3
:103A200042EA01325A602EE722F0FE4242EA016287
:103A3000F8E7E1681A6839B322F019023D4D0A43EC
:103A40001A6004F045FB06462B685A0711D5FBF7B0
:103A50007DFD41F20303226998426B680FD823F47D
:103A60007C33402A0CBF43F4003343EA02336B60DB
:103A700009E704F02DFB801B0228E5D986E723F037
:103A8000FE4343EA0263F2E722F00102294E1A6084
:103A900004F01EFB054633685B077FF5F4AE04F0C7
:103AA00017FB401B0228F6D970E7DA6822F07C5237
:103AB00042EA0162DA6011E7E2694AB31A681D4D11
:103AC00042F080021A6004F003FB06462B68DA0518
:103AD00011D5FBF73BFD41F20303226A984210D84F
:103AE0006B68202A23F0F8430CBF43F0804343EA7D
:103AF00082636B60F2E604F0EBFA801B0228E5D9E2
:103B000044E7EB6823F07C5343EA0263EB60E5E6AD
:103B10001A68084E22F080021A6004F0D9FA0546AD
:103B20003368DB057FF5DAAE04F0D2FA401B0228D9
:103B3000F6D92BE700440258004802586369954DB6
:103B400083B16B6F43F001036B6704F0C1FA064663
:103B50006B6F9A073FF5C6AE04F0BAFA801B0228D5
:103B6000F6D913E76B6F23F001036B6704F0B0FA2B
:103B700006466B6F9B077FF5B5AE04F0A9FA801B74
:103B80000228F6D902E7A369824D83B12B6843F47A
:103B900080532B6004F09CFA06462B6898043FF58E
:103BA000A5AE04F095FA801B0228F6D9EEE62B6844
:103BB00023F480532B6004F08BFA06462B6899049B
:103BC0007FF594AE04F084FA801B0228F6D9DDE676
:103BD00004F07EFA801B64287FF693AED6E6A3B984
:103BE0002B6F23F001032B672B6F23F004032B674C
:103BF00004F06EFA06462B6F98077FF597AE04F037
:103C000067FA801BC828F6D9C0E6052B2B6F03D1B5
:103C100043F004032B677DE623F001032B672B6F32
:103C200023F0040379E604F053FA401BC8287FF61A
:103C300079AEABE6574D2B6903F03803182B7AD0D9
:103C40002B68022923F080732B6067D104F040FABF
:103C500006462B6899015BD4AB6AA26A23F47C7395
:103C600023F003031343E26A43EA0213AB62636B7C
:103C7000A26B013B013A5B0212049BB202F4FE020A
:103C80001343226B013AC2F308021343E26B013A79
:103C9000120602F0FE4213432B63EB6A23F001038A
:103CA000EB626B6BA26C23F47F4323F0F80343EACF
:103CB000C2036B63EB6A226C23F00C031343EB62C9
:103CC000EB6A626C23F002031343EB62EB6A43F48A
:103CD0008033EB62EB6A43F40033EB62EB6A43F44C
:103CE0008023EB62EB6A43F00103EB622B6843F045
:103CF00080732B6004F0ECF9264D04462B689A0182
:103D00003FF518AE04F0E4F9001B0228F6D93DE6B1
:103D100004F0DEF9801B02289BD937E604F0D8F9BD
:103D200004462B689B017FF505AE04F0D1F9001B1A
:103D30000228F6D92AE60129AA6A2B6B3FF40FAEB6
:103D400002F00301A06A81427FF409AEC2F30512BA
:103D5000E16A8A427FF403AE226BC3F30801013AA1
:103D600091427FF4FCAD626BC3F34621013A91426C
:103D70007FF4F5ADA26BC3F30641013A91427FF4A3
:103D8000EEADE26BC3F30663013A93423FF4D2AD6A
:103D9000E5E500BF00440258484B1A6902F03802BA
:103DA000102A30B500F08680182A0CD0002A40F086
:103DB00083801A68424812F0200F03D01B68C3F3B7
:103DC000C103D84030BD996A9D6ADA6A15F47C7FD8
:103DD000C5F305105C6BF5D0C4F3CC0402F001020E
:103DE00007EE900A01F003016243B7EE006AF8EEB5
:103DF000E76A012907EE902AFAEEE97A4CD0022907
:103E00003CD0002948D11A68920627D519682C4A57
:103E1000C1F3C1011B6BCA40C3F3080307EE102AAC
:103E2000F8EEC75A85EEA67A06EE903AF8EEE66A04
:103E300076EEA77A77EE867A204B67EE877A1B6B51
:103E4000C3F34623013307EE103AF8EEC76A87EE54
:103E5000A67AFCEEC77A17EE900AB3E71B6BC3F3A2
:103E6000080307EE103AB8EEC77A77EE277A77EEB6
:103E7000867A9FED146A86EE267ADDE71B6BC3F324
:103E8000080307EE103AB8EEC77A77EE277A77EE96
:103E9000867A9FED0D6AEEE71B6BC3F3080307EE0E
:103EA000103AB8EEC77A77EE277A77EE867A9FEDEA
:103EB000076AE0E7064885E7064883E700440258BA
:103EC0000090D0030024744C20BCBE4B0024744AE4
:103ED00040787D0100093D002DE9F0410D46044682
:103EE00010B90120BDE8F081884A136803F00F0380
:103EF0008B42C0F0938023685F0700F19B801E0710
:103F00000BD583496669C86900F07000864204D900
:103F1000CA6922F070023243CA61D8060BD57C49C7
:103F2000A669C86900F4E060864204D9CA6922F42F
:103F3000E0623243CA6199060BD57549E669086AA1
:103F400000F07000864204D90A6A22F070023243FF
:103F50000A629A070BD56E49E668886900F00F007F
:103F6000864204D98A6922F00F0232438A61DF0750
:103F70006ED423689E0700F1A18064490A6802F0AC
:103F80000F02AA4200F2A880580700F1B180190779
:103F90000BD55F496569C86900F07000854204D29D
:103FA000CA6922F070022A43CA61DA060BD5584961
:103FB000A569C86900F4E060854204D2CA6922F4A8
:103FC000E0622A43CA619B060BD5514AE069116A37
:103FD00001F07001884204D2136A23F07003034396
:103FE0001362FFF7D9FE4A494A4A8B69C3F3032398
:103FF000D35C03F01F03D8408B6903F00F03D35C3D
:10400000454A03F01F0320FA03F31360434B186083
:10401000434BBDE8F041186804F054B8136823F02E
:104020000F030B431360136803F00F038B427FF4FD
:1040300058AF60E736492669886900F0700086420B
:104040007FF65DAF8A6922F0700232438A6156E7DB
:104050002F4BA1689A6922F470620A439A616268E0
:104060001B68022A1DD113F4003F3FF43AAF284EDB
:1040700041F28838336923F007031343336104F0B6
:1040800027F807463369626803F03803B3EBC20FC1
:104090003FF46FAF04F01CF8C01B4045F2D9032079
:1040A00020E7032A02D113F0007FDEE7012A02D1C4
:1040B00013F4807FD9E713F0040FD6E71449E668BC
:1040C000886900F00F008642BFF457AF8A6922F07A
:1040D0000F0232438A6150E70A6822F00F022A4336
:1040E0000A600A6802F00F02AA427FF4FAAE4BE7B8
:1040F00007492569886900F070008542BFF447AF21
:104100008A6922F070022A438A6140E70020005247
:10411000004402589A6D0608840E0024800E002484
:104120007C0E002410B50C4CFFF736FE0B49A3693A
:10413000C3F30323CA5CA36902F01F0203F00F0359
:1041400020FA02F2CB5C03F01F0322FA03F0044BC7
:104150001860044B1A6010BD004402589A6D06089E
:10416000840E0024800E002408B5FFF7DBFF054B0A
:10417000054ADB69C3F30213D35C03F01F03D84085
:1041800008BD00BF004402589A6D060808B5FFF745
:10419000C9FF054B054ADB69C3F30223D35C03F077
:1041A0001F03D84008BD00BF004402589A6D06089E
:1041B00038B53F23044603603A4B1A68510360D573
:1041C0004FF4A02262601B68364D03F08003E36168
:1041D000FBF7BCF941F20303984259D86B68C3F36B
:1041E000846323622B6803F00103E360FBF7AEF9FD
:1041F00041F2030398426B6894BFC3F30533C3F3E2
:1042000006632361274B1A6F520745D50522A2602A
:104210005A6F02F0010262611A68C2F30032A261B1
:104220001B6813F0807F14BF0223012363621D4BC0
:104230009A6A02F00302A2629A6AC2F30512E2626B
:104240001A6BC2F30802013222631A6BC2F30662D0
:104250000132E2631A6BC2F34622013262631A6BC7
:10426000C2F306420132A263DA6A02F00C0222644F
:10427000DA6AC2F3400262645B6BC3F3CC03A364EB
:1042800038BD1A6812F4803218BF4FF4803299E7B3
:10429000EB68C3F30563A4E71A6F12F0010218BFBD
:1042A0000122B4E7004402583F230360114B1A690E
:1042B00002F0070242609A6902F4706282609A69B1
:1042C00002F00F02C2609A6902F070020261DA69BC
:1042D00002F070024261DA6902F4E06282611B6AF4
:1042E00003F07003C361044B1B6803F00F030B6002
:1042F000704700BF0044025800200052F8B53A4C05
:1043000006460D46A36A03F00303032B69D0236816
:1043100023F08063236003F0DBFE074623681A0165
:104320004BD4A36A326823F47C3343EA0233A3629A
:10433000B368F268013B013A5B0212049BB202F4DB
:10434000FE0213437268013AC2F308021343326952
:10435000013A120602F0FE421343A363E36A726954
:1043600023F0C0031343E362E36AB26923F020033E
:104370001343E362E36A23F01003E362E36BF26941
:1043800023F47F4323F0F80343EAC203E363E36AC1
:1043900043F01003E362E36AB5B943F40023E36238
:1043A000114C236843F08063236003F091FE0546BF
:1043B00023681B010FD5002005E003F089FEC01B18
:1043C0000228ABD90320F8BD012D0CBF43F48013A4
:1043D00043F40013E3E703F07BFE401B0228E7D918
:1043E000F0E70120EFE700BF00440258F8B53A4C6F
:1043F00006460D46A36A03F00303032B69D0236826
:1044000023F08053236003F063FE074623689A007D
:104410004BD4A36A326823F07C7343EA0253A3624D
:10442000B368F268013B013A5B0212049BB202F4EA
:10443000FE0213437268013AC2F308021343326961
:10444000013A120602F0FE4213432364E36A7269E2
:1044500023F440631343E362E36AB26923F4007315
:104460001343E362E36A23F48073E362636CF269EB
:1044700023F47F4323F0F80343EAC2036364E36A4F
:1044800043F48073E362E36AB5B943F48003E36203
:10449000114C236843F08053236003F019FE054656
:1044A00023689B000FD5002005E003F011FEC01B20
:1044B0000228ABD90320F8BD012D0CBF43F4000343
:1044C00043F08073E3E703F003FE401B0228E7D9C3
:1044D000F0E70120EFE700BF004402582DE9F0416A
:1044E0000668054616F0006609D0836EB3F5001F16
:1044F0002ED013D8F3B1B3F5801F21D001262B683D
:10450000DB0540F10281AB6D042B00F2FD80DFE89A
:1045100013F024002B00F50029002900B3F5401FFB
:10452000ECD1B84A0026A96E136D23F440130B4357
:104530001365E4E7B34AD36A43F40033D362F0E788
:1045400002210430FFF7DAFE06460028D7D1E8E75B
:1045500002212430FFF74AFFF6E7AA4AD36A43F460
:104560000033D362344604E00021281DFFF7C6FE65
:104570000446002C40F0CB80A24AA96D136D23F0B5
:1045800007030B4313652B689F050DD5EB6D802B3F
:1045900000F0DA8000F2BD80002B00F0C980402BD3
:1045A00000F0CC80012634462B68580510D5D5F88C
:1045B000A830B3F5800F00F0EC8000F2CD80002B26
:1045C00000F0DB80B3F5001F00F0DD8001263446EB
:1045D0002B68190510D5D5F8AC30B3F1007F00F089
:1045E000FD8000F2DE80002B00F0EC80B3F1807FD4
:1045F00000F0EE80012634462B689A010DD5AB6C95
:10460000202B00F0078100F2F180002B00F0F180F8
:10461000102B00F0F980012634462B68DB040FD5FF
:104620002B6EB3F5005F00F0198100F2FB80002BC8
:1046300000F00881B3F5805F00F00A81012634465E
:104640002B689F040FD56B6EB3F5003F00F02681F9
:1046500000F20C81002B00F01281B3F5803F00F0D6
:104660001781012634462B68580410D5D5F8B03090
:10467000B3F1005F00F0338100F21881002B00F0ED
:104680001E81B3F1805F00F02481012634462B683F
:10469000590114D5EB6C43B1B3F5807F40F027810D
:1046A0000121281DFFF72AFE0446002C40F022813C
:1046B000544AE96CD36C23F480730B43D3642B68A6
:1046C0001A040DD52B6FB3F1805F00F01581B3F1A3
:1046D000005F00F01F81002B00F01381012634469B
:1046E0002B68DB0140F12C816B6C032B00F26C8199
:1046F000DFE813F01D01180164011D01002105F11F
:104700002400FFF773FE33E7012634463BE72646D5
:1047100039E7C02B03D0B3F5807F7FF443AFCCB92A
:10472000384AE96D136D23F4E0730B4313653BE7DF
:10473000344AD36A43F40033D362F0E70021281DE2
:10474000FFF7DCFD0446EAE7002105F12400FFF74E
:104750004DFEF7E7264627E7B3F5C00F03D0B3F5C4
:10476000000F7FF433AFD4B9264AD5F8A810936D63
:1047700023F460030B4393652AE7224AD36A43F488
:104780000033D362EFE70021281DFFF7B7FD044691
:10479000E9E7002105F12400FFF728FEF7E72646A8
:1047A00016E7B3F1407F03D0B3F1806F7FF422AFFF
:1047B000D4B9144AD5F8AC10936D23F0E0630B43E1
:1047C000936519E70F4AD36A43F40033D362EFE7E6
:1047D0000021281DFFF792FD0446E9E7002105F1BD
:1047E0002400FFF703FEF7E7264605E7302B7FF4AA
:1047F00012AFACB9034AA96CD36C23F030030B435E
:10480000D3640AE7004402589A4AD36A43F4003357
:10481000D362EEE70221281DFFF770FD0446E8E7AA
:104820002646FAE6B3F5405F03D0B3F5804F7FF438
:1048300005AFCCB98F4A296E136D23F4E0430B43C7
:104840001365FDE68B4AD36A43F40033D362F0E785
:104850000021281DFFF752FD0446EAE7002105F17B
:104860002400FFF7C3FDF7E72646E9E623F480328C
:10487000B2F5802F03D0B3F5403F7FF4F2AE9CB980
:104880007C4A696E136D23F4E0230B431365EAE65B
:104890000121281DFFF732FD0446F0E7012105F153
:1048A0002400FFF7A3FDF7E72646DCE623F080525D
:1048B000B2F1804F03D0B3F1405F7FF4E6AEA4B90C
:1048C0006C4AD5F8B010936D23F0E0430B43936529
:1048D000DDE60121281DFFF711FD0446EFE7012168
:1048E00005F12400FFF782FDF7E72646CFE6012613
:1048F0003446E4E62646E2E65E4AD36A43F40033F1
:10490000D3626CB95B4A296F136D23F040530B439C
:104910001365E5E60121281DFFF7F0FC0446F0E7EA
:104920002646DDE6534AD36A43F40033D362002CB3
:104930004DD1504A696CD36C23F003030B43D3640D
:104940002B685F024DD54C4F3B6843F480733B604E
:1049500003F0BEFB80463B68D8053AD5002C6AD1EF
:10496000444BD5F8B4001A6F424012F4407F0BD08C
:104970001A6F196F22F4407241F480311967196F70
:1049800021F4803119671A67B0F5807F40D0D5F8DF
:10499000B430384903F44072B2F5407F47D108691A
:1049A000364A20F47C5002EA131202430A61C3F330
:1049B0000B03304A116F0B43136712E00221281DCD
:1049C000FFF79CFC0446B2E701263446B8E72646CA
:1049D000B6E703F07DFBA0EB08006428BBD90326F3
:1049E00034462B68DA0708D5EB6F102B3AD024D861
:1049F0004BB3082B30D0012634462B689B074CD58F
:104A0000AB6F052B5FD8DFE803F0403B58404040D8
:104A100003F05EFBDFF85C800746D8F8703099073A
:104A2000B5D403F055FBC01BC828F6D9D7E70A69EF
:104A300022F47C52BAE72646D3E723F00802202A64
:104A400001D0182BD7D19CB90A4AE96F536D23F0D6
:104A500038030B435365D0E70121281DFFF74EFCB7
:104A60000446F0E7012105F12400FFF7BFFCF7E75A
:104A70002646C2E70044025800480258CFFFFF0014
:104A80000121281DFFF73AFC0446FCB9B74AA96F7B
:104A9000536D23F007030B4353652B685F0727D53E
:104AA000D5F89430052B00F23A81DFE813F01600B8
:104AB00011003201160016001600012105F1240034
:104AC000FFF794FCE0E701263446E6E72646E4E7F4
:104AD0000121281DFFF712FC0446002C40F0228122
:104AE000A24AD5F89410936D23F007030B43936506
:104AF0002B68980610D5D5F89030B3F1005F00F020
:104B00002C8100F21181002B00F01781B3F1805F3E
:104B100000F01D81012634462B68590610D5D5F8C2
:104B20009C30B3F5006F00F03C8100F22181002B36
:104B300000F02781B3F5806F00F02D810126344607
:104B40002B681A0610D5D5F8A030B3F5804F00F0C9
:104B5000498100F22E81002B00F03481B3F5005F13
:104B600000F03A81012634462B681B0714D5D5F88E
:104B70008430B3F5805F07D1022105F12400FFF7EF
:104B800035FC002818BF0126784AD5F88410536DEB
:104B900023F440530B4353652B68DF0614D5D5F837
:104BA0009830B3F5807F07D1022105F12400FFF78B
:104BB0001DFC002818BF01266C4AD5F89810936D8B
:104BC00023F440730B4393652B6818031AD5D5F86B
:104BD000A410B1F5803F00F00D81B1F5003F06D083
:104BE000002940F00D81281DFFF788FB0446002CAA
:104BF00040F009815D4AD5F8A410936D23F4403349
:104C00000B4393652B6859031CD5D5F88830B3F551
:104C1000001F00F0FA80B3F5401F08D0B3F5801FE5
:104C200040F0FA80514AD36A43F40033D362002C37
:104C300040F0F5804D4AD5F88810536D23F44013A9
:104C40000B4353652B68DA0309D52B6D002B00F05D
:104C5000E880B3F5803F00F0F280012634462B68EF
:104C60009B0007D5022105F12400FFF7BFFB0028B8
:104C700018BF01262B689F030BD5D5F88010B1F51E
:104C8000807F00F0F28000F2E280002900F0E580F1
:104C90000126DC0206D53549686F0A6D22F0004214
:104CA00002430A65D80007D53049D5F8B8000A692B
:104CB00022F4804202430A61990206D52B49E86E2C
:104CC0000A6D22F0807202430A655A0009D5274A0C
:104CD000116921F4004111611169D5F8BC0001434B
:104CE0001161002B06DA2149686DCA6C22F040522E
:104CF0000243CA641B0207D51C4AD5F88C10536DB9
:104D000023F440030B435365301E18BF0120BDE858
:104D1000F081012105F12400FFF768FBDCE60126A4
:104D20003446E5E62646E3E623F08052B2F1804FB2
:104D300003D0B3F1405F7FF4EDAEA4B90B4AD5F8D0
:104D40009010536D23F0E0430B435365E4E60021DC
:104D5000281DFFF7D3FA0446EFE7022105F12400EE
:104D6000FFF744FBF7E72646D6E600BF00440258AB
:104D700023F48062B2F5805F03D0B3F5406F7FF417
:104D8000DDAEA4B93D4AD5F89C10936D23F4E053F1
:104D90000B439365D4E60021281DFFF7AFFA0446C4
:104DA000EFE7022105F12400FFF720FBF7E7264695
:104DB000C6E623F40052B2F5004F03D0B3F5C04F5E
:104DC0007FF4D0AEA4B92D4AD5F8A010936D23F48A
:104DD00060430B439365C7E60021281DFFF78EFA59
:104DE0000446EFE7022105F12400FFF7FFFAF7E799
:104DF0002646B9E6022105F12400FFF7F7FAF5E6A9
:104E000001263446FEE62646FCE6012105F1240093
:104E1000FFF7ECFA04460AE70126344612E7264675
:104E200010E7164AD36A43F40033D3626CB9134ACD
:104E3000296DD36C23F480330B43D3640FE7022135
:104E4000281DFFF75BFA0446F0E7264607E721F442
:104E50008072B2F5007F7FF41BAF64B90748426DE2
:104E600022F440720A43426513E70448C26A42F4DE
:104E70000032C262F1E726460BE700BF0044025849
:104E800008B5FFF74FF9054B054A1B6AC3F3021338
:104E9000D35C03F01F03D84008BD00BF0044025894
:104EA0009A6D06084E4A70B5946A966AD36A16F4EB
:104EB0007C3FC6F30531D56B00F08D8007EE901A6C
:104EC000C3F30013C5F3CC0104F00304F8EEE76A62
:104ED0004B43012CB7EE006A07EE903AFAEEE97AFE
:104EE0006BD0022C5BD0002C67D113689B0646D593
:104EF0001168936BC1F3C1013A4AC3F30803CA4076
:104F000007EE102AF8EEC75A85EEA67A06EE903A1A
:104F1000F8EEE66A76EEA77A77EE867A304A67EEA2
:104F2000877A936BC3F3462307EE103AB8EEC77A3D
:104F300037EE067AC7EE876AFCEEE66AC0ED006AD5
:104F4000936BC3F3064307EE103AB8EEC77A37EE19
:104F5000067AC7EE876AFCEEE66AC0ED016A936BDB
:104F6000C3F3066307EE103AB8EEC77A37EE066A67
:104F700087EE867ABCEEC77A80ED027A70BD936BBD
:104F8000DFED195AC3F3080307EE103AB8EEC77AFB
:104F900077EE277A77EE867A85EEA67ABEE7936B70
:104FA000DFED125AC3F3080307EE103AB8EEC77AE2
:104FB00077EE277A77EE867AEEE7936BDFED0C5A81
:104FC000C3F3080307EE103AB8EEC77A77EE277AF4
:104FD00077EE867AE0E7C0E900118160CEE700BF96
:104FE000004402580090D0030024744C20BCBE4BF7
:104FF0000024744A4E4A70B5946A966AD36A16F0D1
:105000007C7FC6F30551556C00F08D8007EE901A39
:10501000C3F30023C5F3CC0104F00304F8EEE76A00
:105020004B43012CB7EE006A07EE903AFAEEE97AAC
:105030006BD0022C5BD0002C67D113689B0646D541
:105040001168136CC1F3C1013A4AC3F30803CA40A3
:1050500007EE102AF8EEC75A85EEA67A06EE903AC9
:10506000F8EEE66A76EEA77A77EE867A304A67EE51
:10507000877A136CC3F3462307EE103AB8EEC77A6B
:1050800037EE067AC7EE876AFCEEE66AC0ED006A84
:10509000136CC3F3064307EE103AB8EEC77A37EE47
:1050A000067AC7EE876AFCEEE66AC0ED016A136C09
:1050B000C3F3066307EE103AB8EEC77A37EE066A16
:1050C00087EE867ABCEEC77A80ED027A70BD136CEB
:1050D000DFED195AC3F3080307EE103AB8EEC77AAA
:1050E00077EE277A77EE867A85EEA67ABEE7136C9E
:1050F000DFED125AC3F3080307EE103AB8EEC77A91
:1051000077EE277A77EE867AEEE7136CDFED0C5AAE
:10511000C3F3080307EE103AB8EEC77A77EE277AA2
:1051200077EE867AE0E7C0E900118160CEE700BF44
:10513000004402580090D0030024744C20BCBE4BA5
:105140000024744A4E4A70B5946A966AD36A16F47B
:105150007C7FC6F30511556B00F08D8007EE901A29
:1051600003F00103C5F3CC0104F00304F8EEE76A91
:105170004B43012CB7EE006A07EE903AFAEEE97A5B
:105180004DD0022C5BD0002C67D113689B0664D5F0
:105190001168136BC1F3C1013A4AC3F30803CA4053
:1051A00007EE102AF8EEC75A85EEA67A06EE903A78
:1051B000F8EEE66A76EEA77A77EE867A304A67EE00
:1051C000877A136BC3F3462307EE103AB8EEC77A1B
:1051D00037EE067AC7EE876AFCEEE66AC0ED006A33
:1051E000136BC3F3064307EE103AB8EEC77A37EEF7
:1051F000067AC7EE876AFCEEE66AC0ED016A136BB9
:10520000C3F3066307EE103AB8EEC77A37EE066AC4
:1052100087EE867ABCEEC77A80ED027A70BD136B9A
:10522000DFED195AC3F3080307EE103AB8EEC77A58
:1052300077EE277A77EE867A85EEA67ABEE7136B4D
:10524000DFED125AC3F3080307EE103AB8EEC77A3F
:1052500077EE277A77EE867AEEE7136BDFED0C5A5E
:10526000C3F3080307EE103AB8EEC77A77EE277A51
:1052700077EE867AE0E7C0E900118160CEE700BFF3
:10528000004402580090D0030024744A20BCBE4B56
:105290000024744CB0F5807F1FB531D19E4B1A6D40
:1052A00002F00702042A4BD8DFE812F0CC003900E4
:1052B000050033010D00186810F0005037D001A828
:1052C000FFF798FE32E0DA6C196802F040521B6872
:1052D000490705D522B9C3F3C1039048D84026E059
:1052E000D80502D5B2F1805F53D08B4B186810F40B
:1052F00000301CD0B2F1005F894818BF002016E0D2
:10530000B0F5007F27D1844B1A6D02F4E072802A39
:10531000D1D00FD8002A00F09580402A10D118680B
:1053200010F0006003D001A8FFF7BCFD019805B0A4
:105330005DF804FBC02A00F0EC80B2F5807F01D05C
:105340000020F4E7DA6C196802F04052490719D5D9
:10535000C2B91B68BFE7B0F5806F1CD16E4B9A6D68
:1053600002F46002B2F5800FA5D004D8002A69D0FB
:10537000B2F5001FD2E7B2F5C00F00F0CA80B2F557
:10538000000FDCE7644B1968C905AFD5B2F1805F47
:10539000ACD16448CBE7B0F5006F1CD15E4B9A6D81
:1053A00002F0E062B2F1007F85D004D8002A49D033
:1053B000B2F1807FB2E7B2F1407F00F0AA80B2F193
:1053C000806FBDD1DA6C196802F040524807DAD517
:1053D000002AD8D1BDE7B0F5805F13D14E4B1A6DCE
:1053E00002F4E042B2F5005F3FF465AF03D84AB380
:1053F000B2F5805F92E7B2F5405F00F08A80B2F5C7
:10540000804FDEE7B0F5002F15D1434B9A6D02F4C3
:105410004032B2F5803F05D0B2F5003FD2D0002A2D
:105420008ED17CE7186810F0005080D001A8FFF7FB
:10543000E1FD03987BE7B0F5803F16D1364BDA6C7F
:10544000D20309D4186810F000703FF470AF01A8BF
:10545000FFF778FE02986AE7186810F000603FF4E2
:1054600066AF01A8FFF71EFDE3E7B0F5804F3ED120
:10547000294B9A6D02F0E042B2F1405F2AD00BD87E
:10548000B2F1805F14D0B2F1005F1AD0002A7FF42D
:1054900057AFFFF7F5FC4AE7B2F1804F20D0B2F1E9
:1054A000A04F7FF44DAF18681D4B10F400301BE087
:1054B000186810F000603FF43AAF01A8FFF7F2FC63
:1054C000C8E7186810F000503FF431AF01A8FFF7AB
:1054D00091FDBFE7186810F004003FF428AF38E7EB
:1054E0001868104B10F4807018BF18461FE7B0F50D
:1054F000004F7FF425AF084B1A6D02F04052B2F115
:10550000805F9FD0B2F1005FD2D0002A7FF418AF45
:10551000C9E705480BE700BF004402580090D003DC
:1055200040787D0100093D000080BB00704738B520
:105530000446C0B1437A03F0FF0213B90272FFF7C9
:10554000F5FF02236168637223681A6822F0200263
:105550000A431A601A6842F004021A605B685B062C
:1055600003D50423637201200AE002F0B1FD054671
:105570002368586810F0040003D101226272E060D1
:1055800038BD02F0A5FD401B0228F1D90423637247
:105590000223E360E7E7704710B5044698B103685B
:1055A0001A6822F020021A601A6822F00C021A60AF
:1055B0005A6822F060025A60FFF7EDFF0020607227
:1055C0002072E06010BD0120FCE72DE9F041037A74
:1055D00004460F46012B2AD00123427A9A42D5B2C3
:1055E000037220D10223437202F072FD80462268CA
:1055F000566816F0010608D09368002523613B60C9
:1056000001236372002323720AE002F061FDA0EB24
:1056100008000228EBD90123267263720223E3609B
:105620002846BDE8F08104221D46C260EAE7022553
:10563000F6E70368503343F82120704770470000B5
:10564000304A0368904212D0B0F1804F0FD0A2F5DB
:105650007C4290420BD002F58062904207D002F566
:105660008062904203D002F57842904219D14A6894
:1056700023F070031343234A90421DD0B0F1804FB2
:105680001AD0A2F57C42904216D002F58062904278
:1056900012D002F5806290420ED002F5784290421C
:1056A0000AD0194A904207D002F58062904203D096
:1056B00002F58062904203D123F44073CA68134319
:1056C0004A6923F08003134303608B68C3620B684D
:1056D00083620C4B98420FD003F5806398420BD045
:1056E00003F57053984207D003F58063984203D0C6
:1056F00003F58063984201D10B6903630123436181
:10570000704700BF000001400040014010B5044652
:1057100050B390F83D3003F0FF021BB980F83C20F5
:10572000FFF78CFF02232068211D84F83D30FFF72E
:1057300087FF0123002084F8483084F83E3084F845
:105740003F3084F8403084F8413084F8423084F8A7
:10575000433084F8443084F8453084F8463084F887
:10576000473084F83D3010BD0120FCE701F01F01F7
:10577000036A10B501248A408C4023EA04030362C3
:10578000036A1A43026210BD10B5044629B990F8A5
:105790003E30012B31D0012010BD042907D190F8F3
:1057A0003F30012BF7D1022380F83F3028E0082951
:1057B00007D190F84030012BEDD1022380F8403022
:1057C0001EE00C2907D190F84130012BE3D10223D0
:1057D00080F8413014E0102907D190F84230012BB5
:1057E000D9D1022380F842300AE090F84330012BEF
:1057F000D1D1022380F8433002E0022380F83E300A
:1058000001222068FFF7B2FF2368204A934219D093
:1058100002F58062934215D002F57052934211D086
:1058200002F5806293420DD002F58062934209D066
:10583000B3F1804F0ED19968154A0A40062A21D14A
:105840000020A9E75A6C42F400425A640F4A93427E
:10585000EED1F0E70F4A9342EDD002F58062934219
:10586000E9D002F580629342E5D002F57842934296
:10587000E1D0A2F56C429342DDD01A6842F00102F9
:105880001A60DDE7B2F5803FF7D1D9E700000140AB
:10589000070001000004004070470000F0B5044616
:1058A0000368C06987B02169A2681D680A436169FD
:1058B0000A43A449024329400A43E1681A605A682E
:1058C00022F440520A43A1695A609F4A93421CBF86
:1058D000226A11439A6822F06E4222F430620A432F
:1058E000616A9A60DA6A22F00F020A43DA62974A22
:1058F00093421BD1964B5B6D03F03803282B6CD879
:10590000944AB0F5004FD35C40F00281082B00F2BE
:10591000BF80082B61D8DFE813F0E700EC006000DF
:105920006000EF00600060006000F4008A4A93426B
:1059300007D1874B5B6D03F00703052B4DD8874AD2
:10594000DFE7874A934207D1814B5B6D03F0070382
:10595000052B42D8834AD4E7834A934207D17C4B34
:105960005B6D03F00703052B37D8804AC9E7804AEF
:10597000934207D1764B5B6D03F00703052B2CD8C0
:105980007C4ABEE77C4A934207D1714B5B6D03F0C2
:105990003803282B21D8794AB3E7794A934207D1B3
:1059A0006B4B5B6D03F00703052B16D8754AA8E710
:1059B000754A934207D1664B5B6D03F00703052BD5
:1059C0000BD8724A9DE7604A934206D102F50E3227
:1059D000936D03F00703052B01D901200EE06C49FC
:1059E000CB5C102B23D011D8042B16D0082B19D048
:1059F000022BF2D1FFF744FA10BB00204FF0011345
:105A0000A3660023C4E91C3307B0F0BD202B3DD0B2
:105A1000402BE2D14FF4004012E06846FFF742FA13
:105A20000198E9E703A8FFF7E5FA0498E4E71368AB
:105A3000584813F0200F03D01368C3F3C103D840B4
:105A4000554B626A656833F8122005EB4501B0FBDF
:105A5000F2F39942C1D8B3EB053FBED80023002131
:105A600005F00CFE2A460F020023060247EA1067E3
:105A70006808301847F1000105F000FE474BA0F51B
:105A800040729A42A9D82368D860B6E74448D7E75D
:105A9000202B3BD0402B0BD0102B9ED12C4B3D48C4
:105AA0001A6812F0200F03D01B68C3F3C103D8405B
:105AB000616A394B626833F81130B0FBF3F3500878
:105AC00000EB4300B0FBF2F083B24FF6EF72A3F1AC
:105AD0001001914281D820F00F00C3F342032268E5
:105AE00080B21843D06088E7FEF73EFB002884D0E0
:105AF000DEE7FEF74BFBF9E76846FFF7D3F90198BD
:105B0000F4E703A8FFF776FA0498EFE72448CFE715
:105B1000082B47D8082B3FF660AF01A252F823F0BC
:105B2000F55B0508015C0508DB590508DB5905082C
:105B3000075C0508DB590508DB590508DB59050832
:105B4000115C0508F369FFCF000C005800100140FC
:105B5000004402584D6D060800440040766D06086A
:105B600000480040766D0608004C0040766D06083F
:105B700000500040766D0608001401404D6D060887
:105B800000780040766D0608007C0040766D0608BF
:105B90007C6D06080090D003826D0608FFFC0F00A4
:105BA00000093D00202B38D0402B38D0102B7FF43B
:105BB00014AF1D4A136813F0200F1C4B32D010682D
:105BC000C0F3C10023FA00F0616A194B626833F830
:105BD0001130B0FBF3F303EB5203B3FBF2F39BB2D0
:105BE0004FF6EF72A3F1100191423FF6F6AE226834
:105BF000D36002E7FEF7B8FA00283FF4FEAEE3E711
:105C0000FEF7C4FAF8E76846FFF74CF90198F3E7A6
:105C100003A8FFF7EFF90498EEE70648D4E74FF43E
:105C20000040D1E71846CFE7004402580090D00367
:105C3000826D060800093D00836ADA0710B506D5B3
:105C40000168C46A4A6822F4003222434A609C0711
:105C500006D50168046B4A6822F4803222434A6008
:105C6000590706D50168446B4A6822F48022224312
:105C70004A601A0706D50168846B4A6822F400421C
:105C800022434A60DC0606D50168C46B8A6822F4A8
:105C9000805222438A60990606D50168046C8A689E
:105CA00022F4005222438A605A0610D50168446CDF
:105CB0004A68B4F5801F22F4801242EA04024A6066
:105CC00005D14A68846C22F4C00222434A601B0654
:105CD00006D50268C16C536823F400230B4353605C
:105CE00010BD2DE9F041DDF8188004460E4615463A
:105CF0001F462268D36936EA03030CBF0123002341
:105D0000AB4201D000201CE0B8F1FF3FF2D002F01E
:105D1000DFF9C01B40452068036802D8B8F1000FC6
:105D200011D123F4D0730360836823F001038360EF
:105D30002023C4F88430C4F888300023032084F87A
:105D40008030BDE8F0815A07D3D5C3691B05D0D593
:105D50004FF400630362036823F4D0730360836825
:105D600023F0010383602023C4F88430C4F8883012
:105D7000C4F88C30E1E730B50025044685B0C0F8A2
:105D80008C5002F0A5F9226803461268110717D457
:105D900022681268520709D56FF07E424FF48001E5
:105DA000204600920022FFF79CFFB0B9202300207C
:105DB000C4F8843084F88000C4F88830E0660DE0D0
:105DC0006FF07E4203904FF40011204600922A4665
:105DD000FFF787FF039B0028DAD0032005B030BD12
:105DE00010B5044650B3D0F884301BB980F8803029
:105DF000FFF752FD226824232046C4F8843013683C
:105E000023F001031360FFF749FD012816D0A36AB0
:105E100013B12046FFF710FF236820465A6822F48A
:105E200090425A609A6822F02A029A601A6842F0F8
:105E30000102BDE810401A60FFF79DBF012010BDB0
:105E400090F88030012B09D00268136843F00203F8
:105E50001360002380F88030184670470220704796
:105E600090F88030012B09D00268136823F00203F8
:105E70001360002380F88030184670470220704776
:105E80000A4B013B0FD00269002AFADA0369074A7C
:105E900043F001030361013A05D0036913F00103E4
:105EA000F9D1184670470320704700BF410D030029
:105EB00084B038B505AD044685E80E000A9B012B79
:105EC0002FD1836B23F480338363C36823F484036B
:105ED00023F04003C360C36823F44013C360119BE5
:105EE000012B03D1C36843F48013C3602046FFF73E
:105EF000C7FF089B012B10D1E36D9BB2E365E36DF7
:105F000043F07B7343F40033E365A36843F0060377
:105F1000A360A36843F02003A360BDE8384004B049
:105F20007047C36843F04003C360FFF7A9FF0E9BAF
:105F300023B9A36B43F48033A363DAE7A36B23F4A1
:105F40008033F9E7022A4AD1274B284A0B4493426F
:105F500039D9274B274A0B44934236D9A1F574030C
:105F6000254AA3F51053934231D9A1F18373234AF3
:105F7000A3F5E74393422CD3214B224A0B4493428F
:105F800029D9214B214A0B44934226D3204B214A45
:105F90000B44934223D3A1F1B7731F4AA3F558537F
:105FA00093421ED31D4B1E4A0B44934234BF07231A
:105FB0000623C26822F47052C260C26842EA832398
:105FC000C360002070470F23F3E70E23F1E70D2392
:105FD000EFE70C23EDE70B23EBE70A23E9E70923BF
:105FE000E7E70823E5E700BF405327FFFF340C0035
:105FF000401E1BFF3F420F007F4F120020D61300B0
:1060000060B6E5FE5FE3160000D3CEFE40771B00CE
:10601000C05BB3FEC091210020753800E05459FEEA
:10602000E09C4100836843F00103836000207047D7
:10603000836823F0010383600020704708B5C368BC
:10604000012923F0C043C36008D1C36843F0005363
:10605000C3603220F9F768FA002008BD19B9C36897
:1060600043F08043F4E70120F7E700008901074A85
:1060700041F020010161013A05D0036913F02003CA
:10608000F9D1184670470320704700BF410D030047
:106090001023064A0361013A05D0036913F0100387
:1060A000F9D1184670470320704700BF410D030027
:1060B000D0F800381943C0F80018002070470000DD
:1060C00084B02DE9F843044609A80E4680E80E0086
:1060D0000023139D194603F14002013304EB8202B1
:1060E0000F2B5160F7D104F50067002D6CD17B6850
:1060F00043F002037B60A36B23F40013A3632368C4
:1061000043F040032360236843F0800323600023AF
:10611000C4F8003ED4F80038C4F800380E9B012BB8
:1061200059D10B99002954D120464FF67F38FFF7FB
:10613000BFFF10212046FFF799FF01462046FFF7D9
:10614000A7FF0843002304F51062C0B24FF0904C43
:1061500019464FF0006E00383B617B6118BF01208B
:10616000FB61B34239D1002204F530634FF0904C0B
:106170004FF0006E11464FF67F38B24240D13B6976
:1061800023F480733B610023A3616FF0804363615C
:106190000C9B1BB9A36943F01003A361A269224BB6
:1061A0001343A3610F9B1BB1A36943F00803A361D1
:1061B000012D05D1A36943F0804343F00403A3619B
:1061C000BDE8F84304B07047A36B43F40013A36326
:1061D0009DE71946A8E70321A6E7D2F80090B9F198
:1061E000000F0BDA3BB9C2F800E011610133C2F8CD
:1061F00008802032B5E7C2F800C0F6E71160F4E786
:10620000D3F80090B9F1000F0BDA3AB9C3F800E007
:1062100019610132C3F808802033AEE7C3F800C02B
:10622000F6E71960F4E700BF00383C80D0F8083882
:1062300013F0060004D013F0020F14BF02200F2049
:10624000704730B50D78012400F5006205F00F03AA
:1062500000EB45109C404B78012BD36918D11C43AF
:10626000D461D0F800391A0410D48A68D0F80049F3
:10627000C2F30A03CA78234343EA824343EA8553BD
:1062800043F0805343F40043C0F80039002030BD90
:1062900043EA0444D461D0F8003B1B04F6D48B6875
:1062A000D0F8002BC3F30A031343CA7843EA8243AE
:1062B00043F0805343F40043C0F8003BE6E700009E
:1062C00010B50A78497800EB421300F50060012907
:1062D00002F00F0222D1D3F8001900290BDAD3F80B
:1062E000001941F00061C3F80019D3F8001941F01A
:1062F0008041C3F800190121C46B01FA02F224EABB
:106300000204C463C16921EA0202C261154AD3F8DA
:1063100000190A40C3F80029002010BDD3F8001B63
:1063200000290BDAD3F8001B41F00061C3F8001B11
:10633000D3F8001B41F08041C3F8001B4FF48031BB
:10634000C46B01FA02F224EA0204C463C16921EABF
:106350000202C261044AD3F8001B0A40C3F8002BB2
:10636000DAE700BF007833EC0078F3EF4B78DFF822
:10637000ECC0012BF0B50E784D6900EB4614364F9A
:1063800046D104F51063BDB91D692F401F611D6919
:1063900045F400251D611D6905EA0C05012A1D61F2
:1063A00023D10A6902B15A61D4F8003943F0044399
:1063B000C4F800390020F0BDD3F810E00EEA0C0C50
:1063C000C3F810C0D3F810C00CEA07071F618F682C
:1063D000AF421D6945F4002538BF4F611D614D690D
:1063E0001F69C5F312053D43D8E7D4F8003943F0DF
:1063F0000443C4F800394B69002BDBD006F00F06CC
:106400000123D0F83428B3401343C0F83438D1E71F
:10641000D4F8100B04F5306300EA0C001861186919
:1064200038401861886805B148611D69C0F31200E1
:10643000012A45F400251D611D6940EA0500186127
:1064400002D1CA6802B15A61D4F8003B43F0044358
:10645000C4F8003BAEE700BFFFFF07E00000F8FF15
:1064600010B59DF8084044B9033301329B0800EB96
:10647000023001EB83038B4201D1002010BD51F8A3
:10648000042B0260F7E700002DE9F3414D780F7807
:10649000012D4B6900EB4714CE78DFF8B8C1DFF867
:1064A000B8E140F08E8004F51065D5F810806BBB24
:1064B00008EA0C0CC5F810C0D5F810C04CF4002C3C
:1064C000C5F810C0D5F810C00CEA0E0EC5F810E0E3
:1064D000012A4ED10B6903B16B61012E0CD1D0F8AA
:1064E000083813F4807FD4F800390CBF43F0005310
:1064F00043F08053C4F80039D4F8003943F0044322
:10650000C4F80039002002B0BDE8F08108EA0E0EA0
:10651000012EC5F810E0D5F810E00EEA0C0CD1F809
:1065200008E0C5F810C00EEB030CD5F810800CF194
:10653000FF3CBCFBFEFEDFF824C10CEACE4C4CEA6B
:10654000080CC5F810C0C3F3120CD5F810E04CEAE3
:106550000E0CC5F810C0BBD1D5F810C02CF0C04C43
:10656000C5F810C0D5F810C04CF0005CC5F810C0DC
:10657000AEE7D4F80059012E45F00445C4F800599F
:106580000BD0002BBED007F00F020127D0F8343813
:1065900097401F43C0F83478B4E7D0F808589BB24E
:1065A00015F4807FD4F800590CBF45F0005545F034
:1065B0008055C4F8005900923A46C968FFF750FF69
:1065C000A0E7D4F8105B04F5306705EA0E053D61DD
:1065D0003D6905EA0C053D618D681BBB3B69C5F350
:1065E00012051D433D613B6943F40023012A3B61D1
:1065F00002D1CB6803B17B61012E0CD1D0F80838F1
:1066000013F4807FD4F8003B0CBF43F0005343F0F9
:106610008053C4F8003BD4F8003B43F00443C4F873
:10662000003B6FE72B44DFF834C0D7F810E0013BA4
:10663000B3FBF5F30CEAC34C9BB24CEA0E0C6B4374
:10664000C7F810C0D7F810C0C3F3120343EA0C0315
:10665000CCE700BFFFFF07E00000F8FF0000F81FD5
:1066600070B50023940800F5805502F00302A342A0
:1066700014D301EB84017AB100F580500023046843
:10668000D80024FA00F0C854013398B28242F7D1FE
:10669000013A92B201321144084670BD2E6841F8A9
:1066A00023600133E3E74A780B78012A00EB4310BB
:1066B00012D1D0F80029002A06DB2BB1D0F800391E
:1066C00023F08043C0F80039D0F8003943F40013B8
:1066D000C0F8003900207047D0F8002B002A06DBF4
:1066E0002BB1D0F8003B23F08043C0F8003BD0F83A
:1066F000003B43F40013C0F8003BEBE70B784A780B
:1067000000EB4310CB78012AA3F10203DBB20FD1D7
:10671000D0F80029012B22F40012C0F8002905D876
:10672000D0F8003943F08053C0F80039002070479A
:10673000D0F8002B012B22F40012C0F8002BF5D862
:10674000D0F8003B43F08053C0F8003BEEE710B5B3
:1067500000F51063044600F52E614FF67F329A6013
:106760002033C3F8E8218B42F9D100222046C4F837
:106770001028C4F81428C4F81C28FFF789FC28B98D
:1067800020461021BDE81040FFF770BC10BDD0F8C6
:106790000038090123F4FE6301F4FE61C0F80038FB
:1067A000D0F800381943C0F8001800207047D0F81E
:1067B000003E23F00303C0F8003ED0F8043823F075
:1067C0000203C0F8043800207047D0F8003E23F0E0
:1067D0000303C0F8003ED0F8043843F00203C0F8C9
:1067E0000438002070474269806910407047D0F833
:1067F000183800F50060C0691840000C7047D0F8E8
:10680000183800F50060C069184080B2704700EB8E
:10681000411100F50060D1F8082B40691040704725
:1068200010B5D0F81048D0F8343800EB411001F022
:106830000F0100F51060CB408068DB01DBB2234321
:10684000184010BD406900F001007047D0F80039D1
:1068500023F4FF6323F00703C0F80039D0F80438AD
:1068600043F48073C0F804380020704730B5056CDD
:1068700000F530630F4CA54203D9D0F8004B002C33
:1068800016DB002401291C611C6944F400241C61EE
:106890001C6944F018041C611C6944F0C0441C616C
:1068A00006D15A61D0F8003B43F08023C0F8003B8A
:1068B000002030BD0A30544F2B4BD3F8882042F4CF
:1068C0007002C3F888201A6942F010021A61274A40
:1068D000136803F00F03062B05D8136823F00F038A
:1068E00043F007031360224B1A6842F001021A605A
:1068F00000221A611F4A19680A401C491A600A6876
:10690000120705D50A6822F00F0242F007020A605A
:10691000002219499A61DA611A6299621749D962AB
:10692000174919635A639963DA6319645A641968D9
:1069300021F4802119601A66124A536A43F4804395
:106940005362114B1B681B0C1B04B3F1005F02D296
:106950000E4B01221A600E4B43F2D2021A600D4A0E
:10696000014B9A60704700BF00ED00E0002000522C
:10697000004402587FEDF6EA000202020000FF0127
:1069800080020101C00000580010005C0881005125
:106990000040005200000408494A1369114603F000
:1069A0003803102B30B500F0878006D8002B5FD05D
:1069B000082B00F083800A685BE0182BFBD1906AFB
:1069C000956AD16A15F47C7FC5F30513546B3BD0EF
:1069D00007EE903AC4F3CC0401F0010300F0030089
:1069E000F8EEE76A63430128F7EE005A07EE903AA3
:1069F000FAEEE97A42D0022850D01168314BC1F347
:106A0000C101126BCB40C2F3080207EE103AB8EE98
:106A1000C76A86EE267A06EE902AF8EEE66A76EEE9
:106A2000A77A77EEA57A264B67EE877A1B6BC3F3BE
:106A30004623013307EE103AF8EEC76A87EEA67ACE
:106A4000FCEEC77A17EE903A1D481F498269C2F3DF
:106A500003228A5CD340826902F00F028A5C1B49E0
:106A600002F01F0223FA02F20A60194A136030BDD5
:106A70001268C2F3C102134BD340E5E7136B9FEDDD
:106A8000156AC3F3080307EE103AB8EEC77A77EE3B
:106A9000277A77EEA57A86EE267AC4E7136B9FED08
:106AA0000E6AC3F3080307EE103AB8EEC77A77EE22
:106AB000277A77EEA57AEEE7084BC5E7084BC3E7E0
:106AC000004402580090D0039A6D0608840E0024FA
:106AD000800E00240024744A20BCBE4B40787D0107
:106AE00000093D00431D052B96BF044A044B52F894
:106AF0002330044A10601846704700BFAC6D06088A
:106B000002000E06384A002408B530B10068EEF7DE
:106B1000AFFFBDE80840FFF7E5BF014808BD00BF73
:106B200005000E061F4B204A10B55C6B14F0330FA6
:106B300014600AD01D4A14604FF0FF329A6301219D
:106B40001B48BDE81040FFF7DFBF14F0C00F0CD0AA
:106B50005B69190506D512680121144B14481A60A7
:106B6000FFF7D2FF0F4BC0229A6362020AD50D4B8A
:106B70004FF480024FF480719A630E4B0E4A1B68EB
:106B800010689847E3050BD5064B4FF480724FF41D
:106B900000619A6300229A62D9621A65DA60CEE7D0
:106BA00010BD00BF007000523C4A0024444A00243B
:106BB000484A0024404A00244C4A002410B5C2B080
:106BC00016221721002403A8F1F7B4FA40F6521355
:106BD00002AA1021ADF8083003A802230094F1F7AF
:106BE000F4F940F6537302AA1021ADF8083003A857
:106BF00002230094F1F7E9F940F63B7302AA102151
:106C0000ADF8083003A802230094F1F7DEF940F64E
:106C1000357302AA1021ADF8083003A802230094AE
:106C2000F1F7D3F9054B0D98039308B1F4F73CFC49
:106C300004A8EBF711F842B010BD00BF6048060889
:106C40002DE9F041D4B0202205460C4609A80021C8
:106C500007F08EFA4C22002111A807F089FAC02211
:106C6000002124A807F084FA614B9B6A03F0030318
:106C7000022B39D05E4B01264FF002080027D3F8D3
:106C8000E02004A95B4842F08002C3F8E020D3F87A
:106C9000E030069603F0800307970093009BCDE950
:106CA0000486FAF7D1FC0A20F8F73EFC324641464A
:106CB0005048FAF7AFFD1620FCF714FB4E4BFCB919
:106CC0000294DA6A22F00102DA62DB6A03F001035D
:106CD00002934A4B9A6942F440429A619B6903F4D9
:106CE00040430293029B20E0012109A8CDE909114C
:106CF000FDF7F2F80028BDD0002054B0BDE8F081C7
:106D00000197DA6A22F00102DA62DB6A3B4A03F099
:106D100001030193936923F4404343F48043936157
:106D2000936903F440430193019B344A93699E04A1
:106D3000FCD52123002D4FF005024FF008051193DB
:106D400014BF4FF4A0234FF48033002C1C9211A8E1
:106D500012934FF001030CBFA022282217930223A5
:106D60001D9200221E932093239222922195CDE919
:106D70001A330A231F93FCF77BFD01460028BBD181
:106D800003233F204FF48062CDE909034023CDE97E
:106D90000B15CDE90E320D93109334B309A8FDF70E
:106DA0009BF80028A8D14FF4802324A824934FF403
:106DB00040134693FDF792FB00289DD1FCF710FB92
:106DC0000B4B1A6842F080021A60D3F8F42042F0AC
:106DD0000202C3F8F420D3F8F43003F00203039363
:106DE000039BF8F7D5FB012087E70421D6E700BF16
:106DF00000440258001C0258000400580048025881
:106E000008B500210120FFF71BFF10B90148F5F775
:106E1000B1FA08BDA8770608FAF702BDDFF830D04E
:106E2000FFF74AFD002103E00A4B5B584350043151
:106E300009480A4B42189A42F6D3094A02E0002355
:106E400042F8043B074B9A42F9D3E9F745FA7047F9
:106E500000000824508E0608000000247818002442
:106E60008018002418FB0024FEE7000010B5114B29
:106E7000B0B0114CD4F88C209A42FBD1F5F710F940
:106E8000BC22002101A807F073F94FF400236846E3
:106E900000934FF400332993FDF720FB10B107480E
:106EA000F5F768FAF5F712F94FF44073E36030B084
:106EB00010BD00BF0003008000640258BC770608C4
:106EC000A1F1F0039BB20F2B70B5044686B00E46BD
:106ED00015D94F493046F3F7F9FE4D492060304649
:106EE000F3F716FF4A4905463046F3F7A7FE236835
:106EF00001330FD1492247494748F4F7D9FF4749A1
:106F00003046F3F7E3FE454920603046F3F700FFD3
:106F10000546ECE76B1C03D14A223E494048ECE7AA
:106F2000C5F384334FF44032C5F3C045A4F8646020
:106F300084F86630002384F867506365E360A382B9
:106F4000237784F83830C4E9012304222261012226
:106F5000A2614FF48052C4E90833C4E90C23C4E9A8
:106F60000A33FFF783FF23682E4A934213D12E4B37
:106F7000D3F8D82042F02002C3F8D820D3F8D83074
:106F800003F020030093009B2046F8F7F3FF20B3A3
:106F90002648F5F7EFF9264A934210D0254A934246
:106FA000F2D1214BD3F8E02042F08072C3F8E02008
:106FB000D3F8E03003F080730293029BE4E71A4BAE
:106FC000D3F8D82042F02002C3F8D820D3F8D83024
:106FD00003F020030193019BD6E72268114B9A42EC
:106FE00009D1039003A9CDE904002046F9F71EF961
:106FF00008B11148CDE794F8671031B10F4A00216C
:107000002046F9F7C3F806B070BD40F2FF72F7E70B
:10701000C46D060810780608227806086470060811
:107020004C780608002002400044025865780608A3
:107030000021024000600258807806080000FF47E7
:1070400030B589B004461C22002101A807F090F851
:10705000FFF70CFF0622052394F8670040F2FF714A
:10706000CDE902230022434B904208BF0B46069213
:10707000ADF81C20049304230593B4F96430F12B7C
:1070800010D0F22B10D0F02B10D13B4B01930723E3
:10709000039301A92046F8F783FB00283FD0374827
:1070A000F5F768F9364BF1E7364BEFE794F86630C1
:1070B000132B5BD8DFE803F00A0D0F111315171916
:1070C0001B1D1F21232527292B2D2F310123019340
:1070D000DFE72D4BFBE72D4BF9E72D4BF7E72D4B6A
:1070E000F5E72D4BF3E72D4BF1E72D4BEFE72D4B5C
:1070F000EDE72D4BEBE72D4BE9E72D4BE7E72D4B6C
:10710000E5E72D4BE3E72D4BE1E72D4BDFE72D4B7B
:10711000DDE72D4BDBE72D4BD9E72D4BD7E720469D
:10712000F8F7C0FD054608B12A48B9E70A2120460C
:10713000F8F79EFA18B92046F8F72EFB85B22268B8
:10714000254B9A4210D0254803F5407324498242CA
:1071500018BF0B469A68204622F0E0729A60F8F752
:1071600053FE20B11F489BE71F4BF3E7002528463D
:1071700009B030BD0000FF47000084CBAE780608A0
:107180000000B8CF000052C70200300404006008BD
:107190000800900C1000C0102000F01440002019CE
:1071A0008000501D000180210002B0250004002A4B
:1071B0000008302E00106032002090360040C03AA7
:1071C0000080F03E00002143000052470000844B45
:1071D0000000B84FCA780608002002400021024093
:1071E00000630258DE780608002302401FB5204BDA
:1071F00020F400629A421F4B02D01F4A90421CD1D9
:107200005B6D03F44053B3F5005F2FD006D853B144
:10721000B3F5805F0CD01948F5F7ACF8B3F5405FD3
:10722000F9D1174801E0FCF79FFF05B05DF804FBBA
:1072300001A8FDF7DFFE0398F7E7124A904213D149
:107240009B6D03F44073B3F5007F0FD005D843B1B5
:10725000B3F5807FECD00C48DEE7B3F5407FE0D09B
:10726000F9E7FDF70DFEE0E70848D5E70848DCE759
:10727000005400400044025800580040F1780608CD
:1072800000093D00001C00580E79060829790608FF
:107290000090D00370B502F0A9FD041E32DB1A4E37
:1072A00056F8240000282DD09023184D6343EB5846
:1072B000DA69110609D5DA69120606D51B681B06BC
:1072C00003D5134B01211B68984790236343EB5868
:1072D000DA6991060BD5DA69920608D51B6898061B
:1072E00005D50B4B002156F824001B6898479020C9
:1072F00044432B59DA69110704D5DA69120701D51D
:1073000008221A6270BD00BF544A002408F4002409
:10731000504A00240148FFF7BDBF00BF000C0058D1
:107320000148FFF7B7BF00BF007C00400148FFF7EE
:10733000B1BF00BF007800400148FFF7ABBF00BFFE
:10734000001401400148FFF7A5BF00BF00500040F6
:107350000148FFF79FBF00BF004C00400148FFF706
:1073600099BF00BF004800400148FFF793BF00BF2E
:10737000004400400148FFF78DBF00BF00100140EE
:10738000034B19604168034B43F82120704700BF4D
:10739000504A0024544A002430B5D0E900353F4813
:1073A000834253D031D8A0F53050834248D026D8FC
:1073B000A0F5006083423DD000F5806083423CD060
:1073C0000020034690246C43354D2C59002A46D0AA
:1073D0002268002940D142F02002226003F110010E
:1073E000304A926842F82100BFF34F8F590903F0E9
:1073F0001F02012393402C4A42F8213030BD2B4814
:107400008342DDD12A483523DCE72A4883421AD05B
:107410000AD8A0F5184083421BD000F514408342DF
:10742000CED125482523CDE724488342C8D124481E
:107430008E23C7E723482623C4E723482723C1E731
:1074400022483423BEE722484723BBE72148522382
:10745000B8E721485323B5E742F08002BDE7226830
:10746000A1B922F020022260226812F0800FC5D15B
:1074700003F01F015A09012320328B400A4941F8C9
:107480002230BFF34F8FBFF36F8FB7E722F0800238
:107490002260226812F0200FE9E700BF0078004068
:1074A00008F4002400ED00E000E100E0005000409E
:1074B000457305080014014075730508000C005859
:1074C00015730508697305085D7305085173050890
:1074D000397305082D73050821730508F8B546684A
:1074E0009023174C054603FB06439A68B2F5805F6C
:1074F00015D11A69B2B940F2FF12A3F860209022A8
:1075000002FB0642B2F86070284602F05DFB0028DC
:10751000FAD090237343E358586A3840F8BD1AB93B
:107520001A6932B9FF22E8E7B2F1805F05D11A6922
:107530000AB97F22E1E73F22DFE70022DDE700BF53
:1075400008F4002470B505460C464668284602F04B
:107550004BFB0028FAD09023034AC4F3080473437A
:10756000D3589C6270BD00BF08F400242DE9F84395
:107570001E4604460F4610462F491546F3F7A6FB54
:1075800081462E493046F3F7A1FB216880464846E4
:10759000F3F778FB013005D140F2ED222849294864
:1075A000F4F786FC21684046F3F76CFB0130F3D01A
:1075B0002FB9E7612046BDE8F84302F021BB012F57
:1075C00009D0022F16D0032FF4D1B9F1FF3F22D1F9
:1075D00040F2073204E0B9F1FF3F04D140F2F72254
:1075E00017491948DCE74FF480732584E361124999
:1075F00028460DE0B8F1FF3F04D140F2FF221049C8
:107600001248CDE74FF400730C4930466684E361BD
:10761000F3F714FBCEE7B8F1FF3F02D14FF442720B
:10762000EDE74FF44073054930462584E3616684F5
:10763000F3F704FBDBE700BF88730608D472060883
:107640006B790608D27B06087B79060894790608D0
:107650007047704701207047012303727047002371
:107660000372704700487047C07A06084020704790
:107670000368802110B504469B6D9847002123685C
:1076800020469B6DBDE81040184710B5044640F2F7
:107690002441F5F76BFB204610BD10B50446302A97
:1076A000084604F5787428BF3022214606F062FCB3
:1076B000204630220021BDE8104006F059BD0021CF
:1076C0001C3000F8131CFBF710BD4A0002F01E022C
:1076D00042EAD11303445A7A012A04D100221C3011
:1076E0005A72FBF702BD00207047000043090122D7
:1076F00000F01F00203302FA00F0044A42F8230091
:10770000BFF34F8FBFF36F8F704700BF00E100E002
:1077100010B5046E944205D24FF41572064907481D
:10772000F4F7C6FB03689C6E13460A468021A44604
:10773000BDE81040604700BFCA790608DB7906083B
:1077400008B51C30FBF77EFC28B140F275220249D7
:107750000248F4F7ADFB08BDCA790608FB790608B4
:1077600008B51C30FBF76EFC28B14FF42B720249B0
:107770000248F4F79DFB08BDCA790608FB790608A4
:1077800008B51C30FBF712FC28B14FF40572024912
:107790000248F4F78DFB08BDCA790608FB79060894
:1077A000402A00F11C0008B54FF0020300F8133C1A
:1077B000134628BF40230A460021FBF772FC02282B
:1077C00005D14FF4127202490248F4F771FB08BD6B
:1077D000CA790608097A06081C3008B5FBF761FC6F
:1077E000022805D140F28A2202490348F4F760FBDF
:1077F000012008BDCA790608097A06081C3008B5B8
:10780000FBF79BFC022805D14FF41F720249034885
:10781000F4F74EFB08BD00BFCA790608097A0608CE
:107820001C3008B5FBF7C1FC022805D140F28322C9
:1078300002490348F4F73CFB08BD00BFCA790608BB
:10784000097A060838B54D0005F01E0545EAD11441
:10785000022504441C306572FBF74FFCA84205D199
:107860004FF4287203490448F4F722FBB0FA80F081
:10787000400938BDCA790608097A060808B51C30DF
:10788000FBF77EF828B14FF4F77205490548F4F785
:107890000FFB42F21070BDE80840F5F7B3BB00BF24
:1078A000CA790608FB79060810B5044654F81C0F7F
:1078B000FEF78BFF42F21070F5F7A4FB2046FBF7B2
:1078C0007EF828B14FF4FD7202490348F4F7F0FA4C
:1078D00010BD00BFCA790608FB7906080C4B10B52D
:1078E000DB78012B0B4B186814BF65244D241C302A
:1078F000FBF78CF804F00D0301229A4063099B000A
:1079000003F1604303F56143C3F880211A6010BDA1
:1079100000F00108844A0024084B10B5DB78012BE5
:1079200014BF65204D20FFF7E1FE054B1B6858682A
:107930000368BDE81040DB6A184700BF00F001088B
:10794000844A002410B504461C30FBF704F828B123
:107950004FF4E57209490A48F4F7AAFA094BDB78B3
:10796000012B14BF65204D20FFF7C0FE63680BB1EB
:10797000F4F78AFE0023636010BD00BFCA790608D1
:10798000FB79060800F001087C4BF0B5DB78044673
:1079900087B00D46012B14BF65264D263046FFF7F4
:1079A000A5FE63680BB9F4F759FE65600025102247
:1079B00004F109002946257206F0DAFB3022294637
:1079C00004F1240006F0D4FB082323624023236340
:1079D0006A4BDB78012B2DD1A364694AE5622565EA
:1079E000A562E261674DC4E90D33674BD3F8D82037
:1079F00042F00072C3F8D820D3F8D82002F0007209
:107A00000192019AD3F8D82042F08062C3F8D820BE
:107A1000D3F8D82002F080620292029AD3F80021B3
:107A200042F00072C3F80021D3F8002142F08062D6
:107A3000C3F80021514BDB78032B24D1504B01229A
:107A4000504DE3610223C4E90D32A3620023E362D7
:107A5000A36423654C4BD3F8D82042F00072C3F8DE
:107A6000D820D3F8D82002F000720392039AD3F8FA
:107A7000002122F08062C3F80021D3F8002122F017
:107A80008052C3F800213D4BDB78022B19D13F4ACD
:107A90006363A362E26101223B4BA263D3F8D82067
:107AA0003B4D42F00062C3F8D820D3F8D82002F052
:107AB00000620492049AD3F8002122F08052C3F8A5
:107AC0000021344B0C351C6035F90C0C0C35431C73
:107AD00004D055F8101C01F097FBF5E72A4B04F190
:107AE0001C07D3F8F420384642F00202C3F8F42011
:107AF000D3F8F430C4F8204403F002030593059B47
:107B0000002384F8D933FAF79CFE054628B14FF4D8
:107B1000C27221492148F4F7CBF9E069FEF782FAF5
:107B20001F4C3846FAF72CFF40F20D213846FBF780
:107B3000ABFB54F8042BE9B2013538460432C2F3EA
:107B40008F02FBF781FB062DF3D1164B06F11002D5
:107B500015499B6843F82210BFF34F8F134A102139
:107B6000931983F800130123710906F00D0603FA37
:107B700006F642F8216007B0F0BD00BF00F0010832
:107B8000000004400C77060800440258000008403A
:107B9000E8760608844A0024CA790608FB790608B4
:107BA0002C7A060800ED00E01979050800E100E0F4
:107BB000036819B9986A000C800070473F3103EBE5
:107BC00081014868F7E7000037B50C4600F11C0555
:107BD00021060ED504F07F0128460193FFF7E8FF48
:107BE0009042019B05D240F269220A490A48F4F703
:107BF0005FF992B221462846FBF7ECF9022804D13E
:107C000040F26E2203490548F1E7B0FA80F04009DE
:107C100003B030BDCA790608197A0608097A060841
:107C2000D0F804341A7A4AB15A6803681046D3F877
:107C300008181368C1F30D211B6A184770474B00E1
:107C4000D0F8040403F01E0343EAD11310B4034434
:107C500001245C724068036819B15B6A5DF8044BEB
:107C600018471B695DF8044B184741F08002D0F8B3
:107C70000404530003F01E0343F0010310B4034453
:107C800001245C724068036821B19B6A11465DF86B
:107C9000044B18475B695DF8044B1847D0F804346F
:107CA00058680368DB681847D0F804340121586825
:107CB0000368DB691847D0F804340021586803686A
:107CC000DB69184770472DE9F341D0F804540026CA
:107CD00004462F46B046C6F3470187F80980204680
:107CE00002370191FBF7AEF901992046FBF793FAB1
:107CF000711C87F808802046C1F34701023641F025
:107D000080010191FBF79EF901992046FBF783FA68
:107D1000102EE0D12B684022802128461C6D0023C4
:107D2000A0472B68402228461C6D00231946A04717
:107D3000686803689B6802B0BDE8F041184700001E
:107D400070B50D4E3478BFF35B8F14F0010410D181
:107D50003046F4F795FD60B1084D3046084B2C7263
:107D6000C5E90034F4F7AEFD064A07492846F4F7A2
:107D700077FD024870BD00BF804A0024884A002475
:107D80004C7A06080000002453760508FFF758B91E
:107D9000436D70B59E0504460D460FD5036D9805DD
:107DA0000CD54FF400730022012123652A4B1A6180
:107DB0002A4B2B4A1B6852F825009847636DD90758
:107DC0000DD5236DDA070AD501230021244A236546
:107DD000214B52F825001961204B1B689847636DB1
:107DE000DB010FD5236DDE010CD54FF0807300222F
:107DF00002212365184B1A61184B194A1B6852F867
:107E000025009847636D18020FD5236D19020CD514
:107E10004FF400030022052123650F4B1A610F4B1D
:107E20000F4A1B6852F825009847636D9A0111D5D7
:107E3000236D9B010ED54FF00073002207212365AF
:107E4000054B1A61054B064A1B6852F82500BDE830
:107E50007040184770BD00BF00A80040B44E002419
:107E6000AC4E002400210148FFF792BF00A0004063
:107E7000FFF7F8BF01210148FFF78ABF00A40040C7
:107E8000FFF7F8BF00B5564B8DB00A2800F2A4806A
:107E9000DFE800F006162432404E5C6A78869400D3
:107EA000D3F8E0204F4842F00102C3F8E020D3F8B5
:107EB000E03003F001030193019B0DB05DF804FB7A
:107EC000D3F8E020484842F00202C3F8E020D3F89B
:107ED000E03003F002030293029BEEE7D3F8E020C8
:107EE000424842F00402C3F8E020D3F8E03003F047
:107EF00004030393039BE0E7D3F8E0203C4842F0FF
:107F00000802C3F8E020D3F8E03003F0080304933C
:107F1000049BD2E7D3F8E020364842F01002C3F8C1
:107F2000E020D3F8E03003F010030593059BC4E78D
:107F3000D3F8E020304842F02002C3F8E020D3F824
:107F4000E03003F020030693069BB6E7D3F8E02069
:107F50002A4842F04002C3F8E020D3F8E03003F0B2
:107F600040030793079BA8E7D3F8E020244842F09A
:107F70008002C3F8E020D3F8E03003F080030893D8
:107F8000089B9AE7D3F8E0201E4842F48072C3F8B9
:107F9000E020D3F8E03003F480730993099B8CE769
:107FA000D3F8E020184842F40072C3F8E020D3F878
:107FB000E03003F400730A930A9B7EE7D3F8E020D5
:107FC000124842F48062C3F8E020D3F8E03003F4B2
:107FD00080630B930B9B70E70D48F4F7CBF900BF60
:107FE00000440258000002580004025800080258D9
:107FF000000C0258001002580014025800180258D1
:10800000001C025800200258002402580028025880
:10801000047B0608431C10B5044604D177220649A8
:108020000648F3F745FF4FF4707104F00F0401F0B8
:10803000EBF80120A04010BD427B06084D7B0608EE
:108040004B1C70B504460E46018216D0C1F30310D6
:10805000FFF718FF05463046FFF7DCFF238A074A83
:1080600003F00F036561206052F82330A36105F12E
:10807000100318356360C4E9025570BD247D0608FD
:10808000B0F9100001F078B910B50C4B0C4CD4F8D5
:1080900094209A42FBD1D0E90542524302EB4203BD
:1080A000DB4339B92268134023604FF44072044B1C
:1080B0005A6110BD21680B401343F5E700030080AF
:1080C0000064025808B502F0BFF9002008BD0000A6
:1080D00010B5F3F7E5FF134B1348144A596A1468B7
:1080E000038811601B1B0B440146B3F5803F16D378
:1080F0004FF47A71B3FBF1F201FB1233038006E017
:108100000132A3F57A73B3F57A7FF9D20B80084C6C
:1081100023681A442260F3F7D9FF206810BD0022BB
:10812000F1E700BF000C0040B84E0024BC4E002414
:10813000C04E0024054B07B5D8680190F9F76CFDD7
:10814000019803B05DF804EBFAF759BAC858002457
:10815000054B07B598680190F9F75EFD019803B0EB
:108160005DF804EBFAF74BBAC8580024054B07B585
:1081700058680190F9F750FD019803B05DF804EBE1
:10818000FAF73DBAC8580024054B07B518680190A6
:10819000F9F742FD019803B05DF804EBFAF72FBA46
:1081A000C858002490F86030022B03D090F860305B
:1081B000032B0DD14268536823F0FF7323F48033FF
:1081C000536041F201139169490601D4013BFAD190
:1081D0007047000070B5B0F95C30254C03F1100613
:1081E000B0F95E20A56845F82610BFF34F8FA5684B
:1081F00002F1100645F82610BFF34F8F90F8681073
:10820000002914BF10212021002B19DB03F160404D
:1082100000F5614080F80013002A17DB02F160408E
:10822000002B00F5614080F8001315DA0123510995
:1082300002F01F0203FA02F20E4B43F8212070BD38
:1082400003F00F00043804442176E5E702F00F0440
:108250000948002B0155F2DB580903F01F010123E7
:108260008B40044941F82030002ADFDAE7E700BFFD
:1082700000ED00E000E100E014ED00E010B5B0F921
:108280005E40B0F95C00F8F7ABF82046BDE810405E
:10829000F8F7A6B890F85030011D032B0ED8DFE890
:1082A00003F00207090B0648064A42F823107047FC
:1082B0000548F9E70548F7E70548F5E70020F3E743
:1082C00089810508C85800246D8105085181050879
:1082D000358105082C4A416D12680368B2FBF1F143
:1082E000142243604A439969090401D5013AFAD13D
:1082F0002648274AD0F88C109142FBD1254A934258
:1083000011D1254BD3F8902042F40012C3F89020ED
:10831000D3F8902022F40012C3F890201B4B4FF4A6
:108320004072DA6070471D4A934214D002F58062B1
:1083300093421CD01A4A9342F0D1174BD3F89C2099
:1083400042F08002C3F89C20D3F89C2022F08002E7
:10835000C3F89C20E2E7104BD3F8902042F480024F
:10836000C3F89020D3F8902022F48002D4E70A4B7F
:10837000D3F8902042F40002C3F89020D3F8902064
:1083800022F40002C8E700BF800E002400640258F7
:108390000003008000540040004402580058004090
:1083A000001C005813B590F85C300446072B25D10B
:1083B000D0F88C3090F874208BB1002A9BB214BF97
:1083C0004FF0007200220092D0F88820B0F87010B0
:1083D000F9F75CFB062384F85C3002B010BD90F81E
:1083E0005D3043F0080380F85D302AB990F85D30C5
:1083F0005B0701D40123EEE70023ECE790F85D3042
:1084000043F0080380F85D30E7E790F85C30062B16
:1084100009D190F874306BB990F85D305B0709D4DE
:10842000012380F85C3090F85D3043F0080380F859
:108430005D3070470023F4E738B5051D0446C2607F
:108440002846F9F780FA2046FFF724FF0146204628
:10845000FFF7C0FE2846BDE83840F9F7C9BB01293F
:1084600002D180F86510704711B9012380F8663099
:108470007047002380F86530704710B490F864208E
:108480000346022A19D1B0F86E20013292B2A0F848
:108490006E20B0F86E10B0F86C2089B292B29142A2
:1084A0000BD2B0F86E404FF08073816E012211FA4A
:1084B00084F15DF8044BF9F73BBB002283F866209A
:1084C0005DF8044B704790F86430022B02D1002312
:1084D00080F86630F9F78CBB10B5044650F80429D3
:1084E000136823F0FE031360FFF7C8FE022384F82D
:1084F0005D3010BD2DE9F04F444C8DB0444A4FF033
:10850000000C04EB5003434D4FF0FF3BB3FBF0F086
:108510002C2359435318525804EB5201B1FBF2FA81
:1085200059689A6ACDF804A04243B4FBF1F107916F
:108530009968B4FBF1F1089137490968059102EB9C
:108540004001C2F1FF22323102F57F020291CE32A8
:108550000B92059A624503D158460DB0BDE8F08FE5
:1085600099694FF0000E2A68049102FB00020299FB
:1085700011440E4603910299AAEB0101891A0A914E
:108580000499CDF824E00EF1010EB14235D20B99D9
:108590003144B0EB910F30D20A9F4FF00008D3E97D
:1085A00008410C44A1190091009C0399A7EB040910
:1085B0002144089FCDF8188008F101088F4216D891
:1085C000079F8F4213D3009C0F1BDC69BC420ED85F
:1085D000B8420CD2B1EB0A07019C48BF4F46A742F4
:1085E00005D2099CE34601972C61069CEC60B8F526
:1085F000807F1144A9EB0209DBD1BEF5807F1644D0
:10860000BED10CF1010C1435A3E700BF00CA9A3BA0
:10861000F07B0608C44E0024C4580024304B2C22A2
:1086200003EB5003B3FBF0F02E4B02FB01312DE9BD
:10863000F04F4A6A85B08B6A4FF01008CC684FF053
:10864000140A0E6A033314440A694343DFF89C900A
:10865000323C921BE41AA2F582720344D31A4A698F
:108660000146B21823EAE37B1F4B029224EAE4722C
:1086700001921A6800239E468C460025029C0395B1
:10868000013564451ED800242746019EA64215D810
:10869000A34513D3984511D00AFB02F80132039E7B
:1086A00009EB080E7F2A49F80830CEE9016702D9A4
:1086B0000D4B1A6010E098464FF0010E01370C4444
:1086C000102FE2D1102D8C44D8D101330144102B4E
:1086D000D2D1BEF1000FEBD105B0BDE8F08F00BFE5
:1086E00000CA9A3BF07B0608C4580024C44E0024FC
:1086F00013B5214B00241C6010B9002002B010BD3E
:108700000029FAD0A1F59C3349F64042803B9342C0
:108710000ED9A1F59C23194AA3F50073934228D9D9
:10872000A1F54321164BA1F5A0619942E5D8022499
:1087300021460190FFF772FF21460198FFF7DAFE0C
:108740007F28DAD814230F4958430A180B58107C95
:1087500040EA037053681B0503F4700318439368E1
:108760001B0403F470231843D3681B029BB2184305
:10877000C4E70124DCE700BFC458002400710200F4
:10878000801A0600C44E002470B50C4616461D46DD
:10879000FEF72CFD0CB1AE4217D00F4B98420ED114
:1087A0000E4B9D4210D00E4B9D4210D00D4B9D4262
:1087B0000FD040F69C020C490C48F3F779FB294690
:1087C000BDE87040FFF794BF094C204670BD094CCE
:1087D000FBE7094CF9E700BF000E2707801A0600E7
:1087E00040420F00A08601007D7B0608877B0608BB
:1087F0003414C1203615C3007656E140414B426D1A
:108800001B68B3FBF2F2142370B5534304460D46C4
:10881000061D42689169090401D5013BFAD13A4B22
:108820009D421BD12268394B9A4202D10120F9F7AF
:1088300047FF2268364B9A4202D10220F9F740FFE7
:108840002268344B9A4202D10420F9F739FF22689A
:10885000314B9A4202D10820F9F732FF2F49304BB1
:10886000D1F88C209A42FBD12368284A934205D143
:108870002C4A536D23F44053536509E0244A934234
:10888000F6D002F580629342F2D0234A934216D08A
:10889000224B4FF4407200213046DA60F9F7EAFECD
:1088A000214B9D4211D0214B9D420ED0164B9D4233
:1088B0000BD040F2D5221E491E48F3F7F9FA194AA7
:1088C000936D23F440739365E2E72B46626EA168D3
:1088D0002068FFF759FFA06020B940F2DE2214495A
:1088E0001548EAE70023012230466566E360C4E9E3
:1088F0000423C4E90833C4E90633F9F724F86565AD
:1089000070BD00BF800E002440420F0000540040A4
:1089100000580040005C0040001C005800640258F1
:108920000003008000440258A0860100801A06005F
:108930007D7B0608877B0608BB7B06081FB50023E6
:1089400004464366836079B18B88A0F858308B89E0
:10895000A0F85A300B680360013305D14FF4DA7286
:1089600044494548F3F7A4FA2368444A934212D194
:10897000002384F85030424BD3F8E82042F4001230
:10898000C3F8E820D3F8E83003F400130093009B09
:108990003C4BE36509E03C4A934234D002F58062E7
:1089A000934242D0394A934251D03949B4F95800E0
:1089B000F2F744F93749B4F95A00F2F73FF90421C4
:1089C000B4F9580000F0D8FC0421B4F95A0000F0C2
:1089D000D3FC636D0BB9304B63652046FFF77AFC1F
:1089E000616D2046FFF70AFF636D6366002384F81C
:1089F000693084F8683084F86A3084F8613084F82B
:108A0000603004B010BD012384F850301C4BD3F803
:108A1000E82042F48002C3F8E820D3F8E83003F4F9
:108A200080030193019B1D4BB3E7022384F8503070
:108A3000134BD3F8E82042F40002C3F8E820D3F83F
:108A4000E83003F400030293029B154BA1E70323D4
:108A500084F850300A4BD3F8F42042F08002C3F877
:108A6000F420D3F8F43003F080030393039B0D4B01
:108A70008FE700BF7D7B0608D47B060800540040CA
:108A8000004402581F00200000580040001C0058FD
:108A90003071060894700608A086010021002200AB
:108AA000480049005F0060002DE9F0470D46DFF8FF
:108AB00064A086B0144606465146DFF85C9028460E
:108AC000F2F704F9074649462046F2F7FFF8014657
:108AD0003846F2F7D7F8514680462846F2F70CF9A7
:108AE000494607462046F2F707F99C2205900021E7
:108AF0003046CDF80480ADF808500397ADF810402B
:108B000005F036FB01A93046FFF718FF06B0BDE8B7
:108B1000F08700BF30710608947006082DE9FF4702
:108B20001D4690F8603004460F46032B0C9E00F162
:108B30000409039253D8FFF735FB4FF00008002ECD
:108B400080F8618014BF4FF42A4A4FF0AA0AFFF759
:108B5000A1FB01462046FFF73DFB039AABB2484616
:108B6000B9B2CDF800A0F8F73FFF98BB052384F811
:108B700060301C4B1F68636DB7FBF3F705FB077391
:108B80001E275F4394F8613013F01E0F01D1013F9F
:108B900016D12046FFF772FB1FB194F86130082B05
:108BA00012D00021204694F861304FF0FF35FFF7D6
:108BB000C5FE002384F86030284604B0BDE8F08785
:108BC0000120F4F71FFADDE7B6FA86F35B0984F8B3
:108BD0006030F1E76FF0010584F86080ECE76FF03A
:108BE0000205E9E7800E002473B590F8646004463E
:108BF00006B18668636C626C13F0040318BF14231B
:108C0000042ADDB206D1002384F85C3084F85D507C
:108C100002B070BD201F00210190FFF78FFE019868
:108C20003EB10223324684F8643000231946FFF730
:108C300003FC45F0020384F85D30E9E7044B054A84
:108C40001878054B002814BF10461846704700BF1F
:108C5000880E0024C47C0608CC7C0608024BD86928
:108C6000DA698242FBD17047002C005808B5F3F74F
:108C700017FA084B01221A700022074B1A704FF4A2
:108C80008052064BC3F810211A61BDE80840F3F783
:108C90001DBA00BFE1580024E858002400E100E0BC
:108CA00010B5F3F7FDF9134B1A7842B9124A12685E
:108CB00011680907FCD50821516001221A700F4C78
:108CC00023781BB1F3F7E0FC0023237000230C4A48
:108CD00013700C4A13704FF480520B4BC3F8902062
:108CE000BFF34F8FBFF36F8FBDE81040C3F89021E3
:108CF000F3F7ECB9E258002438FA0024EA580024CB
:108D0000E8580024E158002400E100E05D4B70B514
:108D10001C68C4B01CB1FFF7C3FF44B070BD01258F
:108D2000C022214614A8584E1D6005F021FA4C229D
:108D3000214601A805F01CFA337833B304230A94C2
:108D4000019305230393802314934FF4C0433C9372
:108D50004E494F4BD1F88C209A42FBD101A8FAF72B
:108D600087FDD8B10023082201A833700A9380231D
:108D70000192012214934FF4004306923C93FAF7B8
:108D800077FD58B14348F3F7F5FA08220A93802398
:108D90000695019214934FF40043D8E714A8FBF70B
:108DA0009DFB054608B13C48EDE73C4B4FF4803154
:108DB00034203B4CD3F8F4204FF6FF7642F40062A7
:108DC000C3F8F420D3F8F42002F400620092009A71
:108DD000D3F89C2042F40062C3F89C20D3F89C2076
:108DE00022F40062C3F89C20D3F8A82042F4006269
:108DF000C3F8A8200122F6F7D3FB2A464FF48031AE
:108E00003420F6F7F6FB214B4FF440722046DA602F
:108E1000A3F50E3384F8365023604FF48023E561C8
:108E20002563C4E90155C4E90355C4E90855C4E9FB
:108E30000A55C4E90563F9F775FC054608B11948F8
:108E4000A1E7194B194A9B68C3F87022BFF34F8FF3
:108E50002368314620469A6842F001029A609A6877
:108E600042F008029A60F9F7C3FC236808225A60AE
:108E70005D611A681207FCD508225A6001220C4B6A
:108E80001A704AE7DC580024880E00240064025857
:108E900000030080747C06088D7C0608004402589C
:108EA00038FA0024AE7C060800ED00E0C58F050806
:108EB000E258002408B5FFF7F3FE0023034A1360CD
:108EC000034A1370BDE80840FFF720BFDC580024B8
:108ED000880E002408B5F3F7E3F8064B01221B685F
:108EE0005A604FF48052044BC3F89021BDE808400B
:108EF000F3F7ECB838FA002400E100E070B504465E
:108F0000F3F7CEF8FFF7AAFE264B05461C60264A6B
:108F10004FF480511161254E18463178F1B9611F27
:108F20004FF6F572914222490FD94FF6FA729542E7
:108F30000BD906340122A4B20A701C601D4B012219
:108F40001A70BDE87040F3F7C1B800220A700368D8
:108F5000AB42194B28BF01221A70EFE7FFF7BAFFA7
:108F600000235A19013392B2A24204BF0534A4B2BD
:108F7000052BF6D1114BAC421B6811D24FF6FA7299
:108F800095420DD84FF0FF325A6100230C4C3370DC
:108F90002378002BD5D1F3F761FB01232370D0E7B1
:108FA0005C61F2E7E458002400E100E0E2580024AC
:108FB000E9580024E8580024E058002438FA002436
:108FC000EA58002470B5F3F76BF82C4B2C4C1A7848
:108FD00032B100221A70012223685A60F1F724FE90
:108FE00023681A68D50706D59A68D00703D50122E9
:108FF0005A60F1F719FE23681A68110724D59A6898
:10900000120721D508221F4C5A6001221E4B1A70EC
:1090100023781BB1F3F738FB002323701B4C237814
:1090200093B11B4D1B492B7803F0FF06B3B1FFF73B
:1090300015FE06300B6880B2984209D3FFF716FE82
:1090400000232B7000232370BDE87040F3F73EB877
:109050000868063880B2FFF751FFF1E70E4D2B7814
:1090600043B1FFF7FBFD0B68984203D3FFF7FEFD0A
:109070002E70E7E70868FFF741FFE3E7E1580024B7
:1090800038FA0024EA580024E2580024E858002462
:10909000E9580024E4580024E0580024FFF700BEFB
:1090A00070470000384B5A6973B5910315D45A695B
:1090B00012F4003211D1BFF34F8FBFF36F8FC3F89B
:1090C0005022BFF34F8FBFF36F8F5A6942F40032C3
:1090D0005A61BFF34F8FBFF36F8F2B4B5A69D20387
:1090E00027D45A6912F4803223D1C3F88420BFF305
:1090F0004F8FD3F8802043F6E074C2F3C900C2F367
:109100004E32520102EA0406014646EA81750139EF
:10911000C3F86052F9D2203A12F1200FF2D1BFF316
:109120004F8F5A6942F480325A61BFF34F8FBFF3B9
:109130006F8F164CD4F8E03043F00073C4F8E03081
:10914000D4F8E03003F000730193019BFDF724FC99
:10915000F6F7BCF9236F9B0707D4FAF7ADF8F6F7DB
:10916000F5F9236F23F0180323671620FAF7BAF8EE
:10917000FDF746FEFDF710FCFFF792FF044B0122BE
:109180001A6002B070BD00BF00ED00E0004402585C
:10919000EC58002452B101F00301064B0329596831
:1091A00005D0000503D521EA02025A6070470A4340
:1091B000FBE700BF0004005830B5114B114DD5F846
:1091C00094409C42FBD14943012A01EB41034FEA01
:1091D00041046FEA030304D0022A0BD0C1680B409C
:1091E0000BE0C26813401943C160064B4FF4407254
:1091F0005A6130BDC1680B402343C360F5E700BF2F
:1092000000030080006402582DE9F843461C05461F
:109210000C4600F090801FFA80F9514A40F400613A
:10922000B2F90030581C29D100264E4B09F00F022C
:10923000C5F3031053F82270FEF724FE4A494B4B46
:10924000D1F894209A42FBD1C4F3831107FB07F2B3
:109250000F2902EB42036FEA030C24D181680B4310
:109260004FF4407E04F0070183603F4BC3F814E0E5
:1092700003296FD8DFE801F03A3A1C3A43F400635F
:109280008B420ED104F003035668032BCDD119F4A1
:10929000006FCAD0324621462846BDE8F843FFF7A2
:1092A00079BF0832BCE7836851430CEA0303D6E771
:1092B000DFF8B8E0D3F89480F045FBD119F0080F3F
:1092C000C4F3832839D03B0AD0F824E05B435B43E6
:1092D000C3EB031903FB08F32EEA090E4EEA03035E
:1092E0004362214B4FF4407EC3F814E0DFF87880EE
:1092F0001E4BD8F894E09E45FBD103684A430139E0
:109300000CEA030C01294CEA0202026005D843680A
:1093100022074CBF3B43BB434360C4F301123946B1
:10932000FFF74AFF324621462846FFF733FF0E4B30
:109330004FF440725A61BDE8F88302FB02F9036AF8
:10934000C9EB091E23EA0E0E09FB08F34EEA0303DC
:109350000362C6E7D52206490648F2F7A9FD00BF19
:10936000FC7C0608247D0608006402580003008087
:10937000F17C0608D27B060838B5431C0C4629D080
:1093800000F00F021D4BC0F3031053F82250FEF7FC
:1093900079FD1B491B4BD1F894209A42FBD105FB68
:1093A00005F2016802EB42030B40B3FBF2F3013B11
:1093B000012B19D8E31E022B43680CD82B43032C36
:1093C000436019D101222946FFF7F6FE0C4B4FF4FA
:1093D00040725A6138BD23EA0503012C4360F1D085
:1093E000022C07D00022EEE704F0FD03012BE9D0A8
:1093F000052CF5D10222E6E7052CF2E7247D0608CC
:109400000064025800030080F8B5037890F801C0AA
:10941000012B057F0279077B866844792ED0022BC9
:109420002FD0002B30D14FF480738B610023C1F813
:1094300000C04D614B63C1E90B333FB3CB61CB60DF
:10944000037C012B45D0022B48D0002B4BD14FF48D
:1094500080430B620123027E002A47D000230B6267
:109460000B61437F012B6AD0022B6BD0002B6CD198
:109470004FF0807300204B628862F8BD4FF4007398
:10948000D3E74FF44073D0E70023CEE7012A4E60C4
:109490000BD0022A0CD072B94FF48063CB61032C3D
:1094A00009D8DFE804F00B0D10134FF40063F5E763
:1094B0004FF44063F2E72748F2F75CFF0023BEE772
:1094C0004FF48053BBE74FF40053B8E74FF44053D9
:1094D000B5E74FF400430B620223BCE74FF440436F
:1094E0000B620423B7E700230B62B4E77BB3427C33
:1094F000B2FBF3F403FB142414F0FF0F27D1561E24
:10950000F610741C042C22DCC2EBC40212F0FF0221
:1095100010D0B2FBF3F39D4219D3EB1A4B614369B0
:1095200003FA02F28A60032E07D82404A4F58034DB
:109530000C6196E743698B60F5E70748BCE74FF09D
:10954000007397E74FF0407394E7002392E74FF0E2
:10955000FF3092E7647D06088D7D060810B504464D
:10956000FAF779F800283DD12049214BD1F88C2019
:109570009A42FBD11F4BB4F95000DA6F42F480429B
:10958000DA67DA6F22F48042DA674FF44072CA6019
:1095900040F2C331D3F8D42022F48042C3F8D4205F
:1095A000FFF732FE40F2C331B4F95200FFF72CFE50
:1095B00040F2C331B4F95400FFF726FE40F2C33144
:1095C000B4F95600FFF720FE40F2C331B4F9580059
:1095D000FFF71AFEB4F95A0040F2C331FFF714FE48
:1095E000002010BD4FF0FF30FBE700BF00640258C1
:1095F000000300800044025870B50D460646FAF795
:1096000091FDB0FBF5F4FF2C10DCFAF78BFDB0FBFD
:10961000F5F101FB150505B9013C30467460F9F719
:10962000CBFF003818BF0120404270BDFF24F4E793
:109630002DE9F04F2DED068B87B01D460F461646DF
:10964000199B04467D4938460AEE903A9DF86830E9
:10965000BDF958A00293BDF95CB0BDF96080F1F787
:1096600035FB774903903046F1F730FB754901909F
:109670002846F1F72BFB744908EE100A5046F1F723
:1096800025FB724908EE900A5846F1F71FFB704916
:1096900009EE100A4046F1F719FB019A039B814637
:1096A00011461846F1F7EEFA18EE901A019018EEEE
:1096B000100AF1F7E7FA4946039019EE100AF1F79C
:1096C000E1FA019B1A46039B9A4240F0B080824225
:1096D00040F0AD8059493846F1F70EFB58490390E8
:1096E0003046F1F709FB574908EE100A2846F1F712
:1096F00003FB554908EE900A5046F1F7FDFA53492D
:1097000009EE100A5846F1F7F7FA514909EE900AA6
:109710004046F1F7F1FA4F4A0AEE100A039BD2F8DD
:10972000D4104D4841F48041C2F8D410D2F8D4107E
:1097300001F48041059105994849D0F88CC08C45C9
:10974000FBD1D16F4FF0000941F48041D167D16F57
:1097500021F48041D1674FF440720121C2600022A0
:109760003846A4F8507084F84120E26084F8402024
:109770004FF0004292FAA2F2B2FA82F2013A22616A
:109780004FF480626261029AB2EB090218BF0122B3
:10979000A261019AC4E9011122601946C4E907993E
:1097A000FFF732FD49463846FFF7E6FD18EE101A7E
:1097B0003046A4F85260FFF727FD49463046FFF7D0
:1097C000DBFD18EE901A2846A4F85450FFF71CFD54
:1097D00049462846FFF7D0FD19EE101A5046A4F866
:1097E00056A0FFF711FD49465046FFF7C5FD19EE9B
:1097F000901A5846A4F858B0FFF706FD4946584657
:10980000FFF7BAFD1AEE101A4046A4F85A80FFF787
:10981000FBFC49464046FFF7AFFD1AEE901A204682
:1098200007B0BDEC068BBDE8F04FFFF7E5BE6FF06B
:10983000010007B0BDEC068BBDE8F08FCC710608C7
:10984000FC7106082C720608507206088072060821
:10985000A472060800440258006402580003008005
:1098600070B58EB004460846154669461E46FFF799
:10987000CBFD90B9336841F28832694620460A939D
:10988000F9F7FAFE58B941F2883229462046F9F72D
:1098900036FF003818BF012040420EB070BD4FF0B7
:1098A000FF30FAE770B58EB00446084615466946A3
:1098B0001E46FFF7A9FD90B9336841F28832694628
:1098C00020460A93F9F7D8FE58B941F28832294662
:1098D0002046F9F76DFF003818BF012040420EB056
:1098E00070BD4FF0FF30FAE72DE9F0418EB005462C
:1098F0000E46DDE9147802B1E3B917B1B8F1000FF3
:1099000016D169463046FFF77FFD044660B9012352
:1099100041F288326946CDE909032846F9F7ACFEE1
:10992000002818BF4FF0FF3420460EB0BDE8F0818C
:1099300072B16BB1009331466B462846FFF790FF3A
:1099400004460028F0D1002FEED0B8F1000FEBD084
:109950006B463A4631462846CDF80080FFF7A2FF15
:109960000446E1E7C069C0F3801070470FB4074BAD
:109970001B6807B5064905AAD868019208F08CF95A
:1099800003B05DF804EB04B0704700BF940E0024F0
:10999000A47D060810B580490446804BD1F88C2080
:1099A0009A42FBD123687E4A934257D17D4AD2F82E
:1099B000981041F01001C2F89810D2F8981021F0D8
:1099C0001001C2F89810D2F8F01021F01001C2F87E
:1099D000F010754A934240F08980724BD3F898207A
:1099E00042F02002C3F89820D3F8982022F02002F9
:1099F000C3F89820D3F8F02022F02002C3F8F0201A
:109A0000654B4FF4407240F2C331B4F91800DA608C
:109A1000FFF7FAFB40F2C331B4F91A00FFF7F4FB89
:109A2000E36923F40073B3F5807F05D140F2C331BD
:109A3000B4F92000FFF7E8FBE36923F48073B3F582
:109A4000007F05D140F2C331B4F92200FFF7DCFBFF
:109A500062680021554B43F8221010BD544A9342CE
:109A60001DD002F5806293422DD0524A934252D0CB
:109A7000514A9342ADD14B4BD3F8902042F480121F
:109A8000C3F89020D3F8902022F48012C3F89020DD
:109A9000D3F8E82022F48012C3F8E820B0E7414A66
:109AA000D2F8901041F40031C2F89010D2F8901022
:109AB00021F40031C2F89010D2F8E81021F40031FE
:109AC000C2F8E81085E7374AD2F8901041F48021B7
:109AD000C2F89010D2F8901021F48021C2F89010B2
:109AE000D2F8E81021F48021C2F8E810334A9342FA
:109AF00024D12C4BD3F8902042F08042C3F8902020
:109B0000D3F8902022F08042C3F89020D3F8E820C8
:109B100022F08042C0E7234AD2F8901041F400219D
:109B2000C2F89010D2F8901021F40021C2F89010E1
:109B3000D2F8E81021F40021C2F8E810204A93423C
:109B400017D0204A93427FF45BAF164BD3F89C208A
:109B500042F00802C3F89C20D3F89C2022F00802AF
:109B6000C3F89C20D3F8F42022F00802C3F8F420B4
:109B700046E70C4BD3F8902042F00042C3F8902007
:109B8000D3F8902022F00042C3F89020D3F8E820C8
:109B900022F0004280E700BF00640258000300800A
:109BA000001001400044025800140140544A0024AF
:109BB00000440040004C004000500040007800404D
:109BC000007C0040000C0058426890235343054A33
:109BD000D358DA69120701D508221A62D869C0F38E
:109BE0004010704708F40024426890235343034A0E
:109BF000D358D869C0F3C010704700BF08F40024E0
:109C000038B54268902301685343204A99509C1804
:109C100082686260B2F5965FC36838BF0725A360AB
:109C20000369E36043692361C369A3614FF00003E3
:109C300028BF1D46A4F85630E361A4F85430A4F8B8
:109C40005E30A4F85C3023626366C4E90953B0F95E
:109C50001A3001330FD1082363610D4B994205D1AE
:109C6000B2F5165F20460DD8FCF7EAF82046BDE8AD
:109C70003840FCF7B5B8B0F9183001330CBF0423F5
:109C80000C23E9E7FCF7ECF8F0E700BF08F4002448
:109C9000000C00580268334B9A4270B50446C4B0B9
:109CA0000D46816054D1BC22002115A8042604F081
:109CB0005FFAB5F5165F14960BDD012314A83993EE
:109CC000FAF70CFC2046FFF79BFF002832D144B086
:109CD00070BD254B196F11F0020113D1482202A863
:109CE00004F046FA0123019603930A931F4E204B7A
:109CF000D6F88C209A42FBD101A8F9F7B9FD4FF4B0
:109D00004073F360184B1B6F9B07D6D5174E184B4B
:109D1000D6F88C209A42FBD1052314A83993FAF780
:109D2000DDFB4FF440732046F360FFF769FF002826
:109D3000C3D1CCE700230D4E39930D4BD6F88C20C0
:109D40009A42FBD114A8FAF7C9FB4FF44073F360B1
:109D50002046FFF755FF0028B9D029460548FFF7F0
:109D600005FEB4E7000C0058004402580064025895
:109D700000030080A47D0608012A10B50ED0022A37
:109D800024D000240929446126D010DC072910D0F2
:109D900008290CD17AB14FF480520CE04FF4C06224
:109DA00008294261F7D0092918D0072902D00D48A7
:109DB00015E072B10022022BC2600CBF4FF40053B9
:109DC0000023BDE810400361FFF71ABF4FF4806223
:109DD000E6E74FF08052EEE7002ADCD00248F2F7C7
:109DE000C9FA00BFFD7D0608CE7D06081A4B9842D1
:109DF00022D0A3F54C43984220D003F580639842CB
:109E00001ED003F5806398421CD003F5806398420E
:109E10001AD003F54443984218D0A3F51C43984246
:109E200016D003F58063984214D00C4B984214BFAF
:109E30004FF0FF3008207047002070470120704726
:109E400002207047032070470420704705207047A8
:109E5000062070470720704700100140000C005892
:109E60002DE9F0470F4616468AB082490446384627
:109E7000F0F72CFF824680493046F0F727FF014675
:109E80005046F0F7FFFE7B4905463846F0F734FFB1
:109E9000794981463046F0F72FFF092F80460AD0D6
:109EA0000A2E08D073490920F0F710FF50450CD155
:109EB0007248F2F75FFA4FF0010A691C256007D17A
:109EC0003E226F496F48F1F7F3FF4FF0000AF4E7C5
:109ED0006D4B9D4236D16D4BD3F8F02042F010020D
:109EE000C3F8F020D3F8F03003F010030193019B86
:109EF000674B9D4236D1654BD3F8E82042F40022EF
:109F0000C3F8E820D3F8E83003F400230493049B5B
:109F1000604B9D4236D15D4BD3F8E82042F0804241
:109F2000C3F8E820D3F8E83003F080430793079B99
:109F30002846FFF75BFF0028606066DA9D225049E3
:109F40005548C0E7554B9D422DD1504BD3F8E820E2
:109F500042F40032C3F8E820D3F8E83003F40033C9
:109F60000293029B4E4B9D422DD1484BD3F8E820E3
:109F700042F48012C3F8E820D3F8E83003F48013E9
:109F80000593059B474B9D422DD1404BD3F8E820CC
:109F900042F00042C3F8E820D3F8E83003F0004371
:109FA0000893089BC4E7404B9D42A1D1374BD3F89F
:109FB000E82042F48022C3F8E820D3F8E83003F424
:109FC00080230393039B394B9D42A1D12F4BD3F8A0
:109FD000F02042F02002C3F8F020D3F8F03003F074
:109FE00020030693069B324B9D42A1D103F50E330D
:109FF000D3F8F42042F00802C3F8F420D3F8F43088
:10A0000003F008030993099B92E749463846FFF796
:10A01000FBF801213846FFF7AFF941463046FFF71C
:10A02000F3F830460121FFF7A7F900234FF4E1329E
:10A030002046E36127836683C4E90223C4E904332D
:10A04000FFF7DEFDBAF1000F10D01A4B012204F128
:10A0500020051A60184B2068083454F8041C1A466E
:10A06000AC4203C21346F6D1206810600AB0BDE8C6
:10A07000F08700BF987506083C7406082B7E06081A
:10A080007D7E06088A7E06080010014000440258C2
:10A09000004C004000780040A67E060800440040C6
:10A0A00000500040007C0040004800400014014087
:10A0B000000C0058F058002470FA00242A4808B513
:10A0C000036813F0010304D0FFF74CFCB0FA80F3EF
:10A0D0005B0926480268D10704D5FFF743FC002836
:10A0E00008BF012322480268D20704D5FFF73AFCD3
:10A0F000002808BF01231F480268D10704D5FFF7D5
:10A1000031FC002808BF01231B480268D20704D590
:10A11000FFF728FC002808BF012318480268D10770
:10A1200004D5FFF71FFC002808BF0123144802686C
:10A13000D20704D5FFF716FC002808BF01231148F9
:10A140000268D10704D5FFF70DFC002808BF0123E2
:10A150000D480268D20704D5FFF704FC002808BFA9
:10A160000123184608BD00BF001001400044004014
:10A1700000480040004C00400050004000140140E6
:10A1800000780040007C0040000C005808B5F1F752
:10A1900087FF064B0121186810F0010018BF084620
:10A1A000F9F792F8BDE80840F1F790BF004802586F
:10A1B00070B594B0FFF782FF0446002875D1F1F71F
:10A1C0006FFF3B4D00F0ECF9012102222E6808469A
:10A1D000F9F7C4F8012122460846F9F7BFF8F60757
:10A1E00003D52B6843F001032B600023314D324926
:10A1F0002B60324BD1F890209A42FBD12C4B1A693C
:10A2000094063CD55B69980639D52B4E2B4BD6F876
:10A210008C209A42FBD14C22002101A803F0A8FF18
:10A2200001A8F9F7C5FF0223012101A8019310231A
:10A23000CDE9041300230A93F9F71AFB044610B181
:10A240001F48F2F797F801462022009001A803F07A
:10A250008FFF694601A8FAF727F81B23009901A888
:10A2600001930794029404940694F9F735FE08B11B
:10A270001448E6E7FCF7C4FD4FF44073F3600C4A62
:10A28000136943F4007313614FF440720A4B1A616F
:10A290000D4B596A5A6A521AB2F5FA7FFAD300F096
:10A2A00097F901232B60F1F711FF14B070BD00BFC7
:10A2B00000480258EC580024006402580003008053
:10A2C000B87E0608DD7E0608000C004030B54FF46D
:10A2D0000033B3B004461F4D02934FF480732293B2
:10A2E0001D4BD5F88C209A42FBD102A8FAF7F6F85C
:10A2F00010B11A48F2F73EF84FF440731549EB607D
:10A30000174BD3F8DC2042F04002C3F8DC20D3F82E
:10A31000DC30207203F0400360600193019B114B1D
:10A32000607223600C4BD1F880209A42FBD120460A
:10A33000FBF7FDF808B10C48DCE769462046FBF75F
:10A3400044F90028F9D1034B4FF440721A6033B03E
:10A3500030BD00BF0064025800030080057F06087E
:10A360000044025800180248247F060810B5064B26
:10A37000064CD4F880209A42FBD1FBF70DF94FF43C
:10A380004073236010BD00BF0003008000640258CA
:10A390002DE9F7431D4600230F4606462B609046E5
:10A3A0001B491C4BD1F880209A42FBD14FF0000989
:10A3B0002B68984529D901A93046FBF706F90446D0
:10A3C000F8B14FF0FF3033684FF440725B6803F030
:10A3D0000603062B0E4B08BF4FF0FF301A6003B088
:10A3E000BDE8F08302AB1A19013412F8043C042CC6
:10A3F00002F8049C07F8013B2B6803F101032B6072
:10A40000D6D02B684345EDD3D2E70020DBE700BF71
:10A410000064025800030080074B084A13601A6961
:10A42000910707D5DA68920704D56FF002021A6126
:10A43000F0F7A4BE704700BF000C004098FA00245B
:10A4400000487047407F060830B58BB0694602A8C7
:10A45000F9F72AFFF9F788FE274B0090D3F8E82098
:10A46000264942F00802C3F8E820D3F8E82002F0B9
:10A4700008020192019A224AD1F88C409442FBD101
:10A48000D3F890201F4C42F00802C3F89020D3F874
:10A49000902022F00802C3F890204FF44073CB6064
:10A4A000194B079A23604FF0FF33E360174B0ABB49
:10A4B0000025B0FBF3F001382561A560606011480C
:10A4C000C4E90555FBF722F9114B124A9B68C3F802
:10A4D0000821BFF34F8F104B4FF480225A60094878
:10A4E0002946FBF751F92268D36823F00203D360B1
:10A4F0000BB030BD4000DBE7004402580064025856
:10A500000003008098FA0024000C004040420F0035
:10A5100000ED00E019A4050800E100E00448002176
:10A520000268D36823F00203D360FBF72DB900BFA4
:10A5300098FA0024014B586A704700BF000C004095
:10A54000054B6FF002021B6858631A61DA6842F02B
:10A550000202DA60704700BF98FA0024064B6FF0E1
:10A5600002021B681A615A6942F002025A61DA68F3
:10A5700042F00202DA60704798FA0024034B1A682E
:10A58000D36823F00203D360704700BF98FA002419
:10A59000024B6FF002021B681A61704798FA0024A0
:10A5A000064B074A1B68596A11605A6B054B1A60C3
:10A5B000054BDA68054B1A60704700BF98FA002413
:10A5C000E8FA002494FA0024000C0040E4FA002485
:10A5D000064B074A1B6812685A62064A12685A6399
:10A5E000054B1A68054BDA60704700BF98FA0024E3
:10A5F000E8FA002494FA0024E4FA0024000C004055
:10A600005028F8B51CD000F00F040C2C56D8DFE809
:10A6100004F0074151071F555555552723071F00C3
:10A62000144654F8045B45B100F07006102E08BFC4
:10A6300011460D44020648BF2D681D602046F8BD36
:10A64000033222F0030454F8045B1D602046F8BD79
:10A65000144654F8085BE6E7144634F9025BE2E777
:10A6600000252F46144614F801CB0CF07F06BE409F
:10A670001CF0800F45EA060507F10707F3D11F2FED
:10A68000D1D81CF0400FCED04FF0FF3606FA07F7B6
:10A690003D43C9E700252F46144614F801CB0CF0C2
:10A6A0007F06BE401CF0800F45EA060507F107074C
:10A6B000F3D1B8E7144634F8025BB4E702F0E4F8EB
:10A6C00000F07000202811D00BD9402806D0502867
:10A6D0000AD030280DD1084602F0CCB8084602F066
:10A6E000B9B808B1102804D100207047084602F01C
:10A6F000C5B808B502F0C8F8F8B50C4615460746C7
:10A7000008B102F0A7F828602678FF2E04F10104B2
:10A7100029D1686023782B75FF2B04F1010032D01A
:10A72000102300242B75224610F8011B01F07F0333
:10A730009340090644EA030402F10702F4D40444F6
:10A74000EC6003786B7500240130224610F8011B81
:10A7500001F07F0393401C430B0602F10702F5D47E
:10A7600004442C61F8BD39463046FFF7A9FF224664
:10A7700001462B1D3046FFF743FF0446601C23783B
:10A780002B75FF2BCCD10023EB60DAE72DE9F04FDE
:10A7900000F0030499B00023012C884617460C935F
:10A7A00000F096800DD3022C40F05F82394640467F
:10A7B00002F03CF8002800F09B80092019B0BDE8A9
:10A7C000F08F0207F2D40123049318AA002342F861
:10A7D0002C8D1946009238460C2201F0B7FA384603
:10A7E00002F03EF805900028E0D012AB1A46059919
:10A7F00006933846FFF780FF05469DF85C00FF286A
:10A8000000F0E5803946FFF75BFF044600230DF1B9
:10A81000440B1946CDF800B00F223846149401F0CD
:10A8200073FA119E169B26F001069D4206F1FF3633
:10A8300080F0D4800DF13C0A0DF140099DF85D4097
:10A84000FF2C4FF0000103D02046FFF739FF0146EF
:10A850002A4620465346FFF7D3FE9DF85D40FF2C65
:10A8600005464FF0000103D02046FFF729FF0146BF
:10A870002A4620464B46FFF7C3FE9DF85D40FF2C5D
:10A8800005464FF0000103D02046FFF719FF0146AF
:10A890002A4620465B46FFF7B3FE002405462146C4
:10A8A00015F8012B02F07F038B401C43130601F1C6
:10A8B0000701F5D4129B0F9A1344B3421FD9049B8E
:10A8C000DB0700F19180049B1C0715D500F00CFB01
:10A8D00010F008041CD018AA44F0020442F82C1D01
:10A8E0003846009219460C22049401F02FFA76E7BC
:10A8F000082019B0BDE8F08F404600F0D7F9109A53
:10A900001344B34200F28880169BAB4296D8D6E738
:10A9100012AB009306930D22234621463846D8F801
:10A92000205001F0F1F9129B9D4202D002230493C2
:10A930004BE718AA234642F82C8D21460092384650
:10A940000C2201F003FAD8F830300393002BD3D057
:10A95000D8F828301A46D8F82C3005930DF13C0A67
:10A960000DF140091346002B1C46C0F22781032538
:10A9700018A9002341F8288D1A4600913846194637
:10A9800001F0E4F9002319460122CDF800A0384671
:10A990000F9401F0DBF9002319460F22CDF8009047
:10A9A000384601F0B1F9109B039ACDF8009003F0FE
:10A9B000010400231443384619460F22109401F075
:10A9C000C5F9022D05D0072019B0BDE8F08F00248D
:10A9D0001CE7404600F00EFB0720EFE6049BD9077A
:10A9E0007FF571AF0DF1400900240394002319464F
:10A9F0000D22CDF8009038460C9D01F085F9059A9E
:10AA0000109BC8F82C20039AC8F83020C8E90954D4
:10AA1000C8F820300620D1E6119B002B3FF4C6AECB
:10AA2000139A9A180392002C00F0F080169B013CB8
:10AA30002344002A3FF4BAAE002B00F0F880049AB9
:10AA400012F00802099200F0038147214E2288F893
:10AA5000001088F801205521432288F8021088F858
:10AA6000032046214F2288F8041088F8052052213F
:10AA7000002288F8061088F80720CDE90A7A00221B
:10AA80000792CDF820900024214600E02B461D4679
:10AA900015F8010B00F07F028A40060644EA020422
:10AAA00001F10701F2D41F2905D8400603D5012280
:10AAB0008A405242144300263146A14613F8010F42
:10AAC00000F07F028A401643020601F10701F5D427
:10AAD0001F2905D8470603D501238B405B421E433F
:10AAE000002C4CD04EDC04F1010ACAEB8A72159B93
:10AAF00003EB820753F82210B8F1000F01D0099B35
:10AB00002BB151B3002E00F08B80AB19BBE70C9B2F
:10AB1000119329B991E057F8041F002900F08D80A6
:10AB200039445B460022404600F00CFA0028F2D07F
:10AB3000E8E7E2005242DDE914131A44089BFFF7EC
:10AB40005FFD109949B1B8F1000FDBD00CAB0022CA
:10AB5000404600F0F7F90028D4D0049BD8074A46B5
:10AB6000DDE90A7ADDF820903FF540AF099B002B24
:10AB70003FF4F8AE002CBFF6FAAE00F0C3F90123A3
:10AB80000793BFE79DF85C00FF283BD000F0070368
:10AB9000042B6AD801A252F823F000BFB7AB050816
:10ABA0006BAC0508B1AB0508B7AB050833AB0508BE
:10ABB00062005242BFE7A2005242BCE701331D4689
:10ABC000DDE905123846FFF797FD9DF85C00FF2888
:10ABD0001AD03946FFF774FDC5EB85729200159DBA
:10ABE0001490AB58154433B12A46002352F8041F81
:10ABF00001330029FAD10422C8E90C25C8E90A303A
:10AC00000325B5E6002296E70020E5E7039B002B2D
:10AC10003FF4CCAD049BDA073FF5C8AD0225A7E6AB
:10AC2000DDE90739DDE90A7A002B3FF4BFAD049B6B
:10AC3000DD073FF5BBAD0024F0E7049B0A9FDDF87C
:10AC40002090DE075546DDF82CA03FF5CFAEB7E7E4
:10AC500098F80720012A0CBF58F8202C08F1580258
:10AC60000C920AE700F0A0F830E601F00DFE00BFFC
:10AC70000378472B01D00020704743784E2BFAD140
:10AC80008378552BF7D1C378432BF4D10379432B29
:10AC9000F1D143792B2BEED183792B2BEBD1C079DA
:10ACA00001288CBF00200120704700BF10B530B1D3
:10ACB000044600F079F82046FFF7DAFF08B900F003
:10ACC00013F954F8140C00F0FBF800BF2DE9F04F15
:10ACD00085B00246FFF7CCFF50B152E90685104619
:10ACE000966AD2E90C7400F05FF8404600F006F96D
:10ACF000104600F059F800F005F900F055F800F0A2
:10AD0000F3F800F051F800F0D3F8036893F8272027
:10AD10000DF1100A012A0CBF1A6803F178024FF0F6
:10AD2000000820334AF8082D27F0030B0193C14691
:10AD3000B1451BDA276807B127445346002239463C
:10AD4000019800F0FFF8E8B93B6814491B690093CB
:10AD500004AA012342F8040D3846009FB847002892
:10AD600018BF804609F101095C44E1E7B8F1000F22
:10AD700010D0042000F0D2FA094B0360094A0749B9
:10AD800000F0F0F900F00AFA00F04EF800F04CF88C
:10AD900000F0D2F8284600F093F800BF707F060854
:10ADA000F47F06080DB2050838B5044600F084F8B3
:10ADB00022780368472AA4F1200104D08BBB1C46EB
:10ADC0000160204638BD62784E2AF7D1A278552A14
:10ADD000F4D1E278432AF1D12279432AEED1627983
:10ADE0002B2AEBD1A2792B2AE8D1E279012AE5D8E6
:10ADF00054F80C2C002A11DB0132456844F80C2C65
:10AE00008B4205F1FF3545601CBF44F8103C0160E2
:10AE10002046646A00F070FF204638BDC2F101028E
:10AE2000EBE700F061F800BF08B500F041F802461A
:10AE3000006870B390F82030472B06D000231360D1
:10AE40002030BDE8084000F059BF90F821304E2B6B
:10AE5000F4D190F82230552BF0D190F82330432BC9
:10AE6000ECD190F82430432BE8D190F825302B2BEF
:10AE7000E4D190F826302B2BE0D190F82730012B2D
:10AE8000DCD84369002B05DB013B002B07D00DDB31
:10AE9000436108BD0133FBD101691160F8E7036923
:10AEA00013602030BDE8084000F028BF00F01CF817
:10AEB00000487047F458002400487047F4580024B4
:10AEC00008B5804701F0E0FCFFF76EFF01F0DCFC05
:10AED0000D460446FFF7A8FF013501D000F02CF81D
:10AEE0002046FFF7F3FE00BF08B5034B1868BFF319
:10AEF0005B8FFFF7E5FF00BF8C0E002408B580478D
:10AF0000FFF7F2FF08B5034B1868BFF35B8FFFF73D
:10AF1000F5FF00BF900E0024024B1868BFF35B8F53
:10AF2000704700BF8C0E0024024B1868BFF35B8F84
:10AF3000704700BF900E00241EB400F08DF81EBCB8
:10AF400001F09EFAF0B50278472A83B00D461F46FD
:10AF50001ED00023254C0193236820469B68984708
:10AF600080B1019B1B68019302262B68214628466D
:10AF70001C6901AA0123A04730B1019B3B60304608
:10AF800003B0F0BD0126F0E70646304603B0F0BD41
:10AF900043784E2BDDD18378552BDAD1C378432B00
:10AFA000D7D10379462B15D00379432BD1D14379DF
:10AFB0002B2BCED183792B2BCBD1C379012BC8D8A6
:10AFC00050F8204C02D058300190C5E7204654F884
:10AFD000784CF9E743794F2BE6D18379522BE3D1B3
:10AFE000C379002BE0D10193014CB5E7687F0608D7
:10AFF000607F060810B50446FFF75EFF2378472BF5
:10B00000A4F1200204D0836823BB8260012010BD1C
:10B0100063784E2BF7D1A378552BF4D1E378432BEB
:10B02000F1D12379432BEED163792B2BEBD1A3798B
:10B030002B2BE8D1E379012BE5D854F8043C0133FC
:10B04000012B44F8043CE1D1836844F8083C826059
:10B05000012010BDFFF748FF08B5FFF72DFF8368FB
:10B0600083B393F82020472A04D00022826003F1A2
:10B07000200008BD93F821204E2AF6D193F8222013
:10B08000552AF2D193F82320432AEED193F82420B5
:10B09000432AEAD193F825202B2AE6D193F82620DB
:10B0A0002B2AE2D193F82720012ADED8DA69013A67
:10B0B000DA61002ADBD19A69826000229A6103F189
:10B0C000200008BDFFF710FF012810B51AD8BFF304
:10B0D0005B8FA1F1280353E8002F013A43E80020D9
:10B0E0000028F8D1BFF35B8F5AB951F81C3C01F12D
:10B0F00058040BB1204698472046BDE8104000F0A8
:10B1000025B910BD51F8140CFFF7DAFEF8B500258B
:10B1100040E91E1240F8805C0446FFF705FF44F842
:10B12000700CFFF7F9FE472343224E2755260C49A2
:10B1300004F8583C2B2304F8515C04F8577C04F8BD
:10B14000566C44F8501C04F8552C04F8542C04F8A0
:10B15000533C04F8523C44F86C0CA4F18000F8BD58
:10B16000C9B00508F8B505460E461746FFF7A4FE18
:10B170004368044601333A46314663602846FFF788
:10B18000C5FF0446012344F8283B204601F066F938
:10B190002046FFF709FEFFF7A7FE00BF10B5FFF737
:10B1A0008BFED0E900420132426064B194F8202065
:10B1B000472A0AD0002202602034204601F072F9AA
:10B1C0002046FFF7F1FDFFF78FFE94F821204E2A6D
:10B1D000F0D194F82220552AECD194F82320432A68
:10B1E000E8D194F82420432AE4D194F825202B2A8E
:10B1F000E0D194F826202B2ADCD194F82720012ACC
:10B20000D8D8626952426261D6E700BF704700BF7A
:10B21000004870474C7F060810B504210446F1F73A
:10B22000A5FD204610BD00BFF0B4224C6368A0F11C
:10B2300008061BB350F8087CF519AB421ED822D083
:10B240005968002931D08D4203D32EE0954205D2B2
:10B2500011464A681C1D0B46002AF7D195421CD0A6
:10B2600023681A6899188E421CD05B6840F8043C29
:10B27000236840F8087C5E60F0BC704740F8043CEE
:10B280006660F0BC7047D3E90023174440F8087C9F
:10B2900040F8043C6660F0BC7047D5E900324A6073
:10B2A0001F44DDE717441F60EBE70A4604341946E4
:10B2B000D4E700BF0059002430B4174C00F1080255
:10B2C0006368082A38BF082203B30732196822F0DE
:10B2D00007028A4204D81BE001688A4205D9034666
:10B2E00058680028F8D130BC704704338C1A072CFA
:10B2F000456808D981184D6084501868026019604B
:10B30000083030BC704701601D60F9E71846EAE775
:10B310001846231DEAE700BF0059002410B500F1CC
:10B320008004204602F0D6FA38B10346802200217C
:10B33000184602F01DFF803010BD2046FFF7BCFF0D
:10B3400003460028F2D1FFF7CFFD00BF064A9368FD
:10B350008038984203D9D2681344984201D302F04E
:10B36000C1BAFFF761BF00BF0059002438B5084CCF
:10B370004FF41E652846E56002F0ACFAA06020B1EB
:10B3800000236060C0E9005338BDE060606038BDF4
:10B390000059002410B5034B0360044600F0C2F8C6
:10B3A000204610BD3C80060810B5054B03600446DE
:10B3B00000F0B8F820460C21F1F7D8FC204610BD6B
:10B3C0003C80060870B582B00E46069C9442054645
:10B3D00009D0A868056806942C6A3146A44602B0D4
:10B3E000BDE87040604719460192009300F062F892
:10B3F000DDE900320028ECD0062002B070BD00BFAD
:10B400002DE9F04F0E4681B019461F4691468346FE
:10B41000DDE90A4ADDE90C8500F04CF870B1002E38
:10B420002C6085F804901DDB3444A0450CBF062435
:10B430000124AC71002001B0BDE8F08F444516D066
:10B44000DBF80800D0F800C0CDE90C85CDE90A4A48
:10B45000DCF81C403B464A463146A44601B0BDE8F4
:10B46000F04F60470236E5D10123AB71E2E7514668
:10B47000584600F01FF80028E2D085F80590D9E77B
:10B480002DE9F04107460C4615461E4600F084F8AB
:10B4900008B1BDE8F081B86807682146BC69334649
:10B4A0002A46A446BDE8F041604700BF704700BF90
:10B4B0000020704781420FD008B5406803782A2BDE
:10B4C0000CD049680B782A2B08BF013103F0FCF936
:10B4D000B0FA80F0400908BD01207047002008BD87
:10B4E00070B5036884B000249E690094102315464B
:10B4F000CDE9023412688DF804406B46B0479DF8E0
:10B50000043003F00603062B03BF009B2B600120D1
:10B51000204604B070BD00BF009890420CBF0620CA
:10B520000120704710B5034B03600446FFF7BEFFD0
:10B53000204610BDB080060810B5054B03600446D8
:10B54000FFF7B4FF20460821F1F710FC204610BD9C
:10B55000B08006082DE9F041DDE90814069D8D4212
:10B5600090461F4606460CD039463046FFF7A2FFEC
:10B5700020B10123256084F80480A3710020BDE878
:10B58000F0810799FFF796FF0028EDD084F8058039
:10B590000020BDE8F08100BF38B515461C46FFF716
:10B5A00089FF20B1082206232560E260237138BD9F
:10B5B0002DE9F04117461C4606460D46FFF77AFF77
:10B5C00008B9032C01D9BDE8F0812B683A46314611
:10B5D00028465B69BDE8F041184700BF7BB972B9E6
:10B5E0000029BEBF00204FF0004106E008BF002840
:10B5F0001CBF6FF000414FF0FF3001F043B9ADF1D7
:10B60000080C6DE904CE002909DB002B1ADB00F0E1
:10B610004DF8DDF804E0DDE9022304B07047404254
:10B6200061EB4101002B1BDB00F040F8DDF804E08A
:10B63000DDE9022304B0404261EB4101524263EB79
:10B6400043037047524263EB430300F02FF8DDF8E9
:10B6500004E0DDE9022304B0404261EB41017047A0
:10B66000524263EB430300F021F8DDF804E0DDE92A
:10B67000022304B0524263EB4303704753B94AB903
:10B68000002908BF00281CBF4FF0FF314FF0FF30EA
:10B6900001F0F8B8ADF1080C6DE904CE00F006F841
:10B6A000DDF804E0DDE9022304B070472DE9F0473E
:10B6B000089E04468846002B4BD18A42154667D91E
:10B6C000B2FA82F24AB1C2F1200701FA02F320FA7B
:10B6D00007F7954047EA030894404FEA154E230CBC
:10B6E000B8FBFEF71FFA85FC0EFB178843EA0843F8
:10B6F00007FB0CF1994209D9EB1807F1FF3080F0F4
:10B700001B81994240F21881023F2B445B1AA4B27C
:10B71000B3FBFEF00EFB103344EA034400FB0CFCC9
:10B72000A44509D92C1900F1FF3380F00781A44505
:10B7300040F2048102382C4440EA0740A4EB0C0498
:10B7400000271EB1D4400023C6E900433946BDE8B6
:10B75000F0878B4209D9002E00F0EB800027C6E964
:10B76000000138463946BDE8F087B3FA83F7002F69
:10B7700047D18B4202D3824200F2FA80841A61EBF5
:10B78000030301209846002EE0D0C6E90048DDE71B
:10B7900002B9FFDEB2FA82F2002A40F08F80491B24
:10B7A0004FEA154E1FFA85F80127B1FBFEFC230C6A
:10B7B0000EFB1C1143EA014308FB0CF1994207D927
:10B7C000EB180CF1FF3002D2994200F2CD80844692
:10B7D000591AA3B2B1FBFEF00EFB101443EA044465
:10B7E00008FB00F8A04507D92C1900F1FF3302D25D
:10B7F000A04500F2B6801846A4EB080440EA0C40CD
:10B800009FE7C7F1200CBB4022FA0CFE4EEA030E64
:10B8100001FA07F420FA0CF521FA0CF34FEA1E485E
:10B820002543B3FBF8F92C0C08FB19331FFA8EFAE9
:10B8300044EA034309FB0AF49C4202FA07F200FAC5
:10B8400007F10BD91EEB030309F1FF3080F087806D
:10B850009C4240F28480A9F1020973441B1BADB2E3
:10B86000B3FBF8F008FB103345EA034400FB0AFA87
:10B87000A24508D91EEB040400F1FF336BD2A245A8
:10B8800069D90238744440EA0940A0FB0289A4EB5C
:10B890000A044C45C2464B4654D351D0002E69D0C1
:10B8A000B1EB0A0564EB030404FA0CFCFD40FC4018
:10B8B0004CEA0505C6E90054002747E7C2F120031A
:10B8C00020FA03F7954001FA02F021FA03F34FEA58
:10B8D000154E3843010CB3FBFEF71FFA85F80EFB3B
:10B8E000173341EA034107FB08F38B4204FA02F4E1
:10B8F00007D9691807F1FF3C2FD28B422DD9023F9F
:10B900002944CB1A81B2B3FBFEF00EFB103341EA9F
:10B91000034100FB08F38B4207D9691800F1FF3C93
:10B9200017D28B4215D902382944C91A40EA074771
:10B930003BE73746304609E70746E7E61846FBE6A9
:10B940004145ABD2B8EB020A69EB0E02013813464F
:10B95000A4E76046E9E7184695E76746D1E78146E0
:10B960007CE702382C4447E7ACF1020C2B442FE76C
:10B97000384608E73746E9E603685A004CBF43F00B
:10B98000004323F000431844704700BF61B32DE922
:10B99000F84F01F1FF3A90460646D146002707EBE3
:10B9A000090404EBD4746410E50071190846FFF72C
:10B9B000E3FFA245834605F10800304409D0FFF7B4
:10B9C000DBFFC34500F1FF3005D8404509D2671CB5
:10B9D000E5E7C34505D9A74202D004F1FF39DEE708
:10B9E00000210846BDE8F88F08467047012807D0B7
:10B9F000022807D0044B00280CBF184600207047CF
:10BA00000248704702487047D9C00508DDC00508E4
:10BA1000E1C0050830B5254B83B004468D1E4BB3FD
:10BA200001A92846AFF30080F0B101992A46FFF73B
:10BA3000ADFF0146C0B1FFF79FFF4B68A064012B2B
:10BA40002ED0002B01F1040026DBFFF795FF002329
:10BA5000C4E913030368002B12DBFFF78DFF0023FB
:10BA60002061184603B030BD002323610923184626
:10BA700003B030BD0E490F48091AC9100191D5E72E
:10BA8000C3F30360FFF7B2FF002814BF00230923AC
:10BA90002061184603B030BD0123C4E91303D9E780
:10BAA000002323610523184603B030BD00000000C9
:10BAB000508E0608B08706080368DA0710B50446FA
:10BAC00006D49B0700F1480009D500F05FFC23680D
:10BAD000590709D51A070ED5DB0613D510BD00F09E
:10BAE0004DFC23685907F5D404F1D00000F056FC52
:10BAF00023681A07F0D404F5A87000F057FC2368F7
:10BB0000DB06EBD404F5E870BDE8104000F092BC11
:10BB1000036803B103441846704700BF092070470B
:10BB2000704700BF70B504460D4608E02B6C63619A
:10BB30002A462369214601209847082808D1296C04
:10BB40002046FFF767FF06460028EFD000F09CFE76
:10BB50000728FBD13046296CFFF7E2FF281D00F0D3
:10BB600001FC00BF2DE9F0470C1D054617460FCC20
:10BB7000ADF5727D03AE0FC60FCC0FC60FCC0FC64E
:10BB800094E80F0002ACD5F80C80D5F8189086E840
:10BB90000F000023236021E0236C6B614FF4F072EF
:10BBA00021467AA802F0E6F92B697AAA294630469E
:10BBB0009847889BCDE900498246636431462B460D
:10BBC0002A460120C0470746F8B94FF4F0727AA917
:10BBD000204602F0CFF9BAF1080F1CD1216C28469B
:10BBE000FFF718FF002F08BF0926074618BF0A26CF
:10BBF0000028D1D0A36B46F01001CDE900492A46B8
:10BC0000636401202B46C04700B1092738460DF573
:10BC1000727DBDE8F087BAF1070FF6D13846216C86
:10BC2000FFF77EFF03A800F09DFB00BF406C70474C
:10BC3000F0B5CB6B0B640D1D0F4606460FCDF9B06A
:10BC400001AC0FC40FCD0FC40FCD0FC495E80F008A
:10BC50004FF0FF3584E80F00009506E033696A462F
:10BC6000314698470828044608D110993046FFF716
:10BC7000D1FE0028F2D0092079B0F0BD6846FFF768
:10BC80001BFF062CF7D139463046FFF74BFF00BFAC
:10BC900030B4DD6BC160826119461D64002230BC86
:10BCA00060E700BF70B5C66843690B64BEB903693D
:10BCB0000A4604460D46014602209847072807D049
:10BCC000082803D129462046FFF72CFF00F0DCFDB1
:10BCD0003046296CFFF724FF281D00F043FB0122AA
:10BCE000FFF740FF00F0D0FDC2681AB1CA6B0A64CA
:10BCF000002237E79CE700BF704700BF836813B19D
:10BD00000146012018477047042907D8DFE801F0F1
:10BD10000308060808000BB90F2A03D90220704750
:10BD20000120704700EB820218465368009A1360A6
:10BD3000704700BF10B584B0002303AC0A460094DE
:10BD40001946FFF7E1FF039804B010BD042907D896
:10BD5000DFE801F00308060808000BB90F2A03D931
:10BD6000022070470120704700EB8200009A1268A1
:10BD700042601846704700BF10B584B004AC002381
:10BD800044F8042D0A4600941946FFF7DFFF04B07B
:10BD900010BD00BFF0B5D36B1364151D07460E46EA
:10BDA0000FCDADF50F7D17AC0FC40FCD0FC40FCD68
:10BDB0000FC495E80F004FF0FF3584E80F0016958B
:10BDC00010E016A8FFF7D8FF314616A8B84716AA04
:10BDD000694678B9049B08209847052804460AD08C
:10BDE000092807D026996846FFF714FE6A460C21F9
:10BDF0000028E6D0092416A8FFF75EFE20460DF5C0
:10BE00000F7DF0BD2DE9F04F0D46C96C89B00C1DBA
:10BE1000164600F0030B0A6806941F46002B68D0F4
:10BE2000130CD9B212048DF81D30022304EB8104E7
:10BE300005928DF81C302B6DBBF1020F08BFAC6B67
:10BE400013F0010346D1019300F008030093D4F8E6
:10BE50000090B9F1000F00F0F380022F45D0B4F844
:10BE60000090B4F802800434AB6C28F0010A0F2172
:10BE700030469A44FFF75EFF824534D829F001032B
:10BE80005344834294BF002001204FEA480808F041
:10BE9000020809F0010948EA0908B8F1010F3AD08F
:10BEA00031D3B8F1020F1AD1236823F0004ABBF155
:10BEB000000F66D130B1009A002A6CD0BAF1000FA1
:10BEC00000F09080002B00DA04340AF1010304EB47
:10BED0008304BCE7304605A900F046FB78B1092091
:10BEE00009B0BDE8F08F0020CFE7D4F80480083413
:10BEF000BAE7120203230592ADF81C309BE7082035
:10BF000009B0BDE8F08FBBF1000F02D0002840F06F
:10BF1000B48004349BE7BBF1000F18D1A8B1D4E979
:10BF20000023991C4FEAD272D9D005F15801013390
:10BF3000049100F0B580201DFFF7EAFD04AB014637
:10BF40002846FEF7FFFF002867D108347FE70D2160
:10BF50003046D5F82080FFF7EDFE8045F5D1AB6A7D
:10BF60009C42F2D12046FFF707FD0F2102463046E2
:10BF7000FFF702FF30462A460021FFF7FDFE0720AB
:10BF8000AEE70D213046D5F82080FFF7D3FE80457F
:10BF900032D0236896E7BAF1000F23D005F1580399
:10BFA00004F10408CDF808B0DDF800900397A3462B
:10BFB0001C4602E05745B94640D040460494FFF77E
:10BFC000A7FD04AB014600222846FEF7BBFF09F19E
:10BFD000010708F104080028ECD0D1455C46DDE9F2
:10BFE00002B7D6D130460D21FFF7A4FE049B28628C
:10BFF000C5E90934062073E7AB6A9C42C9D1042223
:10C000004FF00008A318C5E90AA8C5E90C23236866
:10C0100043454DDB0123019357E780460D21304610
:10C02000FFF788FEB8F1020F28623ED12B46049A32
:10C0300043F82C2F6B62AC62062051E75C46D1E7D7
:10C0400005A9304600F090FA00287FF448AF019B24
:10C05000002B3FF454AF0F213046FFF76BFE0E214B
:10C0600002463046FFF788FE30461A4A0F21FFF796
:10C0700083FE072009B0BDE8F08F2046FFF77CFC67
:10C0800004340746AC632846FEF7B4FF00283FF4AB
:10C0900026AF30463A460F21FFF76EFE07201FE716
:10C0A00030460D21FFF746FE2862049B6B62C2E713
:10C0B0000AF1010004EB8000FFF75EFC0F2102464D
:10C0C0003046FFF759FE30462A464146FFF754FEF8
:10C0D000072005E7CDAC0508002393E6012391E690
:10C0E00002238FE62DE9F0410546C4B0042906D8A5
:10C0F000DFE801F04D2B05030900032B5FD0022080
:10C1000044B0BDE8F081002BF9D1102AF7D82B6894
:10C11000DC0600F1F48022AC2046019200F094F994
:10C12000A86B019A0023012606FA03F1114203D0FD
:10C13000016844F8231004300133042BF4D1A863C0
:10C14000204600F077F90020DAE7012B4FEA12468B
:10C1500097B252D0052BD2D106EB0708B8F1200FC9
:10C16000CDD80F2E40F29980B846002F40F0DB80EA
:10C17000AA6BAA630F2E40F2BE80B8F1000F02D066
:10C1800002A800F00BF9002044B0BDE8F081002BBC
:10C19000B5D1AC6B97B2281D012606FA03F13942DE
:10C1A00003F1010302D0216801600434102B00F177
:10C1B0000400F2D112F40050E5D1AC63A0E7160CF4
:10C1C00097B2F319102B9AD82B681A075DD422ACBA
:10C1D000204600F00DF904EBC601AB6B3FB103EB59
:10C1E000C702186841F8040B04339342F9D1204682
:10C1F000AB6300F0DBF8002082E7F219102A3FF66B
:10C200007EAF0F2E3FF67BAF2A68D10708D52846B0
:10C2100022F0030240F8482B019300F0B3F8019B91
:10C22000019322AC204600F0ADF8A96B019B002FD2
:10C2300000F095807F0004EBC6044FF00008043C3A
:10C2400001EB870251F8040B44F8040F9142F9D135
:10C25000B8F1000F0FD002AC102E314638BF1021BC
:10C2600004EBC101843902EBC80452F8040B41F815
:10C27000040F9442F9D1012B7FF47BAF22AC04323E
:10C28000AA63204600F07AF87DE723F008032B60CC
:10C2900005F5A87000F0ACF899E7B8F1100F2A681E
:10C2A00043D9D007A8F110080BD5284622F0010287
:10C2B00042F0020240F8482B019300F06BF82A6824
:10C2C000019B510725D40F2E04D822A8019300F01A
:10C2D00061F8019B019302AC204600F063F8C6F1BF
:10C2E00010010029AA6B019BB6DD22AC4F0004EBC4
:10C2F000C6041146A3E722A800F048F83DE723F062
:10C3000010032B6005F5E870019200F09DF8019A8A
:10C3100001E7284622F0040240F8D02B019300F0F8
:10C3200041F8019BCFE72A68CBE7D0070AD528461A
:10C3300022F0010242F0020240F8482B019300F083
:10C3400029F8019B019322AC204600F023F8B8465F
:10C35000A96B019B002F7FF46DAF0A4609E70A46DF
:10C360008DE700BF00F1340191E838009C46A646F5
:10C370004CF8045D90E8FF0FE54600BD90EC210B02
:10C38000704700BF80EC210B704700BF90EC200B82
:10C39000704700BF80EC200B704700BFD0EC200B33
:10C3A000704700BFC0EC200B704700BFF0EC0201EB
:10C3B000F0EC0211F0EC0221F0EC0231F0EC024161
:10C3C000F0EC0251F0EC0261F0EC0271F0EC028151
:10C3D000F0EC0291F0EC02A1F0EC02B1F0EC02C141
:10C3E000F0EC02D1F0EC02E1F0EC02F1704700BF9A
:10C3F000E0EC0201E0EC0211E0EC0221E0EC0231A1
:10C40000E0EC0241E0EC0251E0EC0261E0EC027190
:10C41000E0EC0281E0EC0291E0EC02A1E0EC02B180
:10C42000E0EC02C1E0EC02D1E0EC02E1E0EC02F170
:10C43000704700BFB0FC0181B0FC0191B0FC01A1CC
:10C44000B0FC01B1704700BFA0FC0181A0FC0191CC
:10C45000A0FC01A1A0FC01B1704700BFEC4600B5F3
:10C460002DE900502DE9FF1F4FF000032DE90C00CE
:10C4700001A9FFF7DDFBDDF840E012B0704700BF17
:10C48000EC4600B52DE900502DE9FF1F4FF00003E9
:10C490002DE90C0001A9FFF705FCDDF840E012B022
:10C4A000704700BFEC4600B52DE900502DE9FF1F95
:10C4B0004FF000032DE90C0001A9FFF715FCDDF892
:10C4C00040E012B0704700BFEC4600B52DE90050C7
:10C4D0002DE9FF1F4FF000032DE90C0001ABFFF722
:10C4E000D7FBDDF840E012B0704700BFEC4600B566
:10C4F0002DE900502DE9FF1F4FF000032DE90C003E
:10C5000001AAFFF747FCDDF840E012B0704700BF1A
:10C51000027A82B9437AABB14268013B10B44372EC
:10C5200013680321141D01721A02446002605DF851
:10C53000044B180E70470368013A02721A02026037
:10C54000180E7047B020704700B585B003AA0023CD
:10C55000009219460C22FFF7D7FB039805B05DF84F
:10C5600004FB00BFF0E700BF2DE9F043054685B0AE
:10C570000E464FF000083046FFF7CAFFB0280446C9
:10C5800000F0B180070620D500F0F003802B65D0C5
:10C59000902B36D0A02B78D0B02B47D0C02B00F0FA
:10C5A0008A8000F0F803D02B0BD100F00702013293
:10C5B00042F40022052301212846FFF793FD0028BD
:10C5C000D9D0092005B0BDE8F0830DF10C09002396
:10C5D00019468700CDF800900D222846FFF794FBFE
:10C5E000FFB2039BCDF80090043760064CBFDF1B01
:10C5F000FF18002319460D2228460397FFF7A6FBD4
:10C60000B9E700F00D030D2BDBD003AF002300F0E2
:10C610000F02194600972846FFF776FB0023009784
:10C6200019460D222846FFF791FBA4E7B1285FD0F9
:10C63000B22800F0CC80B3287ED000F0FC03B42BED
:10C64000BFD000F007020132012342F40022194654
:10C650002846FFF747FD00288DD0B2E73046FFF7A8
:10C6600057FF24020443B4F5004FAAD0240100234D
:10C67000A2B219462846FFF735FD0028A1D114F4CF
:10C68000004F18BF4FF0010875E7C24302F00703DF
:10C690004FF47F621A41010702F47F624FF00003FA
:10C6A00048BF42F4804219462846FFF71BFD002888
:10C6B0003FF461AF85E7C62851D0C7285AD000F0B3
:10C6C000F803C02B69D0C82875D0C9287FF479AF8A
:10C6D0003046FFF71DFF020300F00F0002F4702246
:10C6E0000130024366E7B8F1000F14D0002069E77B
:10C6F0003046FFF70DFF00283FF463AF10F0F00362
:10C700007FF45FAF024619462846FFF7EBFC00288E
:10C710003FF431AF55E703AC43460E224146009447
:10C720002846FFF7F1FA0094284643460F22414677
:10C73000FFF70CFB404645E73046FFF7E9FE0103F3
:10C7400000F00F0001F47021421C01230A43284627
:10C750001946FFF7C7FC00283FF40DAF31E730461C
:10C76000FFF7D6FE010300F00F0001F47021421C18
:10C770000323EBE73046FFF7CBFE024600283FF4E9
:10C7800020AF10F0F0037FF41CAF04212846FFF720
:10C79000A9FC00283FF4EFAE13E700F00F020132CE
:10C7A000032342F4202219462846FFF79BFC002869
:10C7B0003FF4E1AE05E73046FFF7AAFE00F0F002D5
:10C7C00000F00F031032013343EA0232F2E6002395
:10C7D0000DF10C090D221946CDF800902846FFF7FF
:10C7E00093FA3046FFF794FE02064FF002070CD58D
:10C7F000039B00F07F00B840034430460393FFF7EB
:10C8000087FE030607F10707F2D4039BCDF80090DB
:10C8100000F07F0403F50172BC4000231444194664
:10C820000D2228460394FFF791FAA4E610B5C36CD5
:10C8300084B05A6803208DF80C00DC798DF80D4027
:10C8400012020833084601A901920293FFF78CFEF9
:10C8500004B010BD08B5FFF785FE806C08BD00BFB1
:10C8600008B5FFF77FFEC06CC37900EB830008308A
:10C8700008BD00BF08B500F007F800BF08B5FFF716
:10C88000F9FF00BF704700BF08B5062001F0F0FEB9
:10C890000120F0F7E3F900BF0A22002102F0A8BD51
:10C8A000014B1868704700BF940E002470B5002932
:10C8B00048D005460C4610B1836B002B48D0626E01
:10C8C000B4F90C30D00740D4990530D5214628461C
:10C8D00000F05CF8E36A064633B1E1692846984700
:10C8E0000028B8BF4FF0FF36A3891A063CD4216B4D
:10C8F00041B104F14003994202D02846EFF7D2FA41
:10C9000000232363616C21B12846EFF7CBFA0023A3
:10C91000636400F0E9F9636E0022DB07A2811FD592
:10C92000A06D00F059FF00F0E5F9304670BDA06D34
:10C9300000F054FFB4F90C30002BC7D1666E16F02E
:10C94000010616D00026304670BD002BFAD0BDE798
:10C9500000F04CF9626EB4F90C30D007F5D4B3E7AF
:10C96000A06D00F03DFFDBE721692846EFF79AFA5A
:10C97000BDE7A06D00F034FF304670BD024B0146AC
:10C980001868FFF793BF00BF940E0024B1F90C3074
:10C990009AB22DE9F0410C461107804644D46268F2
:10C9A00043F40063002AA38159DDA56A002D53D00A
:10C9B00000229BB2D8F80060E169C8F8002013F4A7
:10C9C000805240F0838001234046A847421C4AD051
:10C9D000A389A56AE1695B0705D56268236B801AA4
:10C9E0000BB1E36BC01A024600234046A847471C20
:10C9F00045D0B4F90C302269226023F40063002290
:10CA0000A381DB04626000D52065216BC8F800605B
:10CA100011B304F14003994202D04046EFF742FAC5
:10CA200000202063BDE8F0812669AEB1256826604C
:10CA300092070CBF63690023AD1BA3600AE02B467D
:10CA40003246676AE1694046B8470028A5EB000511
:10CA500006442BDD002DF2DC0020BDE8F081E26B06
:10CA6000002AA2DCF8E7D8F80030002BB0D01D2B4C
:10CA700001D0162B2CD1C8F800600020EDE7D8F8C3
:10CA800000101D291AD8154BB4F90C20CB40DB43FC
:10CA900013F0010314D1256922F40062C4E90053A4
:10CAA000D504A281B1D50029AFD1ADE7A38943F068
:10CAB0004003A3814FF0FF30BDE8F081B4F90C20B2
:10CAC00042F04002A2814FF0FF30C6E7206D82E7BE
:10CAD000A38943F04003A381BFE700BF01004020CA
:10CAE00038B50D46044608B1836BA3B1B5F90C0007
:10CAF000B8B16B6EDB0701D481051AD520462946F3
:10CB0000FFF744FF6B6EDA07044602D4AB899B053E
:10CB10000AD5204638BD00F069F8B5F90C000028A8
:10CB2000E7D10446204638BDA86D00F059FE2046E6
:10CB300038BDA86D00F052FEE0E700BF20B1054B04
:10CB400001461868FFF7CCBF034B0449186800F092
:10CB5000C9BD00BF940E0024D8810608E1CA0508AB
:10CB600010B5002304468181C281C0E9003383608F
:10CB70004366C0E904338361194608225C3001F042
:10CB8000F7FA07480749084A084BE362C4E9074037
:10CB9000C4E9091204F15800BDE8104000F01ABEC3
:10CBA0003DE7050861E705089DE70508BDE70508BD
:10CBB000014900F097BD00BFADC8050870B54A1E19
:10CBC000682505FB02F50E4605F17401EFF71EF925
:10CBD000044640B100210C30666005F16802216016
:10CBE000A06001F0C5FA204670BD00BF10B5044634
:10CBF000124800F0F3FDA26BD2B904F53B73104864
:10CC0000C4F8E8320321C4F8E022E063C4F8E41277
:10CC100060680421FFF7A4FF01220921A068FFF743
:10CC20009FFF02221221E068FFF79AFF0123A3630E
:10CC30000248BDE8104000F0D3BD00BF00FB002457
:10CC4000B1CB050870B50646244800F0C7FD244B5B
:10CC50001D68AB6B83B305F53875D5E90134013B2D
:10CC600005D525E0013B5A1C04F1680420D0B4F935
:10CC70000C20002AF6D100251A4BE36004F158007D
:10CC8000656600F0A7FD154800F0AAFD2560C4E91F
:10CC90000155C4E90455A5612946082204F15C0048
:10CCA00001F066FAC4E90C55C4E91155204670BD7F
:10CCB0002C682CB12546D0E72846FFF797FFCAE736
:10CCC00004213046FFF77AFF044628600028F1D19E
:10CCD000024800F085FD0C233360E7E70CFB0024DD
:10CCE000D88106080100FFFF014800F077BD00BFB2
:10CCF0000CFB0024014800F073BD00BF0CFB0024B6
:10CD0000F0B5134683B00F4601AA1946064605F052
:10CD1000EFFF002836D005463046FFF793FF044664
:10CD200000282FD039464FF4DB73019A304601F0CA
:10CD300069FA071E30DB636EDB0715D51C4B1D49F6
:10CD40001D4AE781C4E90743C4E909121B4BA581C9
:10CD5000E905E3620FD4636EDA0702D4A3899B0569
:10CD600014D5204603B0F0BDA3899805E6D4A06D84
:10CD700000F034FDE2E7304602230022214600F0B5
:10CD80006BF9E8E70024204603B0F0BDA06D00F089
:10CD900027FD204603B0F0BD0025FFF7A5FFA581C4
:10CDA000A06D00F019FD2C46FFF7A4FFD9E700BFE6
:10CDB0003DE7050861E705089DE70508BDE70508AB
:10CDC000024B0A4601461868FFF79ABF940E0024EA
:10CDD000F8B5244F0C460646EFF749FDBB685D6881
:10CDE000C4F57E610F3125F00305294421F47F61EC
:10CDF00021F00F01A1F58054B4F5805F07DB00211D
:10CE0000304601F02FFBBB682B44984204D03046DB
:10CE1000EFF731FD0020F8BD6142304601F022FB02
:10CE200001300DD0104BBA6819682D1B45F0010573
:10CE30003046091B55601960EFF71DFD0120F8BD54
:10CE40000021304601F00EFBBA68831A0F2BDEDD9D
:10CE5000064C0549246843F00103001B5360086039
:10CE6000D5E700BF2C1400241059002434180024E6
:10CE7000002953D0F8B50C460646EFF7F8FC54F8F5
:10CE800004CC714F2CF00101A4F108056B18B868AF
:10CE90005A68984222F0030253D01CF0010F5A60E6
:10CEA00003EB02003BD154F808CC4068A5EB0C051D
:10CEB00007F1080EAC687445614400F0010075D0BC
:10CEC000D5F80CC0C4F80CC0CCF8084060B341F0F1
:10CED00001036B606950B1F5007F50D34B0A042BFE
:10CEE00070D88B0903F13904E40003F138023819D2
:10CEF0003B590838984278D05A6822F003028A4297
:10CF000071D99B689842F7D1C368C5E902039D6057
:10CF1000C5603046BDE8F840EFF7ADBC70474068EB
:10CF200000F001000028D2D19868484C1144A0427A
:10CF300041F0010262D0DB68C36098606A606950AA
:10CF4000C9E71CF0010F0A4407D154F8083CED1A58
:10CF50001A44D5E90213CB6099603D4B1B6842F03F
:10CF6000010193426960BD6004D83A4B30461968AC
:10CF7000FFF72EFF3046BDE8F840EFF77CBCC9084C
:10CF800078684A1C012389108B40034307EBC201D8
:10CF900057F832007B600839C5E9020147F8325082
:10CFA000C5603046BDE8F840EFF765BC002845D1C4
:10CFB0000A44D3E9021342F00100CB609960686033
:10CFC000AA50D7E7142B08D9542B1ED80B0B03F10A
:10CFD0006F04E40003F16E0289E703F15C04E400EE
:10CFE00003F15B0283E718468EE79310796801220C
:10CFF00002FA03F30B437B60034686E7C7E9045557
:10D00000C5E902006A606950B4E7B3F5AA7F06D8A3
:10D01000CB0B03F17804E40003F1770267E740F2F9
:10D020005452934206D88B0C03F17D04E40003F1C3
:10D030007C025CE74FF47E747E2258E741F00102E7
:10D040006A60196096E700BF2C1400243414002491
:10D05000381800244059002400F000B82DE9F04FA2
:10D060000C4697B091461F46064618B1836B002BBD
:10D0700000F08F80626EA389D20702D49D0540F133
:10D08000A18003F48473B3F5847F00F09680D4F814
:10D090002880B8F1000F7FD0012F13D0022F00F0AD
:10D0A0008780002F00F08480636E1622D9073260DB
:10D0B00002D4A3899A0577D54FF0FF35284617B0DB
:10D0C000BDE8F08F21463046FFF70AFDA38913F42F
:10D0D000805240F03181E1693B463046C047411CF7
:10D0E000054600F0DC80A38922695F0740F1E880F3
:10D0F0006368216BED1A09B1E06B2D1AA9444FF05A
:10D10000010A0027002A00F0E580B4F90C3040F64F
:10D110001A019AB20A4208D1520566D4944A90453F
:10D1200000F0FB8043F40063A38121463046FFF703
:10D13000D7FC002840F0BF803B464A46E1693046B4
:10D14000C047013000F0B780216B41B104F14003CA
:10D15000994202D03046EEF7A5FE00232363A3894F
:10D160002269226023F402630021A3816160082206
:10D1700004F15C0000F0FCFF656E15F0010503D1C1
:10D18000A3899B0540F193800025284617B0BDE890
:10D19000F08FFFF72BFD6DE7636E1D22D80732601D
:10D1A0008AD4A3899A0587D4A06D00F019FB83E780
:10D1B0004FF0000A22695546A4E721463046FFF7A2
:10D1C0008FFC64E7A06D00F009FBA38959E7019A81
:10D1D000B4F90C3002F47042B2F5004FA2D143F41E
:10D1E00080634FF48062A381E264002F40F0888066
:10D1F000CB46BAF1000F72D1A389DB047ED452462C
:10D200000123E1693046C047451C8ED06368216B1D
:10D21000C51A1A46002968D0E06B2D1AA26BD4F803
:10D2200010C01D44A2EB0C02AD1A0244AB4580F2C3
:10D230008580E56CE1696D4205EA0B052A4600230D
:10D240003046C04701303FF470AF2369216B236043
:10D250000023636041B104F14003994202D030469B
:10D26000EEF720FE00232363A389BBEB050B23F01D
:10D270002003A38110D02146304601F067F8002832
:10D280007FF453AF63685B45FFF44FAF2268A3EBB5
:10D290000B035A44C4E900230822002168E7636EA7
:10D2A000DA073FF509AFA3899B053FF505AFA06DF0
:10D2B00000F096FA02E7636ED9077FF5FAAEFBE657
:10D2C00018077FF51BAF2368002B3FF417AF9B1A9D
:10D2D0001D4413E72146304600F0B2FA15E7216BF2
:10D2E00011B16368E06B99E762682068D4F810C0F8
:10D2F000A0EB0C002D1A0244002197E7206D85E772
:10D300006A46B4F90E10304600F034F800287FF475
:10D310000CAF049B09EB030B6BE7B4F90E1000296B
:10D32000FFF600AF6A46304600F024F800283FF4CC
:10D330004EAFB4F90C30F5E6256DD5E6AB185B457C
:10D340007FF677AFABEB05050CEB0503521BC4E989
:10D35000003241B104F14003994202D03046EEF769
:10D36000A1FD00232363A38923F02003A38193E776
:10D370009DE7050838B50B46074C0546114618468B
:10D3800000232360EFF7A3FC431C00D038BD2368C3
:10D39000002BFBD02B6038BDECFA00249368002BE7
:10D3A00000F0E4802DE9F04FB1F90C309BB20C464F
:10D3B000190783B08246904635D522699AB313F097
:10D3C0000202D8F800603DD00027D4F824B0D4F889
:10D3D0001CC0DFF8C0923D464D452B463A4628BF5B
:10D3E0004B4661465046D5B1D847002840F3C68029
:10D3F000D8F808301B1A07442D1AC8F80830002B3B
:10D4000000F0B080D4F81CC0D4F824B04D452B46B1
:10D410003A4628BF4B4661465046002DE4D1D6E936
:10D4200000750836D8E72146504604F047FD00282D
:10D4300040F02A81B4F90C30D8F800609BB213F0A8
:10D440000202C1D113F001095DD1A76820684D46E1
:10D45000002D54D09A0540F19B80AF42BB4600F2AC
:10D46000D88013F4906F2FD0D4E9041707EB470747
:10D47000A0EB010B07EBD777681C7F105844B8422C
:10D480003A4684BF07463A465B0540F1D3801146D1
:10D490005046EEF7BBFC002800F0F0805A462169A8
:10D4A000019000F067FDA289019B22F4906242F096
:10D4B0008002A281A7EB0B0203EB0B0067612361E3
:10D4C0002060A2602F46AB465A46494600F0ECFD6C
:10D4D000A2682368D21B5B442F46A260236000250C
:10D4E000D8F80830DB1BB944C8F80830002B39D015
:10D4F000B4F90C30A76820689BB2002DAAD1D6E9F8
:10D5000000950836A4E733469146104617464E4626
:10D510009B46002F6BD0002871D0D4E904122068FC
:10D52000B9454B4628BF3B46884203D9A5681544F8
:10D53000AB4271DC9A4200F393801346656AE1695D
:10D5400032465046A847051E18DDB9EB05090FD035
:10D550000120D8F808305B1B2E447F1BC8F8083028
:10D56000002BD6D1002003B0BDE8F08F002070471B
:10D5700021465046FFF7B4FA0028EAD0B4F90C303F
:10D5800043F040034FF0FF30A38103B0BDE8F08FBC
:10D590002369834215D36169A94212D83C4B676A5B
:10D5A0009D4294BF2B466FF000434A4693FBF1F334
:10D5B000504601FB03F3E169B847071EDEDDED1BB2
:10D5C0008EE7AF4228BF2F463A46494600F06CFD31
:10D5D000A3682268DB1B3A44A3602260002BEED1D3
:10D5E00021465046FFF77CFA0028E8D0C6E70BF149
:10D5F000080353E902679B460833002FF9D03A46E7
:10D600000A21304600F034FC38B30130A0EB0609A3
:10D6100083E72F46AB4657E731462A4600F044FDE4
:10D6200023682B44236021465046FFF759FA00280F
:10D630008BD0A3E75046EEF755FB034600287FF456
:10D6400039AF21695046EEF72DFCB4F90C300C22AD
:10D6500023F08003CAF8002092E707F101095CE794
:10D660001A463146019300F01FFD019BA168226814
:10D67000C91A1A44A16022601D4666E70C23CAF845
:10D680000030B4F90C307BE74FF0FF306BE700BFA0
:10D69000FEFFFF7F00FCFF7F2DE9F04110F538779A
:10D6A0001BD088460026D7E90154013D0FD4A38939
:10D6B000012B05F1FF35204605D9B4F90E300133B1
:10D6C00001D0C04706436B1C04F16804EFD13F68EA
:10D6D000002FE8D13046BDE8F0813E463046BDE837
:10D6E000F08100BF2DE9F84310F538771FD0884648
:10D6F00006464FF00009D7E90154013D11D4A38932
:10D70000012B05F1FF352146304606D9B4F90E301C
:10D71000013302D0C04749EA00096B1C04F16804D8
:10D72000EDD13F68002FE6D14846BDE8F883B94601
:10D730004846BDE8F88300BF70B50D4E0D4D761B11
:10D74000B61006D00024013455F8043B9847A64291
:10D75000F9D1094E094D761B05F0D0FFB61006D061
:10D760000024013455F8043B9847A642F9D170BD16
:10D7700040180024401800246C180024401800248D
:10D7800010B5044600F018F82044407800F0080076
:10D7900010BD00BF044B054A1B685B6B002B08BF24
:10D7A000134693F828017047940E0024C0120024F9
:10D7B000D0F8EC00704700BF044B054A1B685B6B58
:10D7C000002B08BF1346D3F8EC007047940E0024DA
:10D7D000C0120024704700BF704700BF704700BFF1
:10D7E000704700BF70B50C46B1F90E10002996B015
:10D7F00015461E460FDAA289002312F0800033601E
:10D8000004D14FF480632B6016B070BD40221846DF
:10D810002A6016B070BD6A46FFF7ACFD0028EADB4F
:10D82000019B03F47043A3F50053B3FA83F35B0940
:10D830004FF480624FF4006033602A6016B070BD10
:10D840008A8992070B4606D501F1430201211A602D
:10D85000C3E90421704770B582B001AB6A460C463B
:10D860000546FFF7BFFF009906462846EEF7CEFAB9
:10D87000B4F90C30D8B11649E963019A00992060D7
:10D8800043F08003A381C4E904011AB93343A3819F
:10D8900002B070BD2846B4F90E1005F063FAA0B1CD
:10D8A000A38923F0030343F001031BB2EEE79A05BB
:10D8B000EED423F0030304F1430243F002030121F9
:10D8C000A3812260C4E90421E2E7B4F90C30DDE76A
:10D8D000B1CB0508024B01461868EEF797BA00BFB6
:10D8E000940E0024024B01461868EEF7DBBA00BF25
:10D8F000940E00242DE9F04F01F10B05162D83B095
:10D90000064623D8102900F2B980EEF7B0FF1025A3
:10D9100018230220C54F3B44A3F108025C689442DF
:10D9200000F06681636823F003032344D4E90251C5
:10D930005A68E96042F001028D6030465A60EEF7A5
:10D940009AFF0834204603B0BDE8F08F35F0070594
:10D9500000F19480A94200F29180EEF788FFB5F5BE
:10D96000FC7FC0F083816B0A00F08F80042B00F2F3
:10D970004681AB0903F1390003F1380CC300AB4F0A
:10D980003B44A3F108015C68A14206D10CE0002AE7
:10D9900080F21D81E468A14206D0636823F003038E
:10D9A0005A1B0F2AF3DD60463C69DFF894C26445D8
:10D9B00071D0636823F003035A1B0F2A00F34481DC
:10D9C000002AC7E904CC80F22681B3F5007F80F0FD
:10D9D0006981DB08591C7A6857F83180C4F80880DF
:10D9E0004FF0010E9B100EFA03F307EBC10E134329
:10D9F000AEF10802E2607B6047F83140C8F80C40A5
:10DA00008210012494409C424BD81C4206D120F045
:10DA1000030064001C4200F10400FAD007EBC009C7
:10DA2000CE468046DEF80C309E4507D122E1002A22
:10DA300080F22981DB689E4500F01C81596821F045
:10DA400003014A1B0F2AF2DDD3E9028E5C1945F06F
:10DA500001055D6042F00105C8F80CE03046CEF8E3
:10DA60000880C7E90444C4E902CC65605A500193B8
:10DA7000EEF701FF019B03F1080463E700240C2388
:10DA80002046336003B0BDE8F08F4FF400734020B0
:10DA90004FF03F0C73E77B688210012494409C4256
:10DAA000B3D9BC68636823F00309A94503D3A9EB84
:10DAB00005030F2B7BDC5E4BDFF888A11A68DAF8D0
:10DAC0000030013305EB020800F0488108F580586A
:10DAD00008F10F0828F47F6828F00F084146304607
:10DAE00000F0C0FCB0F1FF3F834600F0048104EB7E
:10DAF0000900584500F2FD804E4A13684344136004
:10DB000000F04D81DAF8001001311BBFABEB0000D3
:10DB10001B18CAF800B013601BF0070300F0348133
:10DB2000C3F10801C3F580538B440833D844C8F3CC
:10DB30000B08A3EB080841463046019200F092FC26
:10DB4000431C019A00F04681A0EB0B01414441F0D7
:10DB500001011368C7F808B04344BC42CBF8041075
:10DB6000136015D0B9F10F0F40F230816068A9F150
:10DB70000C0121F0070100F0010004EB010C084347
:10DB80004FF0050E0F296060CCE901EE00F23A81FA
:10DB9000294A2A481168BC688B42016888BF136013
:10DBA00062688B4222F0030288BF0360A7E062191B
:10DBB00043F0010345F0010565603046BA605360EB
:10DBC000EEF759FE0834204603B0BDE8F08F234439
:10DBD000E1685A68A56842F00102E96030468D604C
:10DBE0005A60EEF748FE0834204603B0BDE8F08FD7
:10DBF000DC68A34208BF02303FF4D6AE92E6142B95
:10DC000071D9542B00F2AD802B0B03F16F0003F19F
:10DC10006E0CC300B3E6234430465A6842F001025A
:10DC20005A600834EEF727FE8CE600BF2C1400245F
:10DC30004059002410590024385900243C5900242C
:10DC40003414002434180024611945F0010E42F008
:10DC50000105C4F804E03046C7E90411C1E902CC6B
:10DC60004D60E250EEF707FE08346BE6E80805F178
:10DC700008034FE608F1010818F0030F0EF1080E33
:10DC80007FF4D0AE52E019441C464A68DB6854F871
:10DC9000085F42F001024A603046EB609D60EEF79B
:10DCA000EAFD4FE65A0A042A35D9142A6FD802F140
:10DCB0005C01C9005B3207EB010E7958AEF1080E2A
:10DCC0008E4558D04A6822F003029A4202D98968E8
:10DCD0008E45F7D1D1F80CE07B68C4E9021ECEF87E
:10DCE0000840CC608CE603F15C0003F15B0CC300E0
:10DCF00045E6BC4272D0BC68626822F003029542DD
:10DD0000A2EB050302D80F2B3FF751AF3046EEF7D9
:10DD1000B2FD002416E69A0902F13901C900383231
:10DD2000C9E7D9F80090994540F0838010F0030FBF
:10DD3000A9F1080300F1FF30F3D17B6823EA040363
:10DD40007B6064009C423FF6ACAE1CB9A9E664005F
:10DD500008F104081C42FAD040465FE608F11008BA
:10DD6000BCE6B3F5AA7F26D8EB0B03F1780003F1EC
:10DD7000770CC30003E67B6892104FF0010808FAA5
:10DD800002F213437B60A8E74FF48053CEE6542A97
:10DD900029D81A0B02F16F01C9006E328BE7C0F36C
:10DDA0000B0100297FF4AEAE09EB0802B96842F01E
:10DDB00001024A60ECE640F2545293421CD8AB0C8C
:10DDC00003F17D0003F17C0CC300D8E50123CBF8FF
:10DDD00004309BE701214FF00008BAE6164A1368A9
:10DDE000434413608EE6B2F5AA7F14D8DA0B02F131
:10DDF0007801C90077325EE74FF47E737F204FF0E1
:10DE00007E0CBCE504F1080130460192EEF74AF8B9
:10DE1000019A1368BCE640F254518A4205D89A0C24
:10DE200002F17D01C9007C3245E74FF47E717E220C
:10DE300041E77B6885E700BF1059002482B049B1F3
:10DE40005AB16BB113780B601278101C18BF012007
:10DE500002B0704701A9002AF3D1104602B0704702
:10DE60006FF00100F4E700BF0000000000000000B8
:10DE700001F0FF01102A2BDB10F0070F08D010F87B
:10DE8000013B013A8B422DD010F0070F42B3F6D17F
:10DE9000F0B441EA012141EA014122F007047FF098
:10DEA00000070023F0E80256083C85EA010586EAEF
:10DEB000010685FA47F5A3FA87F586FA47F6A5FA2B
:10DEC00087F68EB9EED1F0BC01F0FF0102F0070237
:10DED00032B110F8013B013A83EA010313B1F8D1E2
:10DEE0000020704701387047002D06BF35460338C3
:10DEF000073815F0010F07D1013015F4807F02BFFC
:10DF0000013015F4C03F0130F0BC0138704700BF4C
:10DF1000032A70B414D940EA0105AD0704460B4644
:10DF200022D11D682668AE421946204603F104033B
:10DF300004F1040418D1043A032A20461946F0D803
:10DF4000541E72B102780B789A4208BF641806D04A
:10DF50000CE010F8012F11F8013F9A4206D1A142BE
:10DF6000F7D1002070BC7047541EEBE7D01A70BC8C
:10DF7000704700BF844641EA000313F003036DD1EC
:10DF8000403A41D351F8043B40F8043B51F8043B7C
:10DF900040F8043B51F8043B40F8043B51F8043B83
:10DFA00040F8043B51F8043B40F8043B51F8043B73
:10DFB00040F8043B51F8043B40F8043B51F8043B63
:10DFC00040F8043B51F8043B40F8043B51F8043B53
:10DFD00040F8043B51F8043B40F8043B51F8043B43
:10DFE00040F8043B51F8043B40F8043B51F8043B33
:10DFF00040F8043B51F8043B40F8043B51F8043B23
:10E0000040F8043B403ABDD2303211D351F8043BC2
:10E0100040F8043B51F8043B40F8043B51F8043B02
:10E0200040F8043B51F8043B40F8043B103AEDD271
:10E030000C3205D351F8043B40F8043B043AF9D2C2
:10E04000043208D0D2071CBF11F8013B00F8013B95
:10E0500001D30B8803806046704700BF082A13D3A2
:10E060008B078DD010F003038AD0C3F10403D21ABA
:10E07000DB071CBF11F8013B00F8013B80D331F8EE
:10E08000023B20F8023B7BE7043AD9D3013A11F86E
:10E09000013B00F8013BF9D20B7803704B784370D9
:10E0A0008B788370604670478842F0B40DD98B1826
:10E0B00083420AD9841832B1224613F8014D02F87E
:10E0C000014D9942F9D1F0BC70470F2A49D940EA75
:10E0D00001039B0747D1A2F110031B0901F120079F
:10E0E00007EB031701F1100400F1100554F8106C50
:10E0F00045F8106C54F80C6C45F80C6C54F8086C2E
:10E1000045F8086C54F8046C45F8046C1034BC42B3
:10E1100005F11005EAD1013302F00F051B01032DB3
:10E120001944034421D91F1F0E462C46043C56F8BF
:10E1300004CB47F804CF032CF8D82C1F24F0030499
:10E1400004342344214402F00302002ABBD0013BE3
:10E150000A4411F8014B03F8014F9142F9D1F0BC88
:10E1600070470346F1E70346F1E72A46EDE700BFB3
:10E17000F0B4860743D0541E002A3ED0CAB20346EC
:10E1800002E014F1FF3438D303F8012B9D07F8D1D6
:10E19000032C2BD9CDB245EA05250F2C45EA0545C0
:10E1A00016D9A4F110073F0903F1200606EB071664
:10E1B00003F1100242E9045542E902551032B2421D
:10E1C000F8D104F00F040137032C03EB07130DD92A
:10E1D0001E462246043A032A46F8045BFAD8221F58
:10E1E00022F003020432134404F003042CB1C9B238
:10E1F0001C4403F8011B9C42FBD1F0BC7047144641
:10E200000346C5E770B50D46084C114606461A464A
:10E21000284600232360EEF793FE431C00D070BD18
:10E220002368002BFBD0336070BD00BFECFA0024E4
:10E2300070B5054688B008460C4600F021FD224A1C
:10E24000AB6B04940126441C04A906920222039499
:10E250000590AC680796CDE901121BB3616EB4F965
:10E260000C30CE079AB201D4900525D5910406D47E
:10E27000626E43F4005322F40052A3816266284682
:10E2800001AA2146FFF78AF8636E00280CBF0A2511
:10E290004FF0FF35DA0702D4A3899B0506D528463F
:10E2A00008B070BD2846FEF7A1FCD7E7A06DFFF7C8
:10E2B00097FA284608B070BDA06DFFF78FFAB4F941
:10E2C0000C309AB2D2E700BFEC810608024B01463F
:10E2D0001868FFF7ADBF00BF940E0024024B1B6807
:10E2E0000022C3E92A027047940E00240B4B0C480D
:10E2F0001968D1E92A2330B40A4C00FB02F004FB70
:10E300000300A2FB0423541C034443F1000525F041
:10E310000040C1E92A4530BC704700BF940E00247C
:10E320002DF451582D7F954C024B0A460146186832
:10E33000EDF7D8BC940E0024838903F00903092B60
:10E3400001D000207047FEF7F9BB00BFF8B50C46BE
:10E35000054610B1836B002B40D0B4F90C309AB253
:10E36000970407D4626E43F4005322F400526266AD
:10E37000A3819AB200219606616038D450071AD45E
:10E38000D10662D512074ED443F00403A38123695A
:10E39000002B55D0B4F90C70BEB2B3072AD1226954
:10E3A000226028466369256AE169A8470028606001
:10E3B00017DD0020F8BD216B0029E8D004F14003EF
:10E3C000994202D02846EDF76DFDE36B63600020B3
:10E3D0002063002BDBD0A36B2360F8BDFEF706FCA7
:10E3E000BBE7B4F90C3016D143F02003A3814FF002
:10E3F000FF30F8BD194B1A4918680123A38106F0B4
:10E400000906FFF749F9092EA781C8D121462846F8
:10E41000FEF7BCFAC3E743F040030022A381626029
:10E420004FF0FF30F8BD21462846FEF759FB002883
:10E43000DDD1B4F90C30A060A06123F00803A3E79C
:10E4400021462846FFF7FCF9A4E743F040030922E0
:10E450002A604FF0FF30A381F8BD00BFD8810608C5
:10E4600039E3050838B5074C002305460846236004
:10E47000EEF7E0F9431C00D038BD2368002BFBD039
:10E480002B6038BDECFA002400290CBF02220022C8
:10E490004FF4806300F000B82DE9F0435D4C25682F
:10E4A00083B00446884616461F4615B1AB6B002B59
:10E4B0007ED0022E05D0012E00F2A980002FC0F2DE
:10E4C000A680636EDA0735D521462846FEF708FB9D
:10E4D000216B41B104F14003994202D02846EDF787
:10E4E000E1FC00232363B4F90C3000221806A2617A
:10E4F000626061D423F44A6323F00303022EA381F4
:10E500001FD10025616E002004F1430243F0020395
:10E51000A060C9074FF00100A3812260C4E9042074
:10E5200004D49B0502D4A06DFFF75AF9284603B026
:10E53000BDE8F083A3899B05C6D4A06DFFF74EF913
:10E54000C2E701AB6A4621462846FFF74BF9A3898B
:10E550001843A081002F36D1009F3846FFF7BAF943
:10E560008046002842D0A38943F08003A381AB6B8F
:10E570007BB3009AB4F90C30C4F80080BA421CBFD7
:10E5800043F40063A381012E04BF43F00103A38180
:10E590009BB213F00802C4E904871ED1A260656E25
:10E5A00015F00105BDD00025284603B0BDE8F08375
:10E5B0002846FEF71BFB7CE721692846EDF772FC35
:10E5C000B4F90C3096E7B8F1000FC6D0AB6B002B56
:10E5D000CFD12846FEF70AFBCBE7DA0704D57F4206
:10E5E0000022A761A260DAE7A760D8E7DDF8009013
:10E5F000B94504D1B4F90C304FF0FF3582E74846F5
:10E60000FFF768F980460028F4D04F46ABE74FF09B
:10E61000FF358BE7940E00241F2938B522D8D0F897
:10E62000DC3205460C466BB153F8212052B1012A69
:10E6300012D0511C12D00025204643F82450904798
:10E64000284638BD284600F02FF8224601462846C5
:10E65000BDE8384000F014B8002038BD1623036030
:10E66000012038BD162303604FF0FF3038BD00BFD6
:10E67000024B01461868FFF7CFBF00BF940E00247D
:10E6800038B50B46074C0546114618460023236053
:10E6900005F02CF8431C00D038BD2368002BFBD0BC
:10E6A0002B6038BDECFA002405F018B80CB430B576
:10E6B000214B00299DB01C6838DB4FF40273029097
:10E6C0000690ADF8143021A819D001390346209ADC
:10E6D0000491079101904FF6FF7502A92046ADF80D
:10E6E000165000F09DFE421C01DA8B232360029B32
:10E6F00000221A701DB0BDE8304002B070470346DA
:10E700000491079101904FF6FF75209AADF81650CD
:10E7100002A9204600F084FE431C04DB1DB0BDE8C6
:10E72000304002B070478B232360F7E78B232360D0
:10E730004FF0FF30F2E700BF940E002410B50C46F6
:10E74000B1F90E1004F04AFE002803DB236D0344E8
:10E75000236510BDA38923F48053A38110BD00BF9E
:10E760002DE9F0411646B1F90C201F46D3050C46A1
:10E770000546B1F90E1007D50022022304F012FB62
:10E78000B4F90C20B4F90E1022F48052A2813B4659
:10E7900032462846BDE8F04103F07ABB10B50C467E
:10E7A000B1F90E1004F0FEFAA389421C0EBF23F447
:10E7B000805343F480532065A38110BDB1F90E103E
:10E7C00003F0E2BBC9B200F00303002943D07BB1E0
:10E7D0000378002B67D099423CD0431C05E013F826
:10E7E000012B002A5DD08A4234D09A071846F6D110
:10E7F00070B4046841EA012646EA064686EA040542
:10E80000A5F10133A4F1013223EA050322EA04024F
:10E81000134313F0803F0FD150F8044F84EA0605EC
:10E82000A5F10132A4F1013322EA050223EA04032F
:10E83000134313F0803FEFD0037843B1994202D1E4
:10E8400006E08B4204D010F8013F002BF9D11846A6
:10E8500070BC704770475BB10378002BFAD0431C43
:10E8600003E002780133002AF4D099071846F8D162
:10E870000268A2F1013323EA020313F0803F08D1BA
:10E8800050F8042FA2F1013323EA020313F0803F72
:10E89000F6D00378002BDDD010F8013F002BFBD120
:10E8A0007047104670471846704700BF00000000D0
:10E8B0000000000000000000000000000000000058
:10E8C000A2EB0300704700BF02780B78012A28BF33
:10E8D0009A42F5D16DE9044540EA0104CDE90267A9
:10E8E0006FF0000C4FEA447212B380EA010414F096
:10E8F000070F6AD100F0070420F0070004F00305B9
:10E9000021F007014FEAC505F0E8042314F0040FD5
:10E91000F1E804670CFA05F462EA040266EA040608
:10E920000AD063EA0403624667EA0407664603E026
:10E93000F0E80423F1E8046782FA4CF582EA060461
:10E94000A4FA8CF46CBB83FA4CF583EA0705A5FAAC
:10E950008CF595B950E9022351E9026782FA4CF52A
:10E9600082EA0604A4FA8CF483FA4CF583EA0705DC
:10E97000A5FA8CF52543DBD09CB92DBAB5FA85F400
:10E9800024F0070427FA04F1DDE9026723FA04F30F
:10E9900003F0FF0001F0FF01FDE80445A0EB0100DA
:10E9A000704724BAB4FA84F424F0070426FA04F178
:10E9B000DDE9026722FA04F202F0FF0001F0FF0134
:10E9C000FDE80445A0EB0100704714F0030F3CD1B3
:10E9D00010F0030428D150F8082B51F8083B82FAB4
:10E9E0004CF582EA0305A5FA8CF55DB950F8042CC4
:10E9F00051F8043C82FA4CF582EA0305A5FA8CF53D
:10EA0000002DE8D02DBAB5FA85F424F0070423FAD6
:10EA100004F122FA04F202F0FF0001F0FF01FDE828
:10EA20000445A0EB010070474FEAC40420F0030046
:10EA300050F8082B21F0030151F8083B0CFA04F4BC
:10EA400062EA040263EA0403C9E710F003041AD07F
:10EA5000A1EB040120F00300E40750F8042B06D0DA
:10EA60000FD28B785FFAA2F4E41A06D12BB1CB78DF
:10EA70005FFAB2F4E41A00D11BB920465DF8104BDE
:10EA8000704701F1040150F8042BCC0721F0030179
:10EA900051F8043B48D824D222F07F4482FA4CF546
:10EAA00094EA1325A5FA8CF50AD165B951F8043B0F
:10EAB00084EA0204B4EB036F0ED150F8042BEBE7A9
:10EAC0004FEA132355E035F07F454DD10878FDE836
:10EAD0000445C0F1000070474FEA126203F0FF03E3
:10EAE00047E002EA1C4482FA4CF594EA1345A5FA81
:10EAF0008CF50AD165B951F8043B84EA0204B4EB01
:10EB0000034F0CD150F8042BEBE74FEA134330E0EE
:10EB100015EA1C4528D10B884FEA124229E04FEA3A
:10EB2000124203EA1C4324E002F0FF0482FA4CF58F
:10EB300094EA1365A5FA8CF50AD165B951F8043B3E
:10EB400084EA0204B4EB032F09D150F8042BEBE75D
:10EB50004FEA13630DE015F0FF0F05D10B684FEA84
:10EB6000122223F07F4304E04FF00000FDE804454B
:10EB7000704712BA1BBA82FA4CF482EA0304A4FA70
:10EB80008CF5B5FA85F402FA04F203FA04F34FEABD
:10EB90001260FDE80445A0EB1360704780EA0102B3
:10EBA000844612F0030F4FD111F0030F32D14DF80C
:10EBB000044D11F0040F51F8043B0BD0A3F10132C6
:10EBC0009A4312F0803F04BF4CF8043B51F8043BD9
:10EBD00016D100BF51F8044BA3F101329A4312F051
:10EBE000803FA4F101320BD14CF8043BA24312F058
:10EBF000803F04BF51F8043B4CF8044BEAD0234655
:10EC00000CF8013B13F0FF0F4FEA3323F8D15DF806
:10EC1000044B704711F0010F06D011F8012B0CF8CE
:10EC2000012B002A08BF704711F0020FBFD031F846
:10EC3000022B12F0FF0F16BF2CF8022B8CF80020CD
:10EC400012F47F4FB3D1704711F8012B0CF8012B50
:10EC5000002AF9D1704700BF00000000000000004A
:10EC600000000000000000000000000000000000A4
:10EC70000000000000000000000000000000000094
:10EC800090F800F06DE9024520F007016FF0000CEC
:10EC900010F0070491F820F040F049804FF0000494
:10ECA0006FF00700D1E9002391F840F000F108006F
:10ECB00082FA4CF2A4FA8CF283FA4CF3A2FA8CF3A7
:10ECC0004BBBD1E9022382FA4CF200F10800A4FA0E
:10ECD0008CF283FA4CF3A2FA8CF3E3B9D1E9042362
:10ECE00082FA4CF200F10800A4FA8CF283FA4CF399
:10ECF000A2FA8CF37BB9D1E9062301F1200182FA53
:10ED00004CF200F10800A4FA8CF283FA4CF3A2FA58
:10ED10008CF3002BC6D0002A04BF04301A4612BA66
:10ED2000B2FA82F2FDE8024500EBD2007047D1E969
:10ED3000002304F00305C4F100004FEAC50514F0F8
:10ED4000040F91F840F00CFA05F562EA05021CBFC9
:10ED500063EA050362464FF00004A9E7002A41D0A8
:10ED600040EA010313F00303F0B425D1032A23D9A9
:10ED700004680D68AC421FD1043A35D0A4F10135C6
:10ED800025EA040414F0803F31D1071D0D1D0DE06C
:10ED900057F8043B0E68A3F10134B34224EA03049C
:10EDA0000AD1043A20D014F0803F1DD1032A29460D
:10EDB000384605F10405EBD803780C789C4202F143
:10EDC000FF320CD182B114B90EE06AB17BB110F8F8
:10EDD000013F11F8014FA34202F1FF32F5D0181B99
:10EDE000F0BC7047104670470020F0BC70471846D2
:10EDF000F6E700BF70B40478A4B10D7806464DB1B3
:10EE0000A5420AD00A4601E0A34206D012F8013F0B
:10EE1000002BF9D1801B70BC704710F8014F002CFB
:10EE2000EDD1F7E72046F6E74FF0010C2DE9F04170
:10EE3000644600264FF0FF3533198B4200EB05077F
:10EE40000DD23F5D10F803E0BE452DD21E460124D1
:10EE5000A3EB050C33198B4200EB0507F1D34FF000
:10EE60000108C2F800C0444600264FF0FF373319AE
:10EE70008B4200EB070C0ED21CF804C010F803E024
:10EE8000E64518D91E460124A3EB070833198B4227
:10EE900000EB070CF0D30137681C874224BFC2F88F
:10EEA00000803846BDE8F0810CD04FF0010C3546AB
:10EEB00064466644C0E70BD04FF00108374644462D
:10EEC0004644D4E7644512BF01341E460124B3E72B
:10EED000444512BF01341E460124C8E72DE9F04F16
:10EEE000ADF2144D914605468B461046194603AACD
:10EEF0001C46FFF799FF03AB80460DF20C4243F826
:10EF0000044F9342FBD154B1631E09F1FF3204A8B0
:10EF100012F8011F40F8213013F1FF33F8D20399A2
:10EF2000424649444846FEF7F3FF00286ED108F1F7
:10EF3000FF3301934B4482460093234607465446D1
:10EF400058469A4607EB0A06321A00212844FEF773
:10EF50008FFF002855D1002E53D0AB1904AA13F807
:10EF6000013C52F823304BB124B1039A9A4201D9A3
:10EF7000AAEB02031F4400243046E3E7444523463E
:10EF80000AF1FF3C38BF4346634513D2FA1819F81B
:10EF9000030015F802E086452A4409EB030106D078
:10EFA0002BE011F801EF12F8010F864525D101334E
:10EFB0006345F6D3019B4445194680F08780FB18D2
:10EFC000009AE85C127882422B447FD1009804F1C9
:10EFD000FF3B06E010F801ED13F801CDE64503D143
:10EFE00011464A1E9345F5D101348C4270D8039CDA
:10EFF00030462744AAEB0404A4E7C8F101021744F1
:10F00000B8E700200DF2144DBDE8F08FA4EB080323
:10F01000434538BF4346013308F1FF37039309EBFB
:10F02000070358464FF0000AC34698460AEB040609
:10F03000321A00212844FEF71BFF0028E1D1002EE0
:10F04000DFD0AB1904AA13F8013C52F82330A3BB5C
:10F05000611E8B4515D20AEB0B0219F80B3015F81F
:10F0600002C09C452A4409EB0B005B4606D027E012
:10F0700010F801EF12F801CFE64521D101338B42A0
:10F08000F6D37B1C12D00AEB070398F80000E95C6A
:10F09000884205EB03020FD1434605E013F8010D4A
:10F0A00012F8011D884207D14B45F7D105EB0A0044
:10F0B0000DF2144DBDE8F08F039B9A443046B5E73E
:10F0C000CBF1010292449A443046AFE741468BE7C8
:10F0D000E81997E72DE9F04F02780E4685B005460E
:10F0E00009788AB3A1B18446741C0846012701E05F
:10F0F00068B11C46904214BF002707F00107234661
:10F100001CF8012F13F8010B002AF1D1F0B91FB13F
:10F11000284605B0BDE8F08F681CFFF753FB074693
:10F12000A0B1A41B012C16D0254485422CBFA5EB11
:10F1300000094FF001091F2C0FD9234632464946DA
:10F14000FFF7CCFE0546E3E70029E1D0002528467D
:10F1500005B0BDE8F08F0546DAE703AA2146304640
:10F16000FFF762FE03998046024631443046FEF7BF
:10F17000CFFE00284ED108F1FF330193F3188246E9
:10F18000054600934846B3466619321A00213844B2
:10F19000FEF76EFE0028D9D1002ED7D0D0454346C9
:10F1A00038BF53469C4212D95A191BF80310B85C59
:10F1B00081423A440BEB030C06D072E01CF8010FBD
:10F1C00012F8011F88426CD101339C42F6D1019B99
:10F1D000D045194677D9EB18009AF85C127882422C
:10F1E0003B4470D100980AF1FF3906E010F801EDB8
:10F1F00013F801CDE64503D111464A1E4A45F5D123
:10F200000AF1010A8A454AD8039B30461D44A4EB03
:10F21000030AB9E7A4EB0803434538BF434601336B
:10F2200008F1FF3A039306EB0A0348460025B3466C
:10F2300099466619321A00213844FEF719FE002853
:10F2400084D1002E82D0444514D908EB05021BF866
:10F250000830B85C98423A440BEB0801434606D0AC
:10F2600027E011F801CF12F8010F844521D10133B5
:10F270009C42F6D1BAF1FF3F11D005EB0A0399F891
:10F280000020F95C91423B4419D14A4605E012F84E
:10F29000010D13F8011D884211D15A45F7D13D44A3
:10F2A00036E7C8F1010215441D444FF0000A30460C
:10F2B0006AE7C8F1010215441D443046B9E7039BD3
:10F2C00030461D44B5E741469AE700BF2DE9F84FA7
:10F2D0000E468046174699460D4600E025462C46C8
:10F2E0000A9814F801BBFEF763FA5844417811F00C
:10F2F0000801F3D1BBF12D0F57D0BBF12B0F04BF89
:10F3000095F801B0AC1CB9F1000F04D0B9F1100FA1
:10F3100050D0CC4605E0BBF1300F55D04FF00A0974
:10F32000CC4600290CBF6FF0004E4FF0004E002578
:10F33000BEFBFCF328460CFB13EA05E029D00CFBCE
:10F340000020012514F801BBABF13002092A05D9D0
:10F35000ABF14102192A0BD8ABF1370291450FDD11
:10F36000B5F1FF3FEED08342E8D24FF0FF35E9E739
:10F37000ABF16102192A03D8ABF157029145EFDCDA
:10F380006B1C0BD001B140420FB14DBB3E60BDE8DC
:10F39000F88F9245D3DA4FF0FF35D3E72223C8F830
:10F3A0000030FFB1661E7046F0E7AC1C95F801B066
:10F3B0000121A8E7BBF1300FABD1237803F0DF03C5
:10F3C000582B06D0CC46ACE7237803F0DF03582B4C
:10F3D0000AD14FF0100C94F801B0E1460234A0E7D6
:10F3E0008646DFE77046D2E74FF00809CC4698E73B
:10F3F00030B5084C084B25686C6B83B0002C08BFF7
:10F400001C46009413460A4601462846FFF75EFF55
:10F4100003B030BD940E0024C01200240000000090
:10F420002DE9F04F2DED068BBFB00C460B919046A9
:10F430000F930C9003F0A8FC036815931846FFF790
:10F440001FFCA38914901D0603D52369002B00F02F
:10F45000E28600239FED968B9FED979BCDE92233AB
:10F460000DF1B8091293139316930A93CDF8849073
:10F47000CA4698F80030002B00F09A80252B4446AD
:10F4800002D11CE0252B03D014F8013F002BF9D149
:10F49000A4EB080585B1DDE9223201332A44072BAC
:10F4A000CAF80080CAF80450CDE9223278DC0AF1AB
:10F4B000080A0A9B2B440A932378002B78D04FF03C
:10F4C000000300228DF867304FF0FF3063780D9213
:10F4D0001146164604F10108099008F101089B46FF
:10F4E000ABF12003582B00F25E83DFE813F0C60275
:10F4F0005C035C03C1025C035C035C035C035C03B0
:10F500005C03B502B0025C03500335035C03550392
:10F51000BB00BB00BB00BB00BB00BB00BB00BB0013
:10F52000BB005C035C035C035C035C035C035C0387
:10F530005C035C035C031303E7025C03E7025C0308
:10F540005C035C035C03E2025C035C03AA005C03F3
:10F550005C035C035C035C0377005C035C03900268
:10F560005C035C035C035C035C035C035C035C03A3
:10F570005C035C0388013B01E702E702E702360116
:10F580003B015C035C0329015C031501AC00CF0067
:10F59000CA005C03EB005C0379005C035C03CE02F1
:10F5A00021AADDE90B1003F02FFF40B9CA4680E71E
:10F5B000239B23B10C980B9921AA03F025FF0B9BE9
:10F5C0009B8913F0400F0A9B18BF4FF0FF330A933B
:10F5D0000A983FB0BDEC068BBDE8F08F46F01006F0
:10F5E000B7060F9B40F1FA84073323F0070303F1BA
:10F5F0000802D3E900450F9201234FF000028DF875
:10F600006720099A013200F0FF8326F080020792FA
:10F6100054EA05024FF0000740F0C780099A002A1B
:10F6200040F07B86002B40F0AE8416F001030E9371
:10F6300000F018853EAB1A46302302F8413D109287
:10F64000D4E046F0100616F0200300F0D0840F9BA3
:10F65000073323F0070303F10802D3E900450F92B3
:10F660000023CAE7ABF13003002018F801BB00EB20
:10F67000800003EB4000ABF13003092BF5D90D906E
:10F680002EE746F0200698F8003026E70F9A0C4B3C
:10F6900014681393043247F63003ADF8683046F02F
:10F6A00002060F92002502234FF0780BA5E700BF5A
:10F6B0000000000000000000FFFFFFFFFFFFEF7FE2
:10F6C000148206080F9A136810934FF000018DF80A
:10F6D0006710141D002B00F0CE85099A531C00F012
:10F6E0006D8600211098FEF7C3FB002800F05387B9
:10F6F000109B9DF867700F94C31A00220E9323EAA3
:10F70000E3730992079608931192002F00F08A8004
:10F71000089B0133089385E0002A41F04D800F9A41
:10F72000B00652F8043B0F9200F1D484F10600F1C8
:10F73000C885720640F1C585BDF828201A8098E674
:10F7400098F800306C2B03BF98F8013046F0200683
:10F7500008F1010846F01006BFE646F0400698F8AA
:10F760000030BAE6002A41F03B80B4060F9B40F11E
:10F77000DA81073323F00703D3E9004503F10802D8
:10F780000F92002C75F10003C0F27884099B9DF85C
:10F790006770013300F07D8426F08002079254EAFE
:10F7A00005024FF001033FF439AF012B00F0328323
:10F7B000022B00F05483494600E01146E20842EA79
:10F7C0004572E80804F0070305461446303354EA4E
:10F7D000050001F8013C01F1FF32EED107981092CB
:10F7E000C00700F12284A9EB02030E93099B0E9A35
:10F7F0009342B8BF134608930023119385E70F9AED
:10F80000079613688DF890304FF00001131D8DF8A6
:10F81000671001210027CDE90E1324AB0891099749
:10F8200011971093079B13F0020302D0089A02323B
:10F8300008920799239A11F084063AD10D990898F5
:10F840000C1A002C35DD102C2299BD4D24DD5046BC
:10F850001027C246B0461E4604E0103C102C00F1B2
:10F86000080015DD013110320729CDE92212C0E967
:10F870000057F2DD21AADDE90B1003F0C5FD0028D9
:10F880007FF49DAE103C102CDDE922124846E9DCE5
:10F8900033464646D0468246013122440729CDE907
:10F8A0002212CAE9005400F310859DF867700AF12E
:10F8B000080A77B12299013101320DF16704012064
:10F8C0000729CDE92212CAE9004000F3B0820AF10B
:10F8D000080A6BB1229B013302321AA80221072BBE
:10F8E000CDE92232CAE9000100F3AE820AF1080A2A
:10F8F000802E00F0C781099B0E995D1A002D2FDD27
:10F90000102D229B8F4C20DD51461026DDE90BA7E0
:10F9100004E0103D102D01F1080115DD0133103216
:10F92000072BCDE92232C1E90046F2DD21AA51467A
:10F93000384603F069FD00287FF441AE103D102DDC
:10F94000DDE922324946E9DC8A4601332A44072BA5
:10F95000CDE92232CAE9004500F396820AF1080A8D
:10F96000079BDB0500F13681229B1099CAF8001035
:10F970000E99CAF8041001330A44072B23922293EC
:10F9800000F3EE810AF1080A079B590730D50D9B59
:10F9900008995C1A002C2BDD102C229B684D1EDD73
:10F9A0001026DDE90BB704E0103C102C0AF1080A20
:10F9B00015DD01331032072BCDE92232CAE900569A
:10F9C000F2DD21AA5946384603F01EFD00287FF4D7
:10F9D000F6AD103C102CDDE92232CA46E9DC0133D9
:10F9E0002244072BCDE92232CAE9005400F33083C8
:10F9F0000A9B0D9908988142ACBF5B181B180A93AB
:10FA0000002A40F0768100232293CA4631E5002A7D
:10FA100040F0DA864C4B1393B1060F9B3DD507336C
:10FA200023F00703D3E9004503F108020F92F7071B
:10FA300040F1B78054EA050300F0B38030238DF81D
:10FA400068308DF869B046F002060223D5E598F8D3
:10FA5000003001222B2140E50F9898F8003004680F
:10FA60000D94002C00F10400C0F2E4830F9034E503
:10FA700046F0010698F800302FE598F8003000298C
:10FA80007FF42BAD0122202127E5002A40F0A0863B
:10FA90002E4B1393B1060F9BC1D453F8044B0F9315
:10FAA000F20600F1E382730640F1E082A4B2002581
:10FAB000BDE746F0080698F800300EE5002A40F051
:10FAC0007F860F9B073323F0070393ED008B0833EA
:10FAD000B0EEC87BB4EE497BF1EE10FA0F9340F321
:10FAE0000783B5EEC08BF1EE10FA00F113859DF897
:10FAF0006770174A174B0321002026F08004BBF1E2
:10FB0000470FD8BF1A46CDE90810079410920E91FE
:10FB10001190FAE5002A40F05F8646F01006B40620
:10FB20000F9B3FF526AE53F8044B0F93F00600F100
:10FB30009F82710640F19C8224B2E51721E600BF46
:10FB400034820608448206080082060814820608E9
:10FB5000F4810608F081060898F800B0BBF12A0F7E
:10FB600008F1010000F00F86ABF13003092B80464D
:10FB700000F2E584002018F801BB00EB800003EBE5
:10FB80004000ABF13003092BF5D90990A8E498F8AF
:10FB9000003046F00406A0E446F0800698F80030F5
:10FBA0009BE4022329E5002A40F01E86BBF1000FEA
:10FBB0003FF4FEAC0123002708934FF000020E93A0
:10FBC00024AB8DF890B08DF86720079609971197B0
:10FBD000109327E6BBF1650F40F3CD80B5EE408B67
:10FBE000F1EE10FA40F06081229BAD49CAF8001096
:10FBF000013301320121072BCDE92232CAF804106A
:10FC000000F3B6830AF1080A129A1B9B9342239AC7
:10FC100080F21982229B1599CAF800101499CAF82B
:10FC2000041001330A44072BCDE9223200F3188374
:10FC30000AF1080A129B5D1E002D7FF7A5AE102D5C
:10FC4000229B984C40F36D831026DDE90BB705E04D
:10FC50000AF1080A103D102D40F36383013310327E
:10FC6000072BCDE92232CAE90046F1DD21AA594627
:10FC7000384603F0C9FB00287FF4A1ACDDE922324D
:10FC8000CA46E7E70D9B08995D1A002D7FF733AE52
:10FC9000102D229B834C20DD51461026DDE90BA759
:10FCA00004E0103D102D01F1080115DD0133103283
:10FCB000072BCDE92232C1E90046F2DD21AA5146E7
:10FCC000384603F0A1FB00287FF479AC103D102DDD
:10FCD000DDE922324946E9DC8A4601332A44072B12
:10FCE000CDE92232CAE9004500F325830AF1080A6A
:10FCF00001E621AADDE90B1003F086FB00283FF4A2
:10FD000082AE5CE421AADDE90B1003F07DFB002844
:10FD10007FF455AC1B99239ACA4619B9129B002B44
:10FD200000F05C83229B1598CAF800001498CAF86A
:10FD3000040001330244072B2392229300F33684FC
:10FD40000AF1080A0029C0F26F8412991098013351
:10FD50000A44072BCDE92232CAE900017FF712AE2F
:10FD600021AADDE90B1003F04FFB00287FF427AC3C
:10FD7000239ACA4608E6129C2298012C02F101023D
:10FD800000F101030AF1080140F33C810120109CBD
:10FD9000CAF80040072BCDE92232CAF8040000F36C
:10FDA000A4821498159C01330244072BCDE922321A
:10FDB000C1E9004000F3A5820831129CB5EE408BEA
:10FDC000581CF1EE10FA074604F1FF3501F1080A5C
:10FDD00000F0DE80109C4D6001342A4407280C603E
:10FDE0002392229000F32A8201F11004981C5146BC
:10FDF000A246169C4C6022441DAB072823922290F9
:10FE00000B607FF7C1ADABE7012B07964FF0000702
:10FE10007FF4CEAC002D08BF0A2C80F040813EABB1
:10FE2000303403F8414D109301230E93DEE421AAF0
:10FE3000DDE90B10179303F0E7FA00287FF4BFAB5E
:10FE4000239A179BCA4644E521AADDE90B1003F06B
:10FE5000DBFA00287FF4B3AB239ACA4648E5139E29
:10FE60004A46230904F00F0043EA057329091C469A
:10FE70000D46335C02F8013D54EA0503F1D1A9EBCC
:10FE8000020310920E93B1E421AADDE90B1003F0F6
:10FE9000BBFA00287FF493AB239ACA4660E500BF03
:10FEA00030820608448206081B99002940F34F82DD
:10FEB000DDE911318B42A8BF0B46002B1D460EDD3C
:10FEC000229B1099CAF8001001332A44072B239271
:10FED000CAF80450229300F312830AF1080A119B16
:10FEE000002DA8BF5B1B002B1D4600F371811B9BDF
:10FEF00012998B42C0F2D4810799CD0700F1D081CD
:10FF00001299119CCB1A0D1B9D42A8BF1D46002DB6
:10FF10000FDD22991098CAF80450013120442A4478
:10FF20000729CAF80000CDE9221200F326830AF15E
:10FF3000080A002DACBF5D1B1D46002D7FF724ADC8
:10FF4000102D229BC54C40F3EC811026DDE90BB748
:10FF500005E00AF1080A103D102D40F3E28101335B
:10FF60001032072BCDE92232CAE90046F1DD21AA81
:10FF70005946384603F048FA00287FF420ABDDE903
:10FF80002232CA46E7E7099B0E93CDF840902DE454
:10FF9000002D7FF72EAF102DB04C40F3D8831026E4
:10FFA000DDF82CA00C9F034605E00831103D102D14
:10FFB00040F3E88101331032072BCDE92232C1E949
:10FFC0000046F2DD21AA5146384603F01DFA00280A
:10FFD0007FF4F5AADDE922324946E7E753F8044BFE
:10FFE0000F93F5067DD500250123FFF706BB0F9A79
:10FFF00052F8044B0F9216F0100200F0E180002539
:020000040806EC
:10000000FFF7FBBA079CE4073FF5C0AE0124109D43
:10001000CAF80050072BCDE92232CAF8044000F399
:100020000D8102300AF1100AE3E6302B00F0328134
:10003000109A0239302302F8013CA9EB01030E9318
:100040001091FFF7D3BB079BDF073FF5E3AD9BE4C0
:1000500021AADDE90B1003F0D7F900287FF4AFAA3D
:10006000239AC5E4CDF84090FFF7C0BB0025DEE43D
:10007000E517002C75F10003BFF688AB099B6442BD
:100080004FF02D0765EB450501338DF867707FF460
:1000900083AB002D08BF0A2C0796FFF4C0AE4E4676
:1000A000204629460A220023FBF7E8FA303206F8F8
:1000B000012D2046294600230A22FBF7DFFA0446D9
:1000C0000D4654EA0503EBD1A9EB060310960E93F7
:1000D000FFF78CBB0A9A1046D117C3E90001FFF75E
:1000E000C8B9700648BFA4B200250123FFF785BA3E
:1000F000B4EE488BF1EE10FA80F10183099B5A1C93
:100100002BF0200500F03682472D00F06C8146F47C
:100110008073079318EE903A002BC0F20C82B0EE79
:1001200048AB0027BBF1660F00F00D82BBF1460F14
:1001300000F05E82452D00F05B811FA81CA91BAA60
:100140000223099C0292CDE903100093019453EC21
:100150001A2B0C9801F0BCFFBBF1670F109040F018
:100160002183F30740F16B81109B099A9918B5EE32
:1001700040ABF1EE10FA40F0D2810B46109A9B1A78
:100180001293472D1B9B119300F06281BBF1660F08
:1001900040F06681119B002B099B40F3D182002B1C
:1001A00040F0C482F60700F1C182119B08930E93C0
:1001B000002F40F0808109979DF86770FFF7A5BA7E
:1001C00016F040031CBF1346A4B20025FFF715BA72
:1001D000102D229B214C40F3E5801026DDE90BB762
:1001E00005E00AF1080A103D102D40F3DB800133D1
:1001F0001032072BCDE92232CAE90046F1DD21AAEF
:100200005946384603F000F900287FF4D8A9DDE903
:100210002232CA46E7E740210C98EBF7F7FD0B9B2B
:1002200018601861002800F0BF820B9A40235361C8
:10023000FFF70FB964420D940F90AAE421AADDE9FB
:100240000B1003F0E1F800287FF4B9A9DDE92202E0
:100250000DF1C00A01304946CBE500BF44820608D3
:1002600021AADDE90B1003F0CFF800287FF4A7A93D
:10027000239ACA46DEE4099B109F0997062B28BFE4
:10028000062308930E93B94B0F940796119710937A
:10029000FFF73BBA109BA9EB03030E93FFF7A6BA37
:1002A00022991598CAF800001498CAF80400013180
:1002B000024407292392229100F315810AF1080ACA
:1002C0001EE60A9A1A60FFF7D4B821AADDE90B10DE
:1002D000179303F099F800287FF471A99DF86770CF
:1002E000239A179BCA46FFF7E4BA21AADDE90B104F
:1002F00003F08AF800287FF462A9DDE9223249463A
:100300004FE521AADDE90B1003F07EF800287FF409
:1003100056A9DDE9223249464FE5012B7FF448AA70
:100320007DE501332A44072BCDE92232CAE9004595
:100330007FF728AB14E521AADDE90B1003F064F880
:1003400000287FF43CA9239ACA46FFF7D4BA229B1F
:100350008748CAF80000013301320120072BCDE99C
:100360002232CAF804003FF7CDAC0AF1080AD4E4FF
:1003700021AADDE90B1003F047F800287FF41FA93C
:10038000CA4641E4581C01F108032A440728239275
:10039000C1E9004522903FF751AF013003F1080A4F
:1003A000194626E501332A44072BCDE92232CAE952
:1003B000004500F32E810AF1080A98E51098FEF72F
:1003C0005FFC002320EAE0720E9009930F940796D9
:1003D000089211939DF86770FFF797B9079BDE07A6
:1003E0007FF5D2AA9EE4002B08BF012309938EE675
:1003F000099B1FA85C1C1CA91BAA0223CDE90310A2
:1004000002920093019453EC1A2B0C9801F060FEB9
:100410001090BBF1470F40F0AC81F30740F1AC8185
:10042000109BBBF1460F03EB04017FF4A0AE109BC1
:100430001B78302B00F058811B9C214497E61B9AB7
:100440001F9B1192109A472DA3EB0203129307D121
:10045000119BDA1C02DB099A9A4233DAABF1020BE8
:10046000119B8DF874B0013B002B1B93BDBF119BFA
:10047000C3F101032D222B22092B8DF8752000F3E7
:100480000081303330228DF877308DF876201EAB26
:100490001DAA9B1A129A1693012A13440E9340F335
:1004A0003B810E9B149A13440E9323EAE373089343
:1004B000002311937CE62D2700238DF867700993A4
:1004C000FFF726B9DDE911318B427DDBF40740F1FE
:1004D0000481119B149A13440E9323EAE373089347
:1004E0004FF0670B64E621AADDE90B1002F08CFFE8
:1004F00000287FF464A81B9B239ACA4600E521AA22
:10050000DDE90B1002F080FF00287FF458A8239A41
:10051000CA46E4E42D278DF86770FFF7EABA1F9BFF
:100520008B42BFF42BAE30205A1C1F9218701F9BB9
:100530009942F9D822E6B1EE48AB2D27F2E5002327
:100540000993FEF7CDBF1CA9099C01941FA81BAA03
:100550000323CDE90310029200930C9853EC1A2B5D
:1005600001F0B6FD1090011961E700BF288206086E
:100570003082060806230993C9E521AADDE90B109C
:1005800002F042FF00287FF41AA81B9B1299239ABD
:10059000CB1ACA46CDE4099B08930E9309900F9499
:1005A000079611909DF86770FFF7AFB821AADDE9B3
:1005B0000B1002F029FF00287FF401A81B99DDE948
:1005C0002232CA46FFF7BEBB149A129B1344119AFB
:1005D0000E93002A06DC119B0E9AC3F101031A4404
:1005E00013460E9223EAE37308934FF0670BDFE59F
:1005F0001FA81CA91BAA0323099C0292CDE9031082
:100600000093019453EC1A2B0C9801F061FD1090AB
:1006100006E721AADDE90B1002F0F6FE00287EF4C1
:10062000CEAF239ACA4662E44D421031704C1CDAB8
:100630001026DDE90BB704E00AF1080A103D102D81
:1006400013DD01331032072BCDE92232CAE900460F
:10065000F2DD21AA5946384602F0D6FE00287EF483
:10066000AEAFDDE92232CA46E8E701332A44072B60
:10067000CDE92232CAE900456EDC0AF1080AFFF72B
:1006800064BB0DF1830528465A4C00E01046A4FBDC
:100690000321C90801EB8102A3EB42023032092990
:1006A00000F8012C0B4600F1FF32EFDC303302384A
:1006B000DBB2854202F8013C71D90DF1760011469A
:1006C00001E011F8013B00F8013B8D42F9D121AB6B
:1006D0009B1A0DF176021344DAE623EAE3720892DC
:1006E0000E934FF0670B63E5B5EE40ABF1EE10FAF9
:1006F0003FF4A2AEC4F101041B94214437E518EE87
:10070000903A002BB6BF2D279DF867708DF8677063
:10071000394A3A4BFFF7EFB916F0010311937FF412
:10072000C0AE0E9B23EAE373089341E5119B149A34
:100730001344099A1A4422EAE2730E92089337E5A9
:100740003BB9F50705D4012308930E9330E55346D2
:100750001BE6149B0133ECE721AADDE90B1002F044
:1007600053FE00287EF42BAFDDE92232CA46FFF7A4
:10077000ECBA109B1919FAE41B9A1F9B1192109A5C
:100780009B1A129364E60F9D98F801302C688046FE
:1007900044EAE474281D09940F90FEF79EBE0DF103
:1007A000760375E6099C34E60C9A0C2313604FF02F
:1007B000FF330A93FEF70CBF8DF86710FEF7AFBF4B
:1007C0008DF86710FFF77DB98DF86710FFF722B934
:1007D0008DF86710FFF75CB98DF86710FFF79DB9CA
:1007E0008DF86710FEF7C1BF8DF86710FFF7DEB90F
:1007F00044820608CDCCCCCCFC810608F8810608E2
:1008000010B50446FCF7D8FF2044437803F00303F7
:10081000012B08BF2034204610BD00BF000000009F
:100820002DE9F04F2DED068BBDB01C468846924653
:1008300005460A9002F0A8FA036813931846FEF7DB
:100840001FFA0E9412901DB1AB6B002B00F00581C6
:10085000D8F86410B8F90C20C80793B202D49905EF
:1008600040F147819F040AD4D8F8641042F4005341
:1008700021F40051A8F80C30C8F864109BB21E0790
:1008800040F1B180D8F81020002A00F0AC8003F0CD
:100890001A020A2A00F0C58000239FEDA18B9FED6C
:1008A000A29B1193CDE92033CDE9143309932CABEE
:1008B0001F939946C3469AF80030002B00F08082BF
:1008C000252B544602D11EE0252B03D014F8013FFE
:1008D000002BF9D1A4EB0A058DB1DDE920320133FB
:1008E0002A44072BC9F800A0C9F80450CDE92032EA
:1008F00000F3DC8009F10809099B2B440993237854
:10090000002B00F05D824FF0000300228DF85F3075
:1009100066780B924FF0FF331146174604F1010A37
:1009200008930AF1010AA6F12003582B00F2E38391
:10093000DFE813F0DA02E103E103E202E103E1039D
:10094000E103E103E103E10332033E03E103AE030C
:100950007F03E1036002E700E700E700E700E7004C
:10096000E700E700E700E700E103E103E103E1035B
:10097000E103E103E103E103E103E103990343033D
:10098000E1034303E103E103E103E103B803E1030E
:10099000E1039700E103E103E103E103E103AB00BD
:1009A000E103E1036502E103E103E103E103E103A4
:1009B000E103E103E103E103E103BF02FE004303BE
:1009C000430343034E02FE00E103E1035302E1034C
:1009D000220399006F03B303E103FC02E103AD00BE
:1009E000E103E103E70241460A9801F067FA88B1A2
:1009F000D8F86430DD0704D4B8F80C309C0540F119
:100A000072834FF0FF33099309983DB0BDEC068B1C
:100A1000BDE8F08FB8F80C3003F01A020A2A7FF410
:100A20003BAFB8F90E20002AFFF636AFD8F86420A5
:100A3000D00705D4990503D4D8F85800FCF7D0FEA8
:100A40002346524641460A9801F032F90990099826
:100A50003DB0BDEC068BBDE8F08F0A98FCF7C6F8F8
:100A6000F6E647F0100717F0200340F020830E9AB7
:100A700052F8044B0E9217F0100204D117F0400305
:100A80001CBF1346A4B20025D9E147F01007BA06EF
:100A90000E9B00F1178353F8044B0E93FB0602D410
:100AA0007D0648BFA4B200250123C8E11FAA59460C
:100AB0000A9802F05FFD50B90DF1B0091CE71FAABA
:100AC00059460A9802F056FD002800F07081D84679
:100AD000D8F86420B8F80C30D00702D4990540F15A
:100AE000FB825A068DD409983DB0BDEC068BBDE85B
:100AF000F08FD8F85800FCF771FEB8F90C2093B2CB
:100B0000B0E6A6F1300300201AF8016B00EB80007C
:100B100003EB4000A6F13003092BF5D90B9002E757
:100B20000000000000000000FFFFFFFFFFFFEF7F5D
:100B3000002A41F08A80BA060E9B40F19D8207335D
:100B400023F00703D3E9004503F108020E92002CBD
:100B500075F10003C0F29B849DF85F300C93089BF5
:100B6000013300F0A18427F08002069254EA0502C6
:100B70004FF0010340F07481089A002A40F040854C
:100B8000002B40F0528417F001030D9300F05D85B7
:100B90000DF1F008302308F8413D089B0D9A93426F
:100BA000B8BF13460793002310930C9B13B1079B08
:100BB00001330793069B13F002030F9302D0079BA8
:100BC00002330793069B219A13F084073CD10B9BB9
:100BD00007995C1A002C37DD102C2099BF4D25DDBC
:100BE00048461023C146B0460A9E04E0103C102C33
:100BF00000F1080017DD013110320729CDE920127C
:100C0000C0E90053F2DD1FAA594630460C9302F0AA
:100C1000B1FC00287FF45BAF103C102CDDE9201202
:100C20002CA80C9BE7DC4646C8468146013122448D
:100C30000729CDE92012C9E9005400F357849DF833
:100C40005F300C9309F108090C9B73B120990131B5
:100C500001320DF15F0401200729CDE92012C9E915
:100C6000004000F3778309F108090F9B6BB1209BCB
:100C70000133023218A80221072BCDE92032C9E93D
:100C8000000100F3738309F10809802F00F0A482AA
:100C9000089B0D995D1A002D2FDD102D209B904C87
:100CA00020DD49461027DDF8289004E0103D102D86
:100CB00001F1080115DD01331032072BCDE9203297
:100CC000C1E90047F2DD1FAA5946484602F052FC2E
:100CD00000287FF4FCAE103D102DDDE920322CA958
:100CE000E9DC894601332A44072BCDE92032C9E9E2
:100CF000004500F3498309F10809069BD90500F175
:100D00001182209B0D99C9F8008001330A44072BFA
:100D10002192C9F80410209300F3FD8209F108091B
:100D2000069B5C0738D50B9B07995C1A002C33DDBA
:100D3000102C209B694D1EDD10260A9F04E0103CFC
:100D4000102C09F1080916DD01331032072BCDE90B
:100D50002032C9E90056F2DD1FAA5946384602F092
:100D600009FC00287FF4B3AE103C102CDDE92032E2
:100D70000DF1B009E8DC01332244072BCDE9203224
:100D8000C9E9005408DD1FAA59460A9802F0F2FB8F
:100D900000287FF49CAE219A099B0B990798814209
:100DA000ACBF5B181B180993002A7FF488AE0023A0
:100DB00020939AF800300DF1B009002B7FF480AD3C
:100DC000219BD846002B40F07586002320937FE6B8
:100DD00047F040079AF80060A3E59AF800606C2E8F
:100DE00003BF9AF8016047F020070AF1010A47F0B3
:100DF000100796E547F080079AF8006091E5002A11
:100E000040F03D87374B1493B8060E9B40F182802B
:100E1000073323F00703D3E9004503F108020E92DC
:100E2000FB0740F1AF8254EA050300F0AB823023A8
:100E30008DF860308DF8616047F0020702234FF0B3
:100E400000028DF85F20089A013200F070820022C3
:100E50000C9227F08002069254EA05023FF48CAE11
:100E6000012B00F06A82022B00F0F8812CA900E02F
:100E70004146E20842EA4572E80804F007030546E5
:100E80001446303354EA050201F8013C01F1FF3801
:100E9000EED1069AD00740F1F281302B00F0EF81BD
:100EA0003023023908F8013C2CAB5B1A0D938846BD
:100EB00073E60E9906970B688DF888304FF00002A4
:100EC00001208DF85F200B1D002207900C92CDE9C8
:100ED0000D03089210920DF188086BE65482060803
:100EE00064820608008206089AF8006000297FF4F0
:100EF00018AD0122202114E547F001079AF800609F
:100F00000FE5002A40F0B786BB4B1493B8060E9B42
:100F10003FF57EAF53F8044B0E93F90600F1AF8214
:100F20007A0640F1AC82A4B2002579E70E9BD3F893
:100F300000804FF000028DF85F201C1DB8F1000FFB
:100F400000F0A084089A531C00F0F284002140466F
:100F5000FCF78EFF002800F06D84A0EB08030D93D2
:100F600023EAE373002207939DF85F3008920E9402
:100F7000069710920C9318E6002A40F078860E9A95
:100F8000BC0652F8043B0E9240F17083099A104659
:100F9000D117C3E900018EE40E9B9AF8006018682F
:100FA0000B90002803F10403C0F219840E93B8E4F7
:100FB0009AF8006001222B21B3E4002A40F0538606
:100FC0000E9B073323F0070393ED008B0833B0EE3D
:100FD000C87BB4EE497BF1EE10FA0E9340F35683D2
:100FE000B5EEC08BF1EE10FA00F1FD839DF85F3095
:100FF0000C93824A824B0321002027F08004CDE924
:1010000007100694472ECCBF904698460D9110903D
:10101000CBE50E9A784B14681493043247F63003EC
:10102000ADF8603047F002070E92002502237826C3
:1010300005E79AF800602A2E0AF1010000F0F68513
:10104000A6F13003092B824600F2C58400201AF86D
:10105000016B00EB800003EB4000A6F13003092B8D
:10106000F5D908905FE4002A40F0F98547F01007B1
:10107000BA060E9B3FF563AD53F8044B0E93FD0685
:1010800000F1FF81780640F1FC8124B2E5175EE5AE
:101090009AF8006047F0040743E447F020079AF805
:1010A00000603EE447F008079AF8006039E40E9BC0
:1010B000073323F0070303F10802D3E900450E923A
:1010C0000023BCE6073323F0070303F10802D3E94A
:1010D00000450E920123B2E6D8F85800FCF780FBD9
:1010E000B8F80C30FDE4D8F85800FCF779FB4FF065
:1010F000FF330993F7E4002A40F0AD85002E3FF45A
:101100005FAE002301224FF0000107920C938DF88F
:1011100088608DF85F1006970D92089310930DF17B
:10112000880847E5652E40F3AF80B5EE408BF1EEC1
:1011300010FA40F03581209B3249C9F80010013384
:1011400001320121072BCDE92032C9F8041000F348
:101150003B8309F10809119A199B9342219A03DBF9
:10116000069BDB077FF5DCAD209B1399C9F80010C7
:101170001299C9F8041001330A44072BCDE9203233
:1011800000F3748309F10809119B5D1E002D7FF7A0
:10119000C7AD102D209B1C4C40F3368210260A9FB1
:1011A00005E009F10809103D102D40F32D820133AF
:1011B0001032072BCDE92032C9E90046F1DD1FAA24
:1011C0005946384602F0D6F900287FF480ACDDE9B4
:1011D00020320DF1B009E6E70B9B07995D1A002D4F
:1011E0007FF756AD102D209B074C2BDD494610276D
:1011F000DDF828900FE000BF14820608F48106088D
:10120000F08106083082060864820608103D102D21
:1012100001F1080115DD01331032072BCDE9203231
:10122000C1E90047F2DD1FAA5946484602F0A2F97B
:1012300000287FF44CAC103D102DDDE920322CA9A4
:10124000E9DC894601332A44072BCDE92032C9E97C
:10125000004500F3FE8109F1080919E514980DF124
:10126000B008230904F00F0143EA05732A091C465C
:101270001546435C08F8013D54EA0503F1D12CAB57
:10128000A3EB08030D9388E4119C2098012C02F134
:10129000010200F1010309F1080140F30781012077
:1012A000072BC9F80080CDE92032C9F8040000F30B
:1012B0008F811298139C01330244072BCDE9203211
:1012C000C1E9004000F390810831119CB5EE408BDC
:1012D000F1EE10FA03F1010004F1FF3501F1080904
:1012E00000F0A98008F101042A4407280C6021922B
:1012F0004D60209000F3EB8001F11004981C4946EA
:10130000A146159C4C6022441BAB072821922090DB
:101310000B607FF705AD1FAA59460A9802F02AF91B
:1013200000287FF4D4AB219A0DF1B009F8E4002233
:10133000012B06970C927FF496AD002D08BF0A2C66
:1013400080F06C810DF1F0083034012308F8414D34
:101350000D9322E41FAA59460A9802F00BF90028BF
:101360007FF4B5AB219A0DF1B0097EE41FAA59466E
:101370000A9802F0FFF800287FF4A9AB219A0DF13A
:10138000B00982E402235AE51FAA59460A9802F0DE
:10139000F1F800287FF49BAB219A0DF1B009ACE481
:1013A0001999002940F3DC81DDE910318B42A8BF97
:1013B0000B46002B1D460DDD209BC9F80080013334
:1013C0002A44072B2192C9F80450209300F3D982B4
:1013D00009F10809109B002DA8BF5B1B002B1D46BF
:1013E00040F39F80102D209BA74C40F35C82102679
:1013F0000A9F05E009F10809103D102D40F35382C2
:1014000001331032072BCDE92032C9E90046F1DD66
:101410001FAA5946384602F0ADF800287FF457ABB2
:10142000DDE920320DF1B009E6E7089B0D930DF1DF
:10143000B008FFF7B2BB002D7FF763AF102D924CC1
:1014400040F3CA83102603460A9F05E00831103D89
:10145000102D40F3FB8101331032072BCDE92032F0
:10146000C1E90046F2DD1FAA5946384602F082F86B
:1014700000287FF42CABDDE920322CA9E7E700251A
:10148000CEE4E517002C75F10003BFF665AB089BB1
:1014900064424FF02D0865EB450501338DF85F8000
:1014A000CDF830807FF45FAB069746E7069CE507F2
:1014B0003FF5F5AE0124072BC9F80080CDE92032B5
:1014C000C9F8044003DC023009F1100919E71FAA2A
:1014D00059460A9802F04EF800287FF4F8AADDE990
:1014E00020020DF1B80901302CA90AE71FAA5946BC
:1014F0000A9802F03FF800287FF4E9AA9DF85F30CF
:101500000C93219A0DF1B009FFF79EBB1FAA594613
:101510000A9802F02FF800287FF4D9AA219A0DF139
:10152000B009199B11998B4202DB0699CE070FD5A2
:1015300020991398C9F800001298C9F804000131E5
:10154000024407292192209100F3278209F108091A
:1015500011991098CB1A0D1A9D42A8BF1D46002D57
:101560000EDD2099C9F80450013140442A4407296E
:10157000C9F80000CDE9201200F34A8109F10809F9
:10158000002DACBF5D1B1D46002D7FF7C9AB102D94
:10159000209B3D4C38DD10260A9F04E009F1080924
:1015A000103D102D30DD01331032072BCDE92032F4
:1015B000C9E90046F2DD1FAA5946384601F0DAFFB4
:1015C00000287FF484AADDE920320DF1B009E7E7B5
:1015D0001FAA59460A9801F0CDFF00287FF477AA88
:1015E000DDE920322CA964E61FAA59460A9801F0C9
:1015F000C1FF00287FF46BAADDE920322CA964E644
:10160000012B7FF430AC9DE601332A44072BCDE952
:101610002032C9E900457FF781AB7CE60DF1B008C7
:10162000204629460A220023FAF728F8303208F823
:10163000012D2046294600230A22FAF71FF8044606
:101640000D4654EA0503EBD119E60DF1B008FFF79A
:10165000A4BA1FAA59460A9801F08CFF00287FF40B
:1016600036AA219A0DF1B009FFF712BBF80606D48D
:10167000790604D5BDF824201A80FFF71CB9099A11
:101680001A60FFF718B900BF64820608B4EE488BF1
:10169000F1EE10FA80F18B82089B591C26F0200590
:1016A00000F0C580472D03D1002B08BF012308930C
:1016B00047F48073069318EE903A002BC0F28681AF
:1016C000B0EE48AB00230C93662E00F08881462EC6
:1016D00000F0DF81452D00F0C0811DA81AA919AACC
:1016E0000223089C0292CDE903100093019453EC6D
:1016F0001A2B0A9800F0ECFC672E804640F0A98275
:10170000FB0740F1DC80089B08EB0301B5EE40AB22
:10171000F1EE10FA40F04E810B46A3EB0803119353
:10172000472D199B109300F0D180662E40F0D58094
:10173000109B002B089B40F35182002B40F02D8220
:10174000FB0700F12A82109B07930D930C9B002B43
:1017500040F0FF8008939DF85F300C93FFF725BAA7
:10176000209BB248C9F80000013301320120072B49
:10177000CDE92032C9F804003DDC09F1080929B996
:10178000119B1BB9069BDF077FF5CAAA209B139804
:10179000C9F800001298C9F8040001330244072B6D
:1017A0002192209300F3348109F108090029C0F245
:1017B0008B81119901330A44072BCDE92032C9E905
:1017C00000817FF7ABAAA6E51FAA59460A9801F047
:1017D000D1FE00287FF47BA90DF1B009BBE44042A3
:1017E0000B900E9356E44FF02D088DF85F80CDF8E6
:1017F0003080FFF7FEBB1FAA59460A9801F0BAFED7
:1018000000287FF464A91999219A0DF1B009B6E76F
:101810001FAA59460A9801F0ADFE00287FF457A987
:10182000199B1199219ACB1A0DF1B009A8E606234C
:1018300008933DE7089B07930D939DF85F30089050
:101840000E94069710900C93FFF7AFB9581C01F156
:1018500008032A4407282192C1E9004520903FF758
:1018600036AE013003F1080919464AE51FAA594668
:101870000A9801F07FFE00287FF429A9219A0DF132
:10188000B00981E4089BCDF84080062B28BF0623D1
:10189000CDF82080CDE90C8307930E940697DFF8EE
:1018A0009081FFF782B901332A44072BCDE920321A
:1018B000C9E900453FF72AAE09F1080931E61D9B49
:1018C000199A10921B1A472D119306D1109BDA1CFE
:1018D00002DB089A9A4244DA023E109B8DF86C6053
:1018E000013B002B1993BDBF109BC3F101032D22B7
:1018F0002B22092B8DF86D2000F31281303330221A
:101900008DF86F308DF86E201CAB1BAA9B1A119AB4
:101910001593012A13440D9340F354810D9B129AA1
:1019200013440D9323EAE3730793002310930DE709
:101930004046FDF7A5F90023089320EAE0721093D2
:101940009DF85F300D900E94069707920C93FFF769
:101950002CB92D238DF85F300C9300230893FFF7EB
:1019600026B9DDE910318B4264DBFD0740F10F81C0
:10197000109B129A13440D9323EAE373079367268F
:10198000E4E61FAA59460A9801F0F4FD00287FF406
:101990009EA8219A0DF1B0091CE51FAA59460A9884
:1019A00001F0E8FD00287FF492A8199B219A0DF11F
:1019B000B009CDE51D9B8B42BFF4AFAE30205A1C61
:1019C0001D9218701D9B9942F9D8A6E62D23B1EE01
:1019D00048AB0C9378E600230893FEF7A4BF1AA93E
:1019E000089C01941DA819AA0323CDE903100292B3
:1019F00000930A9853EC1A2B00F06AFB80460119F9
:101A000098F80030302B00F0B780199C21447DE617
:101A10001FAA59460A9801F0ADFD00287FF457A887
:101A20001999DDE920320DF1B009BFE630820608D0
:101A300028820608DDE911321344109A0D93002A1A
:101A400006DC109B0D9AC3F101031A4413460D9254
:101A500023EAE3730793672678E6089B1DA85C1CBE
:101A60001AA919AA0223CDE9031002920093019446
:101A700053EC1A2B0A9800F02BFB8046472E40F0BF
:101A8000D280FA0740F1C880462E08EB0401B7D097
:101A90003CE61DA81AA919AA0323089C0292CDE9C5
:101AA00003100093019453EC1A2B0A9800F010FBDA
:101AB0008046E9E70A981FAA594601F05BFD002815
:101AC0003FF483A9FFF704B84D4210316E4C1CDA85
:101AD00010260A9F04E009F10809103D102D14DDBD
:101AE00001331032072BCDE92032C9E90046F2DD7F
:101AF0001FAA5946384601F03DFD00287EF4E7AFA5
:101B0000DDE920320DF1B009E7E701332A44072B64
:101B1000CDE92032C9E9004571DC09F1080948E640
:101B20000DF17B052846594C00E01046A4FB03212B
:101B3000C90801EB8102A3EB42023032092900F807
:101B4000012C0B4600F1FF32EFDC30330238DBB200
:101B5000854202F8013C75D90DF16E00114601E095
:101B600011F8013B00F8013B8D42F9D11FAB9B1AE4
:101B70000DF16E021344C8E6B5EE40ABF1EE10FA7B
:101B80003FF443AFC4F1010419942144BEE523EAB4
:101B9000E37207920D936726D8E5109B129A1344BF
:101BA000089A1A4422EAE2730D920793CEE518EEE2
:101BB000903A002B19DB9DF85F300C93344A354B7B
:101BC000FFF719BA17F0010310937FF4A7AE0D9B2E
:101BD00023EAE3730793B9E54B463AE663B9FF0797
:101BE0000AD4012307930D93B0E54FF02D088DF82B
:101BF0005F80CDF83080E1E7129B0133D0E71FAA68
:101C000059460A9801F0B6FC00287EF460AFDDE981
:101C100020320DF1B009CCE51D9B199A1092A3EB6F
:101C20000803119352E608EB04016FE50E9C9AF845
:101C30000160236843EAE3730893231D82460E93F1
:101C4000FEF76FBE0DF16E035FE68DF85F10FEF7D5
:101C500072BF089C12E78DF85F10FFF74FBA8DF83E
:101C60005F10FFF703BA8DF85F10FFF7A9B98DF881
:101C70005F10FFF784B98DF85F10FFF745B98DF855
:101C80005F10FFF7BFB800BF64820608CDCCCCCC94
:101C9000FC810608F881060810B4044C13460A4675
:101CA000014620685DF8044BFEF7BABD940E00248F
:101CB0002DE9F0410C46ADF58D6D8989666EE5899B
:101CC000199621F002010646E069ADF80C1017469E
:101CD0004FF48061626AADF80E5098461AAD002349
:101CE000079016A809920693009504950291059114
:101CF000FBF770FD43463A4669463046FEF790FDD5
:101D0000051E07DB30466946FAF7EAFE002818BFD1
:101D10004FF0FF35BDF80C305B0603D5A38943F0C7
:101D20004003A3811698FBF757FD28460DF58D6DEE
:101D3000BDE8F08170B5141E9AB005462CDB1A463A
:101D40004FF4027300910491ADF80C3013D0013CB4
:101D50004FF6FF761E9B029469460594ADF80E601F
:101D6000FDF75EFB421C01DA8B232B60009B0022F7
:101D70001A701AB070BD1E9B02944FF6FF7669462A
:101D80000594ADF80E60FDF74BFB431C01DB1AB068
:101D900070BD8B232B60FAE78B2303604FF0FF307D
:101DA000F5E700BF10B582B0054C009324681346D8
:101DB0000A4601462046FFF7BDFF02B010BD00BF36
:101DC000940E0024F8B50D461446064610B1836BF8
:101DD000002B43D0B4F90C20A369A36091B208078B
:101DE0001BD52369CBB1EDB289042F4622D52268D9
:101DF0006169D31A994229DD0133A168501C013968
:101E0000A1602060157062699A422AD0A389DB071D
:101E100001D50A2D25D03846F8BD2146304600F0C0
:101E20004DF820BBB4F90C20236991B2EDB28904BE
:101E30002F46DCD4616E42F4005221F40051A2819D
:101E4000226861666169D31A9942D5DC2146304621
:101E5000FAF746FE58B922680123CEE7FAF7C6FE24
:101E6000B8E721463046FAF73BFE0028D3D04FF0C2
:101E7000FF37D0E721B1FF2A04D80A70012070474C
:101E8000084670478A2303604FF0FF30704700BF59
:101E900070B50D46084C114606461A4628460023E2
:101EA0002360EAF7EDFD431C00D070BD2368002BD2
:101EB000FBD0336070BD00BFECFA002438B5314B65
:101EC0001B6805460C4613B19A6B002A3AD0B4F948
:101ED0000C2093B218070CD52069A8B113F00102A9
:101EE00020D0636900225B42A361A26000B300209E
:101EF00038BDD9063ED5580728D4206942F00803DA
:101F0000A3819BB20028E9D103F42072B2F5007FCF
:101F1000E4D028462146FBF793FCA389206913F0FF
:101F20000102DED1990758BF6269A2600028DED1A4
:101F3000B4F90C301A06DBD543F04003A3814FF00F
:101F4000FF3038BD1846FAF751FEC0E7216B51B19A
:101F500004F14003994204D02846E9F7A3FFB4F9FD
:101F60000C200023236300232069636022F02402F5
:101F70002060C3E742F0400209232B604FF0FF309E
:101F8000A28138BD940E002438B5074C00230546C5
:101F900008462360EAF710FD431C00D038BD2368D3
:101FA000002BFBD02B6038BDECFA00242DE9F04F5C
:101FB00003690F69BB4283B0C0F28680013F01F123
:101FC000140900F1140A59F827205AF82730BC00E8
:101FD0000132B3FBF2F80AEB0403009409EB040BA3
:101FE0000193B8F1000F38D000252E46CE46D446D6
:101FF0005EF8044BDCF80030A2B208FB0255220C5C
:102000002C0C08FB0242ADB2751B96B2C6EB134610
:1020100015FA83F306EB23469BB243EA0643F345E6
:102020004FEA12454CF8043B4FEA2646E0D2009BAB
:102030005AF803308BB9019A131F9A450CD252F803
:10204000043C4BB9A2F1080302E01A68043B1AB938
:102050009A4507F1FF37F8D30761044601F0CEF83F
:1020600000282DDB08F101085546002359F8041B10
:1020700028688AB29A1A0B0C12FA80F2C3EB10434A
:1020800003EB224392B242EA0342CB4545F8042BCC
:102090004FEA2343EAD25AF827200AEB87037AB99A
:1020A0001A1F92450BD253F8042C42B9083B02E0A8
:1020B0001A68043B1AB99A4507F1FF37F8D327612C
:1020C000404603B0BDE8F08F002003B0BDE8F08FBC
:1020D0002DE9F04F016C93B004461F4692469B4693
:1020E00041B1426C4A60012393408B6000F096FE40
:1020F000002323643D1E1F9AB4BF012300231360F5
:10210000BF4BBCBF25F00045AB46AB4300F0A580FC
:102110004BEC17ABB5EE407BF1EE10FACDE902AB1C
:102120000DD11E9A01231360209B002B00F0C2806A
:10213000B44E1E60013E304613B0BDE8F08F10AAC9
:1021400011ABCDE900322046DDE9022301F0E8F8C9
:102150005FEA1559804640F09E80DDE9101301EBDF
:10216000030909F23243202B40F38683C3F1400375
:1021700009F212429D402AFA02F32B4307EE903AED
:10218000B8EE677B09F1FF398DED027B0398DDE93D
:102190000223A0F1F87301200D9043EC172BB7EE4A
:1021A000086B9FED914B37EE466B9FED917B9FED5A
:1021B000925BA6EE047B06EE909AB8EEE66BA6EE76
:1021C000057BFDEEC76BB5EEC07BF1EE10FACDEDF1
:1021D000026A00F1D381029A162A00F2C4818A4B66
:1021E00003EBC20393ED007B4BEC16ABB4EEC67B66
:1021F000F1EE10FA40F33A83531E029300230B933F
:10220000A1EB0909B9F10103089344BF0023089326
:10221000029B4CBFC9F101094FF00009002BC0F22D
:10222000A581089A0A931146194400230891059341
:102230001C9B092B43D8052B40F31B83043B1C93A9
:10224000002306931C9B023B032B00F2EF83DFE885
:1022500013F039031A03430344041E9A42F20F7326
:102260001360BAF1000F0FD1C5F3130565B9209BB8
:10227000664E002B3FF45FAF06F10803209A30460C
:10228000136013B0BDE8F08F209B614E002B3FF42C
:1022900052AFF31CF2E70399C1F31301DDE9022306
:1022A000002041F07F53A9F2FF3943F44013109905
:1022B0000D9072E7574E304613B0BDE8F08F012302
:1022C00000224FF0FF3506931C922F4609931D9272
:1022D000002161640C97204600F07AFD0E2D064621
:1022E000206400F2BE80069B002B00F0BA800299A9
:1022F0000029CDE90EAB40F35883434A01F00F03A8
:1023000002EBC3020B11DD0692ED006B40F1078476
:10231000414A92ED087B4BEC15AB03F00F03032110
:1023200085EE074B5BB13C4AD80704D592ED007BA4
:10233000013126EE076B5B1002F10802F4D184EE46
:10234000065B0B9B3BB1B7EE007BB4EEC75BF1EED7
:1023500010FA00F14F8407EE901AB8EEE76BB1EE79
:102360000C7BA6EE057B8DED067B079BDDE906ABBE
:10237000A3F1507B002F00F0998302983A46BDEEFE
:10238000C57B214917EE103A01EBC20111ED024B5A
:1023900009993033B8EEC77BDBB235EE477B4BECA7
:1023A00016AB751C002900F0DE83B6EE003B83EE11
:1023B000045B35EE465BB4EEC75BF1EE10FA3370AA
:1023C0004BDCB7EE003B33EE476BB4EEC65BF1EE91
:1023D00010FA00F35984012A41D0B2EE044B324482
:1023E00026E000BFAFF3008061436F63A787D23F51
:1023F000B3C8608B288AC63FFB799F501344D33FF4
:102400000000F07F31820608B08206087482060858
:1024100080820608308206088882060833EE476B01
:10242000B4EEC56BF1EE10FA00F12E84954216D091
:1024300027EE047B25EE045BBDEEC76B16EE103A6B
:102440003033DBB2B8EEC66B37EE467BB4EEC57BFD
:10245000F1EE10FA05F8013BE0D50290D7E1DDE995
:102460000EAB119B002B62DB029A0E2A5FDCBE4B87
:1024700003EBC20393ED003B1D9B002BC0F2748263
:102480004BEC17AB87EE036BBDEEC66B012F16EE60
:10249000103A03F13003B8EEC65B06F10105337064
:1024A000A3EE457B21D0B2EE044B27EE047BB5EEC4
:1024B000407BF1EE10FA08D1A9E127EE047BB5EEDE
:1024C000407BF1EE10FA00F0A28187EE036BBDEEC7
:1024D000C66B16EE103A303305F8013BAB1B9F423A
:1024E000B8EEC65BA5EE437BE7D137EE077BB4EED3
:1024F000C37BF1EE10FA0ADCB4EE437BF1EE10FA86
:1025000040F0858116EE103AD90740F1808115F828
:10251000013C05E0964200F04A8312F8013C154662
:10252000392B05F1FF32F5D0013313706FE1099AB1
:1025300082B31C9A012A40F30A82059B7A1E9342B9
:10254000C0F2D5829A1A002FC0F2FE82089B3B444B
:102550004D460893B944012120460D9200F0F8FC45
:102560000D9A06901AE001230B9349E6029BA9EB12
:1025700003095B42059300230A9359E6B8EEE66B24
:10258000B4EE476BF1EE10FA3FF425AE029B013B2F
:10259000029320E6099B059A06934D46002D0BDD1C
:1025A0000899002908DDA9420B46A8BF2B46A9EBD4
:1025B0000309ED1ACB1A0893059B6BB10999002901
:1025C00000F08E829B1A002A40F0A38141461A46F1
:1025D000204600F06DFD80460121204600F0B8FC49
:1025E0000A9A0590002A40F02C811C9B012B40F395
:1025F00076810120089A104410F01F0000F01A8123
:10260000C0F12003042B40F36E83C0F11C00024490
:10261000814405440892B9F1000F05DD41464A4660
:10262000204600F095FD8046089B002B05DD1A46EC
:102630000599204600F08CFD05900B9B002B73D173
:10264000002F40F30E82099B002B00F08980002DA3
:1026500000F376810A9B002B40F0D381DDF81890BF
:102660000B96731E3B440AF001023746069E0A92FF
:102670000993059D40462946FFF798FC314682465E
:10268000404600F0BBFD294683464A46204600F0FE
:10269000D1FDC3680AF130050146002B40F0DC8112
:1026A0000690404600F0AAFD069A08901146204682
:1026B00000F0B4FB089B33B91C9A22B90A9B002B8B
:1026C00000F0E4821C9BBBF1000FC0F2188205D120
:1026D0001C9A1AB90A9A002A00F01182002B07F1FD
:1026E000010A00F32182099B3D70BB4200F02F825A
:1026F000414600230A22204600F09AFB4E458046C0
:1027000031464FF000034FF00A02204600F09E8150
:1027100000F08EFB4946064600230A22204600F0C0
:1027200087FB57468146A4E70599404600F066FDC1
:10273000002885DA029F414600230A222046013FF5
:10274000029700F075FB099B8046002B40F0B68293
:102750000C9F002F04DC1C9B022B00F3C2820C9FF9
:10276000DDF81490354604E0B082060800F060FB06
:10277000804649464046FFF719FC00F1300C05F849
:1027800001CBAB1B9F424FF00A024FF000034146C2
:102790002046EBDCCDF820C04FF0000A4146012274
:1027A000204600F0D5FC0599804600F027FD002862
:1027B00015F8012C12DC06D1089BDB070ED402E0D1
:1027C00015F8022C1D46302A05F1FF33F8D00BE036
:1027D0009E4200F0528113F8012C1D46392A05F162
:1027E000FF33F5D001321A700599204600F016FB30
:1027F000069B63B1BAF1000F05D09A4503D051464C
:10280000204600F00BFB0699204600F007FB4146EE
:10281000204600F003FB0022029B2A701E9A01331F
:102820001360209B002B3FF486AC30461D6013B034
:10283000BDE8F08F1C20089B0344814405440893A5
:10284000E9E60146204600F033FC1C9B0590012B75
:1028500040F3D28000230A93059A136902EB8303A5
:10286000186900F025FBC0F12000C3E600230B939C
:10287000C6E401230693E5E4C3F120030AFA03F357
:1028800007EE903A7CE400230993029B1D9A1344BF
:102890005F1C012FBC460C93B8BF4FF0010C002108
:1028A000BCF1170F61643D467FF715AD012204238B
:1028B0005B0003F114006045114602F10102F7D9F3
:1028C000616408E5002309931D9B002B40F3DB8026
:1028D0000C931F469C46E2E701230993F4E7BAF103
:1028E000000F7FF486AECBF31303002B40F068811A
:1028F0002BF000431B0D1B052BB1089B01330893E4
:1029000009F1010901230A9A0A93002A3FF471AEE2
:10291000A2E706990D93204600F0CAFB4246014605
:102920000690204600F01EFB41460590204600F030
:1029300075FA059A0D9B9046002B3FF44DAE45E687
:102940002A460699204600F003FC069082E60D9A7E
:10295000002A00F0378103F23343089A1A440892A0
:102960004D46059A9944F6E5002F3FF789AD40F0B2
:10297000B080B1EE047B23EE073B4BEC17ABB4EE1B
:10298000C73BF1EE10FACDE9057771DA029A3123EF
:10299000013202923370751C0599204600F03EFA10
:1029A000069B002B7FF42FAF31E700F01E81029BC6
:1029B000C04A5B4203F00F0102EBC10292ED005BE3
:1029C0009DED0E7B1B1127EE055B00F08781B0EEBD
:1029D000457BB94A00200221DD0705D592ED006B49
:1029E0000131012027EE067B5B1002F10802F3D1D2
:1029F000002805FE075BA4E4BAF1000F3FF473AFB3
:102A000028E7069B2046596800F0E2F906990B6911
:102A100002339A0005460C310C30FBF7ABFA29461D
:102A20000122204600F094FB814619E600256564EA
:102A30002946204600F0CCF94FF0FF330C931F4697
:102A4000012306461D95206409930AE500F0F0F97C
:102A50005746064681460CE6204600F0DFF9012382
:102A600031E61C9B022B7FF7EEAD002F00F0AE800D
:102A70001D9BDB43029335468EE7029A31230132D8
:102A800002923370B0E601251D952F4620E407EE33
:102A9000901AB8EEE76BB1EE0C7BA6EE057B8DEDE0
:102AA000067B079BDDE906ABA3F1507B4BEC16AB35
:102AB000B1EE047B35EE477BB4EEC67BF1EE10FA47
:102AC0004DDCB1EE466BB4EEC67BF1EE10FA7FF54D
:102AD000C6AC0023CDE90533CAE701230993D4E648
:102AE0004146059A204600F0E3FA804674E5059BCE
:102AF0000A990592D31A19440A91002223E5002B62
:102B00000895069607F101050B9E00F392809DF84B
:102B10002030DDF818A03B70CDF8189064E69DEDEC
:102B20000E4B0221FFF7FEBB2B46392B089506966C
:102B300055460B9E00F08F80089BDDF818A0CDF85D
:102B4000189001333B704FE6A9EB070503E53346C8
:102B500008950B9ECDF8189055469A461EE6002320
:102B6000CDE9053312E7012A26EE045B337011D05C
:102B7000B2EE044B324427EE047BBDEEC76B16EE7B
:102B8000103A303305F8013B9542B8EEC66B37EE8C
:102B9000467BF0D1B6EE006B35EE064BB4EEC74B7C
:102BA000F1EE10FA5ED5029015F8013CB8E430233E
:102BB0003370029B01330293324615F8013CB3E4B3
:102BC0000023A0E6109BC3F13603C6E63B460599F9
:102BD0000522204600F02CF901460590404600F001
:102BE0000DFB00283FF7D2AE42E79DED0E5B0221C0
:102BF000FFF7A7BB002F3FF44AAF0C9A002A7FF7DC
:102C00002EACB2EE044BB1EE0C6B013107EE901A14
:102C100025EE045BB8EEE77BA5EE076B8DED066B4A
:102C2000079BDDE906ABA3F1507B029B581EFFF723
:102C3000A6BB41460122204600F08AFA059980464B
:102C400000F0DCFA00282DDD089B392B03D00AF1B7
:102C5000310308935BE73922DDF818A03A70CDF80C
:102C60001890BBE536EE456BB4EEC76BF1EE10FA8B
:102C700002DCFFF7F4BB154615F8013C302B05F1DB
:102C8000FF32F8D0FFF7E9BB029049E42B46392B1D
:102C90000895069607F101050B9EDCD0BBF1000FED
:102CA000D5DC34E77FF433AF089BDA077FF52FAF2D
:102CB000CAE700BFB082060888820608069900238A
:102CC0000A22204600F0B4F80C9F0690002F3FF730
:102CD000BEAC1C9B022B04DC0C9FB8E40221FFF766
:102CE00030BB0C9FC1E63FF496ACC0F13C00A2E5BE
:102CF0000B78722B30B431D0772B2AD0612B04D0D3
:102D00001623036030BC002070474FF40275012485
:102D10004FF4847011F8013F8BB1622B16D0782BE1
:102D200011D02B2BF6D111F8013F20F01C0024F01C
:102D3000030440F0100044F00204002BEDD12C43BA
:102D4000146030BC704744F40064E3E744F480341A
:102D5000E0E74FF4C06501240820DBE700252C469E
:102D60000420D7E738B5074C002305460846236002
:102D7000E9F7F4FE431C00D038BD2368002BFBD0DC
:102D80002B6038BDECFA0024044A054B1268506BE6
:102D9000002808BF1846F030704700BF940E00248A
:102DA000C012002470B50D46084C114606461A465E
:102DB000284600232360E9F738FF431C00D070BD8C
:102DC0002368002BFBD0336070BD00BFECFA0024F9
:102DD000C36C70B505460C464BB153F8240080B166
:102DE000026843F824200023C0E9033370BD212288
:102DF0000421E8F7A0FF0346E8640028EDD1002095
:102E000070BD012101FA04F6721D28469200E8F710
:102E100092FF0028F3D0C0E90146E4E731B1C36C6A
:102E20004A6853F82200086043F82210704700BF38
:102E3000F0B50C6983B00D46064601F1140C00276D
:102E4000DCF8000081B202FB0133010C180C02FB1C
:102E500001019BB2013703EB0143BC424CF8043B38
:102E60004FEA1143ECDC3BB1AA68A24207DD05EB57
:102E70008402013453612C61284603B0F0BD6968B7
:102E8000019301313046FFF7A3FF2A69023205F1B1
:102E90000C01074692000C30FBF76CF8F26C696885
:102EA000019B52F82100286042F821503D46DEE7A0
:102EB000020C12040346C2B90304102013F07F4F22
:102EC00004BF1B02083013F0704F04BF1B01043015
:102ED00013F0404F04BF9B000230002B04DB5B006B
:102EE00001D501307047202070470020E6E700BF81
:102EF000036813F00702014607D0DA071FD49807CA
:102F00001FD55B080B600120704798B2A0B1104636
:102F100013F0FF0F04BF1B0A08301A0704BF1B0978
:102F200004309A0704BF9B080230DA0702D45B081A
:102F30000BD001300B6070471B0C1020E8E700201D
:102F400070479B080B60022070472020704700BF2D
:102F500010B50C460121FFF73BFF0122C0E9042414
:102F600010BD00BF2DE9F04F0E691469A64283B071
:102F70000F46154604DA32462F4626460D461446BD
:102F8000D7E9011306EB04084345B8BF0131FFF749
:102F90001FFF00F1140909EB880EF145009005D2DE
:102FA0004B46002243F8042B9E45FBD805F1140A3A
:102FB0000AEB840407F11403A24503EB860C61D2EB
:102FC000641B153C24F00304CDF804E0A24405F191
:102FD00010029E4605E02D0C2BD1924509F1040903
:102FE0004ED052F8045F1FFA85FBBBF1000FF2D000
:102FF00077464E46002000E0264657F8041B34680A
:103000008BB2A5B2090C240C0BFB035303440BFB3E
:10301000014000EB134034469BB243EA0043BC45F9
:103020004FEA104044F8043BE6D8706015682D0C58
:10303000D3D0D9F8003076461846CB46002100E0C0
:10304000A3463488000C05FB040001449BB25C4697
:1030500043EA014344F8043B56F8043BDBF8040020
:103060001B0C87B205FB037303EB1143B4454FEA16
:103070001341E5D89245CBF8043009F10409B0D1E9
:10308000DDF804E0B8F1000F0BDD5EF8043CAEF1B2
:10309000040E1BB105E05EF8043D13B9B8F1010858
:1030A000F9D10098C0F8108003B0BDE8F08F00BFE0
:1030B00012F003032DE9F041144607462ED10D46C8
:1030C000A4101CD0BE6C96B3E3074FF0000806D4E2
:1030D000641014D03068A8B10646E307F8D532462C
:1030E00029463846FFF73EFFB5B16A68FB6C6410AD
:1030F00053F82210296043F822500546EAD12846A9
:10310000BDE8F081324631463846FFF72BFF30608C
:10311000C0F800800646E0E70546D9E7013B0B4AC8
:1031200052F823200023FFF783FE0546C8E701215C
:103130003846FFF74DFE40F2712343610122002320
:1031400002610646B8640360BEE700BF78830608E4
:103150002DE9F04791460A690E464FEA6914D1E914
:10316000011304EB020808F101059D42074604DD46
:103170005B009D4201F10101FADC3846FFF728FEB1
:10318000002C00F1140337DD03EB8401002243F827
:10319000042B8B42FBD1346906F1140319F01F098B
:1031A00003EB840C20D0C9F1200E002200E0514630
:1031B0001C688A4604FA09F414434AF8044B53F88D
:1031C000042B634522FA0EF2F1D34A600AB108F1EA
:1031D0000205FB6C7268013D53F8221005613160F5
:1031E00043F82260BDE8F087043953F8042B41F816
:1031F000042F9C45F9D8ECE71946CCE730B40B69AD
:1032000005460069C01A0FD19B00143514311944CA
:103210002B4401E09D4207D253F8044D51F8042D90
:103220009442F7D002D3012030BC70474FF0FF30FA
:10323000FAE700BF2DE9F04113690D69ED1A002D81
:103240000E46904601F1140402F1140714D19B00BC
:10325000E2183B4401E0A24259D952F804CD53F898
:10326000041D8C45F7D009D2224633463C464646DB
:1032700017469846012501E0F6DB00257168FFF747
:10328000A7FDD8F810303669C56007EB830EBC4641
:1032900000F1140504EB860700235CF8041B54F8C6
:1032A000048B8AB213FA88F3090C9A1AC1EB1843FB
:1032B00003EB224392B242EA0342E64545F8042B6F
:1032C0004FEA2343E9D8A74217D9AE46A4465CF893
:1032D000042B13FA82F3191401EB12419BB243EA57
:1032E000014267454EF8042B4FEA2143EFD8E443EF
:1032F000274427F0030704373D44043D22B955F81D
:10330000043D013E002BFAD00661BDE8F0810021AA
:10331000FFF75EFD01220023C0E90423BDE8F08130
:103320002DE9F04383B001211F4616460A9DFFF7A1
:103330004FFDC7F30A548146C7F313030CB143F49E
:103340008013002E019323D002A840F8086DFFF7E8
:10335000CFFD002835D1DDE90023C9F81420002B6A
:103360000CBF01210221C9F81830C9F81010DCB9CE
:1033700009EB8103A0F2324028601869FFF798FD3D
:103380000B9BC0EB41101860484603B0BDE8F083CA
:1033900001A8FFF7ADFD019BC9F8143001212030D1
:1033A000C9F81010002CE3D0A4F2334808EB000356
:1033B0002B600B9BC0F135001860484603B0BDE898
:1033C000F083DDE90013C0F1200203FA02F20A43A0
:1033D000C3400193C9F81420C1E700BF70B50D4682
:1033E000084C114606461A46284600232360E9F792
:1033F000B7FB431C00D070BD2368002BFBD03360AB
:1034000070BD00BFECFA00242DE9F04F936883B043
:103410009046002B6CD017688D6882460C46086871
:10342000083742E0A38913F4906F2DD0D4E9041536
:1034300005EB4505A0EB010B05EBD575701C6D1078
:103440005844A8422A4684BF05462A465B0536D51D
:1034500011465046E8F7DAFC00283AD05A4621696E
:103460000190FAF787FDA289019B22F4906242F055
:103470008002A281A5EB0B0203EB0B0065612361C7
:103480002060A2603546B3465A464946FAF70CFE1C
:10349000D8F80830A2682068551B58449E1BA560C8
:1034A0002060C8F808601EB3083757E90296AB469B
:1034B000002EF9D0AE42B5D23546B346E4E75046C9
:1034C000E8F710FC03460028D4D121695046E8F7FC
:1034D000E9FC0C23CAF80030A389002243F0400322
:1034E0004FF0FF30A381C8E9012203B0BDE8F08F9F
:1034F0000020C8F8040003B0BDE8F08F2DE9F84FB4
:103500004B6E9C0492462DD59368126843B30E46C9
:10351000074602F1080959E9025B5FEA9B0815D0EA
:10352000043D002401E0A0450ED0324655F8041FAA
:10353000384600F079F8431C04F10104F3D100236C
:10354000CAE90133BDE8F88FDAF808302BF0030B35
:10355000A3EB0B03CAF8083009F10809002BDAD1F4
:103560000020ECE7F9F71AFF0023CAE90133BDE8B0
:10357000F88F00BF93680BB1FFF7C0BF10B41846B7
:1035800053605DF8044B70472DE9F04782B08146E7
:1035900088461446FAF7FEF8012803D108F1FF33F4
:1035A000FE2B33D9424604F15C0301A9484600F0E2
:1035B0006DF8421C06462FD020B39DF804C00025AC
:1035C0000DF1040A09E023685A1C226083F800C048
:1035D0000135B54216D215F80AC0A368013B002B8D
:1035E000A360F0DAA769BB4261462246484602DB87
:1035F000BCF10A0FE7D1FEF7E5FB431CE8D102B0AE
:10360000BDE8F087404602B0BDE8F0875FFA88FC6D
:1036100006468DF804C0D2E7A38943F04003A38196
:1036200002B0BDE8F08700BF30B50546506EB2F974
:103630000C30C007144683B09AB201D490051CD553
:10364000900406D4626E43F4005342F40052A38106
:10365000626628462246FFF797FF636EDA07054643
:1036600002D4A3899B0502D5284603B030BDA06DC6
:10367000FAF7B6F8284603B030BDA06D0191FAF70D
:10368000ADF8B4F90C3001999AB2D9E7F0B5114C04
:10369000246885B00646646B1F4651B10E4D002C60
:1036A00008BF2C46D4F8E040A047431C0CD005B01E
:1036B000F0BD094A002C08BF14460A46D4F8E04081
:1036C00001A9A047431CF2D100228A233A6033604B
:1036D00005B0F0BD940E0024C0120024024B582205
:1036E0001A604FF0FF307047ECFA0024024B58226A
:1036F0001A604FF0FF307047ECFA0024F8B500BFB5
:10370000F8BC08BC9E467047F8B500BFF8BC08BCC2
:103710009E46704700000000F0000000000000001E
:10372000E100000000000000D200000000000000E6
:10373000C300000000000000B40000000000000012
:10374000A50000000000000096000000000000003E
:10375000870000000000000078000000000000006A
:1037600069000000000000005A0000000000000096
:103770004B000000000000002831302B35292A3290
:103780000031302B352A32002831302A35292B32AE
:103790000031302A352B32002831302B35293200C8
:1037A000352B350032302D313000342A350032309F
:1037B000003130302F3400323500496E76616C694B
:1037C000642074657874206C656E67746800537447
:1037D000617274696E67204173636F6E2041454169
:1037E000442062656E63686D61726B2077697468EE
:1037F00020002072657065746974696F6E732E2E77
:103800002E0028596F752063616E2073656E6420E9
:103810006E657720636F6D6D616E64732077686984
:103820006C652062656E63686D61726B20697320E0
:1038300072756E6E696E67290053656E642027533A
:10384000544F502720746F2061626F72742062653C
:103850006E63686D61726B000A526573756C747388
:103860003A00546F74616C20656E6372797074698C
:103870006F6E2074696D653A200020C2B5730054E4
:103880006F74616C2064656372797074696F6E2007
:1038900074696D653A2000546F74616C20636F6DBC
:1038A00062696E65642074696D653A2000546F74B6
:1038B000616C2062656E63686D61726B2074696D06
:1038C000653A2000206D730041637475616C20437C
:1038D00050552075736167653A2000250041766573
:1038E000726167652074696D6520706572206F7004
:1038F00065726174696F6E3A0A002020456E6372CA
:10390000797074696F6E3A20002020446563727983
:103910007074696F6E3A20002020436F6D62696E8B
:10392000656420617665726167653A2000456E6363
:1039300072797074696F6E207468726F75676870E1
:1039400075743A20002062797465732F73004465A2
:103950006372797074696F6E207468726F756768CE
:103960007075743A2000456E6372797074696F6E79
:1039700020676F6F647075743A20004465637279D4
:103980007074696F6E20676F6F647075743A200091
:10399000546F74616C206576616C756174696F6ECB
:1039A0002074696D653A200020204576616C756150
:1039B00074696F6E3A2000456E6372797074656445
:1039C0002028666972737420626C6F636B2077695C
:1039D0007468204956293A200044656372797074EE
:1039E00065643A2000524553503A524553554C5461
:1039F0003D002831302B352900283130202B20354F
:103A000029002072657065746974696F6E73206334
:103A10006F6D706C65746564000001020304050637
:103A20000708090A0B0C0D0E0F594553004E4F00A5
:103A30003E200053544F500041626F7274696E67AC
:103A40002062656E63686D61726B2E2E2E0042657A
:103A50006E63686D61726B2061626F727465642160
:103A600000524550454154007265706561740049CB
:103A70006E76616C69642052455045415420666FF2
:103A8000726D61742E205573653A20524550454140
:103A900054205B636F756E745D205B746578745D34
:103AA00000436F756C64206E6F742066696E6420CD
:103AB00072657065617420636F756E742E20557326
:103AC000653A20524550454154205B636F756E74D2
:103AD0005D205B746578745D00434D443A474554FE
:103AE0005F53454E534F52204D4154480052455369
:103AF000503A524553554C543D33300043616E6E3D
:103B00006F74206578656375746520636F6D6D6192
:103B10006E64207768696C652062656E63686D61AC
:103B2000726B2069732072756E6E696E672E004528
:103B30006E637279707465642028776974682049AF
:103B40005620616E6420746167293A2000456E63D7
:103B500072797074696F6E2074696D653A200044E3
:103B6000656372797074696F6E2074696D653A204F
:103B70000041757468656E7469636174696F6E2065
:103B80007461672076616C69643A20004350552067
:103B9000757361676520666F7220656E63727970F8
:103BA00074696F6E2F64656372797074696F6E3AB1
:103BB0002000524553503A4552524F523D496E6390
:103BC0006F727265637420726573756C74000000A7
:103BD0000000000000000000A51D0408B91D040835
:103BE00021EC0408D9E804088919040865DA0408F6
:103BF0005DDB040859DC04088D19040805D50408A8
:103C000005D504080BD5040835D6040823D50408C7
:103C10001DD50408D11A04080B1A04086B1A0408ED
:103C200015D50408B51904082D230408D11D04086E
:103C3000CF1D04080000000000000000451F04081C
:103C4000C91F0408EB1D04083B1E0408B520040826
:103C5000992104081121040881220408EF1D040899
:103C6000531E0408F51E0408456E766965204D371D
:103C700000000000000000000000000045240408CF
:103C80006124040877A10408D3970408E194040888
:103C9000CF95040819A20408FD900408FF900408B9
:103CA0004DA404089DA404089D9104083D25040822
:103CB000852604086D9104083D240408352604086F
:103CC0006126040885910408F925040805240408E0
:103CD000092404080B2404080D24040823240408E0
:103CE00077240408B7240408EB24040813250408E7
:103CF0004128040845280408492804081003410005
:103D000072006400750069006E006F000000000022
:103D100000000000452A0408592A04083F2F04081F
:103D2000498E040800000000000000006D2A04080D
:103D3000812A040887300408498E04080000000026
:103D4000000000001D2A0408312A04085328040832
:103D5000498E04084D320408D11D0408CF1D040803
:103D60008025000000000800FFFFFFFF5F72785F02
:103D700073697A65203D3D2030005F74785F6C691F
:103D800073742E656D7074792829005F72785F6C8A
:103D90006973742E656D707479282900433A5C55F7
:103DA000736572735C456C7961735C4170704461DA
:103DB00074615C4C6F63616C5C41726475696E6FB9
:103DC00031355C7061636B616765735C61726475EA
:103DD000696E6F5C68617264776172655C6D626563
:103DE000645F706F7274656E74615C342E322E3451
:103DF0005C636F7265735C61726475696E6F5C554C
:103E000053425C5553424344432E637070007265C5
:103E1000736F6C7665722E76616C69642829000078
:103E20000000000000000000D1290408012A040855
:103E30006D2804086D2D0408892D04081D2B040825
:103E400079310408172A0408952A04085B28040815
:103E500061280408592D0408652804084D28040821
:103E60004F28040851280408160343004400430067
:103E70002000440045005600490043004500000072
:103E800089370408D11D0408CF1D040879370408B8
:103E9000D11D0408CF1D04085553426576740043B4
:103EA0003A5C55736572735C456C7961735C417003
:103EB00070446174615C4C6F63616C5C41726475E9
:103EC000696E6F31355C7061636B616765735C61EE
:103ED000726475696E6F5C68617264776172655C4B
:103EE0006D6265645F706F7274656E74615C342EB0
:103EF000322E345C636F7265735C61726475696ED7
:103F00006F2F6D6265642F706C6174666F726D2FB8
:103F1000696E636C7564652F706C6174666F726D29
:103F20002F43616C6C6261636B2E6800626F6F6C13
:103F3000282A74686973290000000000000000004E
:103F4000DD330408393404086D2804086D2D040895
:103F5000892D04081D2B040879310408172A040848
:103F6000952A04085B28040861280408592D0408D0
:103F7000652804083F3304088D35040851280408D7
:103F8000ED32040815330408693604088132040848
:103F90008D32040891200408DD2004084D21040816
:103FA00091320408211F0408891F0408953204086F
:103FB00058FBFFFF000000002934040857340408B0
:103FC00023B70408F3B6040855B70408EFB604088D
:103FD000EFB60408EFB6040859B704085DB7040843
:103FE00059B70408553204085B32040867320408E4
:103FF0006B32040871320408773204087B320408FB
:104000000D330408373304087D3204087F32040876
:1040100054FBFFFF00000000313404084F34040853
:1040200040FBFFFF000000003D1F0408C31F040801
:10403000EB1D040893320408AD2004089121040804
:104040000B2104086D370408873204088F320408F6
:10405000A5320408000000000000000057380408E2
:104060006E616E00696E66006F766600525458206D
:1040700056352E352E33007274785F74696D657213
:10408000007274785F69646C6500000000000000D5
:104090000000000000000000000000000000000020
:1040A0000000000000000000000000000000000010
:1040B0000000000000000000000000000000000000
:1040C0000000000005000000E803000005000000FB
:1040D000602F00241000000000000000000000001D
:1040E00000000000000000000000000000000000D0
:1040F00000000000000000000000000000000000C0
:1041000000000000000000000000000000000000AF
:104110000000000000000000001000003841060808
:10412000744106084D6604082D6604085C410608C3
:1041300004000000000000008140060800000000AC
:104140006830002444000000B030002480030000E8
:10415000010000000100000000000000000000005D
:1041600000000000A02F002434000000D42F002401
:1041700050000000774006080000000024300024B2
:104180004400000030340024000300002800000038
:1041900001000000000000006D616C6C6F635F6DDA
:1041A0007574657800656E765F6D757465780073FB
:1041B000696E676C65746F6E5F6D75746578006DA0
:1041C00061696E00507265206D61696E207468725D
:1041D000656164206E6F742063726561746564004C
:1041E0004661696C656420746F2073746172742019
:1041F00052544F5300000000AF4106080B0000006E
:1042000074D900241C000000434D5349532D5254CF
:104210004F53206572726F723A20537461636B2042
:104220006F766572666C6F7700434D5349532D521C
:10423000544F53206572726F723A20495352205185
:1042400075657565206F766572666C6F7700434D96
:104250005349532D52544F53206572726F723A2056
:10426000557365722054696D65722043616C6C6290
:1042700061636B205175657565206F766572666C3C
:104280006F7700434D5349532D52544F532065725D
:10429000726F723A2053544420432F432B2B206CCF
:1042A000696272617279206C696273706163652002
:1042B0006E6F7420617661696C61626C6500434D5C
:1042C0005349532D52544F53206572726F723A20E6
:1042D00053544420432F432B2B206C69627261722C
:1042E00079206D7574657820696E697469616C698F
:1042F0007A6174696F6E206661696C656400434D14
:104300005349532D52544F53206572726F723A20A5
:10431000556E6B6E6F776E004E6F7420616C6C6FB4
:1043200077656420696E2049535220636F6E74650F
:1043300078740053797374656D206973206F757498
:10434000206F66206D656D6F727900506172616DCE
:1043500065746572206572726F72005265736F7555
:10436000726365206E6F7420617661696C61626C46
:1043700065004F7065726174696F6E206E6F742096
:10438000636F6D706C657465642077697468696EBD
:10439000207468652074696D656F7574207065722E
:1043A000696F6400556E7370656369666965642042
:1043B00052544F53206572726F7200001843060802
:1043C000334306084B4306085B430608724306085E
:1043D000A44306082E2F6D6265642D6F732F636DE5
:1043E0007369732F6465766963652F72746F732FB9
:1043F000736F757263652F6D6265645F7274785F49
:1044000069646C652E637070007469636B735F73AD
:104410006C657074203C2072746F733A3A4B65720D
:104420006E656C3A3A776169745F666F725F753377
:10443000325F6D61780066726571203D3D203130DC
:1044400030300068616E646C6572203D3D20284903
:10445000525148616E646C65725F74294E564943CF
:104460005F476574566563746F72286972712900BD
:10447000696B0408D11D0408CF1D04082E2F6D623E
:1044800065642D6F732F706C6174666F726D2F6928
:104490006E636C7564652F706C6174666F726D2FDE
:1044A00043616C6C6261636B2E68004572726F725F
:1044B000203A204554485F54585F444553435F4376
:1044C0004E54206E6F742073756666696369656EFD
:1044D000740053544532004572726F7220726574D5
:1044E00075726E65642062792048414C5F4554487E
:1044F0005F5472616E736D697420282564290070A1
:104500006F7765725F646F776E004572726F723A93
:104510002072657475726E65642062792048414C22
:104520005F4554485F4765745278446174614C65D7
:104530006E677468004554482062756666657273DC
:10454000203A202575205278202575205478006C5B
:104550006F775F6C6576656C5F696E69745F7375A4
:10456000636365737366756C004572726F72206663
:10457000726F6D2065746865726E65742048414C79
:10458000202848414C5F4554485F444D4145727274
:104590006F7243616C6C6261636B290A00457272D1
:1045A0006F722066726F6D2065746865726E6574D7
:1045B0002048414C202848414C5F4554485F4D41BC
:1045C000434572726F7243616C6C6261636B290A5E
:1045D00000656D61635F6C696E6B5F7374617465B8
:1045E0005F63622073657420746F20747275650058
:1045F000656D61635F6C696E6B5F73746174655F39
:1046000063622073657420746F2066616C7365004B
:1046100073746D33325F656D61635F746872656179
:1046200064000000F1770408D11D0408CF1D0408C0
:104630000000000000000000997004089F7004084A
:1046400091710408A37004080D740408A77004088D
:10465000F170040819770408A57104084D75040861
:1046600059750408A7700408A7700408A970040805
:10467000AB700408BF700408D1700408B970040856
:104680007379735F6D626F785F747279706F737432
:10469000206572726F720A007379735F6D7574654D
:1046A000785F6C6F636B206572726F720A0073794A
:1046B000735F6D757465785F756E6C6F636B206585
:1046C00072726F720A007379735F617263685F70F0
:1046D000726F74656374206572726F720A00737909
:1046E000735F617263685F756E70726F7465637417
:1046F000206572726F720A0018000F0031F00024FA
:10470000983A002410000800F6DC00249C3A0024AB
:10471000100008009FF20024A03A0024CC000400FE
:10472000FEEC0024A43A00241000080098E00024C5
:10473000A83A0024600205001BE10024AC3A0024E2
:104740001C000400FCDD0024B03A00242000050019
:10475000F2DE0024B43A0024100010009CF1002482
:10476000B83A0024100008006FDE0024BC3A002490
:104770001000080079DD0024C03A0024A4000400E1
:1047800063DA0024C43A00241C00040022F300244D
:10479000C83A00241000100095DF0024CC3A002411
:1047A00028000400C0D90024D03A0024404706085D
:1047B000A04706087C47060888470608944706086D
:1047C0004C470608F8460608104706081C47060826
:1047D0006447060870470608044706085847060855
:1047E00028470608344706082E2F6D6265642D6F32
:1047F000732F706C6174666F726D2F696E636C7568
:1048000064652F706C6174666F726D2F53696E678B
:104810006C65746F6E5074722E680070203D3D2080
:104820007265696E746572707265745F63617374CA
:104830003C54202A3E28265F6461746129000000F0
:104840000000000000000000897E04088B7E040840
:10485000BD7E0408D17E04080000000000000000B6
:104860001581040825810408651C0408551D0408E9
:104870002E2F6D6265642D6F732F64726976657279
:10488000732F736F757263652F515350492E637088
:1048900070007375636365737300010204000000A8
:1048A0000000000000000000ED84040811850408E9
:1048B000C5840408D98404082E2F6D6265642D6FA9
:1048C000732F647269766572732F736F7572636587
:1048D0002F53657269616C426173652E637070005D
:1048E0005F7374617469635F70696E6D6170203DA0
:1048F0003D204E554C4C0000000000000000000020
:104900002585040825850408B9890408218A040836
:104910000000000000000000513804080000000002
:10492000000000002585040825850408298C04085A
:10493000458C04085F8C0408AD8C0408AB8B04081C
:10494000B78B0408C38B0408CB8B0408058C0408C0
:10495000178C0408D38B040878FFFFFF00000000C9
:104960003D8C0408598C0408D38C0408A58C0408D9
:10497000B18B0408CF8B0408A78B0408C78B0408ED
:104980000D7F0408177F0408BD8B04085532040806
:104990005B320408673204080F8C0408218C040879
:1049A000FD8B04087B3204082E2F6D6265642D6F29
:1049B000732F647269766572732F7573622F736FCC
:1049C000757263652F4173796E634F702E637070DB
:1049D000005F77616974203D3D204E554C4C005F6F
:1049E0006C697374203D3D204E554C4C0000000016
:1049F00000000000000000000000000000000000B7
:104A000051380408498E04082E2F6D6265642D6F9D
:104A1000732F647269766572732F7573622F736F6B
:104A2000757263652F5553424465766963652E63DD
:104A30007070005F6C6F636B6564203E20300044D3
:104A400065766963652073746174652069732022DB
:104A5000506F776572656422206F722022446574FE
:104A60006163686564220054686520656E64706FD8
:104A7000696E74206973206E6F7420696E64657846
:104A800061626C652E005F7472616E736665722E72
:104A9000757365725F63616C6C6261636B203D3D31
:104AA000205265717565737458666572446F6E65E2
:104AB0000054686520737461636B206973207761AB
:104AC0006974696E67206F6E20612075736572204E
:104AD00063616C6C6261636B20666F7220746865E1
:104AE0002062756666657220746F2066696C6C2042
:104AF0006F72207374617475732E005F7472616ECF
:104B0000736665722E757365725F63616C6C62614A
:104B1000636B203D3D20536574436F6E6669677516
:104B2000726174696F6E005F7472616E7366657234
:104B30002E757365725F63616C6C6261636B203D9F
:104B40003D20536574496E74657266616365005FEC
:104B50007472616E736665722E757365725F6361E0
:104B60006C6C6261636B203D3D20526571756573AD
:104B7000740021636F6E6669677572656428290029
:104B80005468652073697A65206F662074686520B3
:104B90006461746120746F207265616420697320A0
:104BA0006C657373207468616E20746865206D6134
:104BB00078207061636B65742073697A6520666F15
:104BC00072207468697320656E64706F696E742EEC
:104BD0000054686520656E64706F696E7420697337
:104BE000206E6F7420696E64657861626C65005335
:104BF000697A65206265696E672077726974746589
:104C00006E20697320746F6F206C617267652E006F
:104C10002128696E666F2D3E666C616773202620C1
:104C2000454E44504F494E545F454E41424C4544D9
:104C300029006D61785F7061636B65745F73697A79
:104C400065203C3D203130323400215F696E69744B
:104C500069616C697A656400000000000000000072
:104C6000000000000000000077A10408D3970408AA
:104C7000E1940408CF95040819A20408FD900408E3
:104C8000FF9004084DA404089DA404089D91040805
:104C900005910408513804086D91040875910408C1
:104CA000959104087D910408859104088D9104086C
:104CB00005240408092404080B240408B7900408F8
:104CC0005138040851380408513804085138040890
:104CD00051380408DD91040809920408BD910408C4
:104CE000040309041603300031003200330034009D
:104CF00035003600370038003900160355005300E0
:104D00004200200044004500560049004300450091
:104D1000080355005300420012036D006200650055
:104D200064002E006F00720067000603300031003F
:104D3000657175657565002E2F6D6265642D6F73E5
:104D40002F6576656E74732F736F757263652F6D43
:104D50006265645F7368617265645F7175657565CE
:104D6000732E63707000737461747573203D3D2001
:104D70006F734F4B007368617265645F6576656E33
:104D8000745F7175657565002E2F6D6265642D6F9A
:104D9000732F68616C2F736F757263652F6D626519
:104DA000645F637269746963616C5F73656374697E
:104DB0006F6E5F6170692E6300216172655F696E5D
:104DC00074657272757074735F656E61626C656430
:104DD00028290000DC4D0608504700240D8D0508E9
:104DE0005D8C0508A18C0508D58E0508FD8E05088B
:104DF0006D8C05089D9005083D8C0508010000009C
:104E0000636F756C64206E6F742070696E6F75745B
:104E10000070696E6D6170206D69732D6D617463D2
:104E2000680070696E6D6170206E6F7420666F75BA
:104E30006E6420666F722070657269706865726159
:104E40006C0070696E6D6170206E6F7420666F7596
:104E50006E6420666F722066756E6374696F6E0093
:104E60002E2F6D6265642D6F732F68616C2F736FC9
:104E7000757263652F6D6265645F7469636B6572DB
:104E80005F6170692E63006D617463685F7469634C
:104E90006B20213D2071756575652D3E7469636BCE
:104EA0005F6C6173745F72656164005469636B6504
:104EB00072206672657175656E6379206973207AF8
:104EC00065726F005469636B6572206E756D626503
:104ED00072206F6620626974206973206772656151
:104EE000746572207468616E203332206F72206C9A
:104EF000657373207468616E203420626974730076
:104F0000084F0608884700241DA5050835A5050893
:104F10007DA5050891A5050841A505085DA505081D
:104F200071B1040841A40508000000002E2F6D6235
:104F300065642D6F732F68616C2F736F7572636575
:104F40002F6D70752F6D6265645F6D70755F76375C
:104F50006D2E6300726567696F6E73203E3D20346D
:104F6000000D1B5B324B001B5B33316D0025730062
:104F70001B5B33336D001B5B33396D001B5B3934B6
:104F80006D005B455252205D5B252D34735D3A20E8
:104F9000005B5741524E5D5B252D34735D3A200016
:104FA0005B494E464F5D5B252D34735D3A20005BB7
:104FB000444247205D5B252D34735D3A200020205C
:104FC000202020202020202020202020001B5B30BB
:104FD0006D0064656661756C74000000000000007F
:104FE0000000000021B5040885B504080000000099
:104FF000000000000000000000000000513804081C
:10500000513804085138040851380408A78B0408A3
:105010000DB604080D7F0408177F040811B60408B4
:10502000553204085B320408673204086B32040806
:1050300071320408773204087B3204082F002E2FC7
:105040006D6265642D6F732F706C6174666F726D25
:105050002F736F757263652F46696C655061746854
:105060002E637070006C656E20213D203000772B20
:105070000053747265616D206F626A206661696CAD
:1050800075726500000000000000000000000000D4
:105090000000000051380408513804085138040851
:1050A00051380408A78B04080DB604080D7F0408C6
:1050B000177F040811B60408553204085B3204084F
:1050C000673204086B32040871320408773204082E
:1050D0007B320408FCFFFFFF00000000000000001E
:1050E00000000000000000000000000000000000C0
:1050F0000000000023B70408F3B6040855B70408FD
:10510000EFB60408EFB60408EFB6040859B7040870
:105110005DB7040859B70408553204085B32040827
:10512000673204086B3204087132040877320408CD
:105130007B32040851380408513804087D320408D1
:105140007F320408FCFFFFFF0000000000000000A9
:10515000000000002E2F6D6265642D6F732F706C40
:105160006174666F726D2F736F757263652F5379FB
:105170007354696D65722E63707000215F7469638A
:105180006B696E6700215F7469636B696E672026C7
:105190002620215F77616B655F74696D655F73655C
:1051A0007400000000000000000000008DBA040838
:1051B0000A52252D34643A202530386C58000A53A1
:1051C000502020203A202530386C580A4C5220209C
:1051D000203A202530386C580A50432020203A20AD
:1051E0002530386C580A78505352203A20253038F0
:1051F0006C580A50535020203A202530386C580AF9
:105200004D535020203A202530386C58000A435026
:105210005549443A202530386C58000A48465352C4
:10522000203A202530386C580A4D4D4653523A20CA
:105230002530386C580A42465352203A20253038DF
:105240006C580A55465352203A202530386C580A7B
:1052500044465352203A202530386C580A41465370
:1052600052203A202530386C58000A4D4D464152A4
:105270003A202530386C58000A42464152203A20E4
:105280002530386C58000A4D6F6465203A20546808
:1052900072656164000A50726976203A2055736520
:1052A00072000A50726976203A2050726976696CF1
:1052B00065676564000A4D6F6465203A2048616E39
:1052C000646C6572000A537461636B3A20505350EA
:1052D000000A537461636B3A204D5350000A2B2B24
:1052E000204D6265644F53204661756C742048619F
:1052F0006E646C6572202B2B0A0A4661756C7454BF
:105300007970653A20004D656D4D616E6167654647
:1053100061756C74004275734661756C74005573E9
:105320006167654661756C740048617264466175B9
:105330006C74000A0A436F6E746578743A000A0A46
:105340002D2D204D6265644F53204661756C74208D
:1053500048616E646C6572202D2D0A0A00466175E5
:105360006C7420657863657074696F6E002E2E2EE4
:105370000A002E2F6D6265642D6F732F706C61743F
:10538000666F726D2F736F757263652F6D626564E2
:105390005F637269746963616C2E63006372697420
:1053A0006963616C5F73656374696F6E5F72656575
:1053B0006E7472616E63795F636F756E746572206F
:1053C0003C2055494E5433325F4D4158003C756E78
:1053D0006E616D65643E00203C68616E646C657250
:1053E0003E000A0A2B2B204D6265644F5320457204
:1053F000726F7220496E666F202B2B0A4572726F96
:1054000072205374617475733A20307825582043A4
:105410006F64653A202564204D6F64756C653A2091
:1054200025640A4572726F72204D657373616765FA
:105430003A20004B65726E656C204572726F723A4D
:10544000203078256C582C20005468726561643ACD
:10545000203078256C582C20004D757465783A20E2
:105460003078256C582C200053656D6170686F7220
:10547000653A203078256C582C20004D656D6F7290
:1054800079506F6F6C3A203078256C582C2000458D
:1054900076656E74466C6167733A203078256C5877
:1054A0002C200054696D65723A203078256C582C98
:1054B00020004D65737361676551756575653A20A8
:1054C0003078256C582C2000417373657274696FB5
:1054D0006E206661696C65643A20000A4C6F6361F6
:1054E00074696F6E3A203078256C58000A46696CF2
:1054F000653A20002B2564000A4572726F722056AF
:10550000616C75653A203078256C58000A437572D5
:1055100072656E74205468726561643A2025732543
:10552000732049643A203078256C5820456E747297
:10553000793A203078256C5820537461636B536935
:105540007A653A203078256C5820537461636B4D2E
:10555000656D3A203078256C582053503A203078C9
:10556000256C5820000A466F72206D6F72652069A5
:105570006E666F2C2076697369743A206874747053
:10558000733A2F2F6D6265642E636F6D2F732F65D5
:1055900072726F723F6572726F723D30782530386B
:1055A00058266F737665723D256C6426636F72654D
:1055B0003D30782530386C5826636F6D703D25641A
:1055C000267665723D256C75267467743D504F5282
:1055D00054454E54415F48375F4D37000A2D2D200A
:1055E0004D6265644F53204572726F7220496E663A
:1055F0006F202D2D0A00466174616C2052756E2D4E
:1056000074696D65206572726F72004465657053D0
:105610006C6565704C6F636B206F766572666C6F3E
:105620007720283E20307846464646290044656566
:1056300070536C6565704C6F636B20756E6465723A
:10564000666C6F7720283C203029004578636570B0
:1056500074696F6E002E2F6D6265642D6F732F70ED
:105660006C6174666F726D2F736F757263652F6DE9
:105670006265645F72657461726765742E637070D1
:10568000002867756172642026204358415F4755A2
:105690004152445F4D41534B29203D3D203000286D
:1056A00067756172642026204358415F4755415217
:1056B000445F4D41534B29203D3D204358415F47B6
:1056C000554152445F494E49545F494E5F50524FD5
:1056D0004752455353004572726F72202D207772E6
:1056E0006974696E6720746F20612066696C65203B
:1056F000696E20616E20495352206F722063726977
:10570000746963616C2073656374696F6E0D0A0060
:105710000D004572726F72202D2072656164696E92
:10572000672066726F6D20612066696C6520696E06
:1057300020616E20495352206F7220637269746930
:1057400063616C2073656374696F6E0D0A004F703E
:10575000657261746F72206E6577206F7574206F4B
:1057600066206D656D6F72790D0A00000000000003
:10577000000000004DC7040885CD0408C9C704080F
:1057800075C7040839C7040849C70408A78B04086B
:1057900045C704080D7F0408177F04083FC70408A5
:1057A000553204085B320408673204086B3204087F
:1057B0007132040899C704087B320408FFFFFFFF19
:1057C00009000000FFFFFFFF0A000000FFFFFFFFCE
:1057D000000000002F737464657272002F7374648C
:1057E000696E002F7374646F7574002E2F6D62657F
:1057F000642D6F732F706C6174666F726D2F736F91
:10580000757263652F6D6265645F73746174732E66
:105810006300737461747320213D204E554C4C001D
:105820002E2F6D6265642D6F732F72746F732F73DB
:105830006F757263652F4576656E74466C6167732C
:105840002E637070005F6964006170706C696361E1
:1058500074696F6E5F756E6E616D65645F657665A8
:105860006E745F666C616773006170706C69636110
:1058700074696F6E5F756E6E616D65645F6D757472
:105880006578002E2F6D6265642D6F732F72746FB3
:10589000732F736F757263652F4D757465782E6302
:1058A0007070005F6964207C7C206D6265645F6756
:1058B00065745F6572726F725F696E5F70726F6739
:1058C000726573732829004D75746578206C6F6359
:1058D0006B206661696C6564004D75746578207530
:1058E0006E6C6F636B206661696C6564002E2F6D52
:1058F0006265642D6F732F72746F732F736F75727F
:1059000063652F53656D6170686F72652E6370708B
:10591000005F696420213D206E756C6C70747200AC
:1059200053656D6170686F7265206163717569722E
:1059300065206661696C6564002E2F6D6265642D5B
:105940006F732F72746F732F736F757263652F543B
:105950006869735468726561642E637070002866AC
:105960006C616773203D3D206F73466C61677345C2
:1059700072726F7254696D656F757420262620727D
:10598000656C5F74696D6520213D20776169745F86
:10599000666F725F7533325F666F72657665722906
:1059A000207C7C2028666C616773203D3D206F73EE
:1059B000466C6167734572726F725265736F757270
:1059C00063652026262072656C5F74696D65203DD5
:1059D0003D2072656C5F74696D652E7A65726F2803
:1059E0002929006170706C69636174696F6E5F75FD
:1059F0006E6E616D65645F7468726561640000005D
:105A00000000000000000000C1D30408FDD304081A
:105A1000515350494600496E76616C696420534683
:105A2000445020636F6D6D616E64206164647265C3
:105A300073732073697A653A2030782530325800C4
:105A40005F717370695F636F6E6669677572655FBA
:105A5000666F726D6174206661696C656400536580
:105A60006E64696E672053464450207265616420FD
:105A7000696E737472756374696F6E004E6F206522
:105A80007261736520747970652077617320666F29
:105A9000756E6420666F7220726567696F6E206133
:105AA00064647200515350492047656E65726963A2
:105AB00020636F6D6D616E64202D2055706461747C
:105AC000696E6720342D6279746520616464726543
:105AD0007373696E6720657874656E6465642061B0
:105AE000646472657373207265676973746572208C
:105AF0006661696C65640053656E64696E67204712
:105B0000656E6572696320636F6D6D616E643A20C6
:105B100025780052656164696E67205374617475FD
:105B200073205265676973746572206661696C657C
:105B300064005F69735F6D656D5F72656164792094
:105B400046414C53453A20737461747573207661F5
:105B50006C7565203D203078257820004465766995
:105B60006365206E6F742072656164792C207365A3
:105B7000745F77726974655F656E61626C652066DB
:105B800061696C65640053656E64696E6720575285
:105B9000454E20636F6D6D616E64204641494C45F2
:105BA0004400446576696365206E6F742072656198
:105BB00064792C207772697465206661696C65640C
:105BC0000052656164696E67205374617475732057
:105BD00052656769737465722031206661696C650E
:105BE00064005F7365745F77726974655F656E6189
:105BF000626C65206661696C6564202D2073746138
:105C000074757320726567697374657220312076CC
:105C1000616C75653A202575005772697465206559
:105C20006E61626C65206661696C656400417474C4
:105C3000656D7074656420746F2075736520342DF4
:105C4000627974652061646472657373206275742F
:105C500020342D62797465206164647265737369A0
:105C60006E67206973206E6F7420737570706F7229
:105C700074656400515350492052656164202D20A1
:105C80005570646174696E6720342D627974652083
:105C900061646472657373696E6720657874656E9C
:105CA00064656420616464726573732072656769FA
:105CB00073746572206661696C6564005153504964
:105CC0002052656164206661696C6564005265619B
:105CD0006420436F6D6D616E64206661696C6564FC
:105CE0000051535049205772697465202D2055701A
:105CF000646174696E6720342D6279746520616413
:105D00006472657373696E6720657874656E646527
:105D1000642061646472657373207265676973746B
:105D20006572206661696C65640051535049205763
:105D300072697465206661696C65640051535049ED
:105D4000204572617365202D205570646174696E01
:105D50006720342D627974652061646472657373A1
:105D6000696E6720657874656E646564206164643B
:105D700072657373207265676973746572206661FA
:105D8000696C656400515350492045726173652008
:105D90006661696C656400577269746520456E615F
:105DA0006265206661696C65640044657669636557
:105DB000206E6F742072656164792061667465720B
:105DC0002077726974652C206661696C6564004592
:105DD00072617365206578636565647320666C61C4
:105DE0007368206465766963652073697A65004924
:105DF0006E76616C6964206572617365202D207513
:105E00006E616C69676E656420616464726573734A
:105E100020616E642073697A6500696E7465726EC4
:105E2000616C206572726F723A206164647265738E
:105E30007320256C6C75206E6F7420616C69676EC1
:105E4000656420746F2065726173652073697A657B
:105E50002025752028747970652025642900515308
:105E600050492045726173652044657669636520F9
:105E70006E6F74207265616479202D206661696C93
:105E80006564005153504920457261736520636F0A
:105E90006D6D616E64206661696C656421005153AB
:105EA00050492041667465722045726173652044D3
:105EB0006576696365206E6F742072656164792010
:105EC0002D206661696C6564005F736664705F7342
:105ED00065745F7170695F656E61626C6564202DC9
:105EE0002073656E6420636F6D6D616E642033385E
:105EF00068204661696C6564005F736664705F73F7
:105F000065745F7170695F656E61626C6564202D98
:105F10002073656E6420636F6D6D616E6420333530
:105F200068204661696C6564005F736664705F73C6
:105F300065745F7170695F656E61626C6564202D68
:105F40002073657420636F6E6669672062697420D0
:105F50003620636F6D6D616E642036356820466152
:105F6000696C6564005F736664705F7365745F710C
:105F700070695F656E61626C6564202D2073656E6B
:105F80006420636F6D6D616E6420373168204661F7
:105F9000696C6564005F736664705F7365745F71DC
:105FA00070695F656E61626C6564202D2073656E3B
:105FB0006420636F6D6D616E6420363568204661C4
:105FC000696C6564005F736664705F7365745F71AC
:105FD00070695F656E61626C6564202D2073656E0B
:105FE0006420636F6D6D616E642036312046616997
:105FF0006C6564005F736664705F7365745F717075
:10600000695F656E61626C6564202D20556E7375E5
:1060100070706F7274656420456E20536571203412
:10602000343420636F6E66696775726174696F6E70
:1060300000526561642056656E646F722049442089
:106040004661696C6564004661696C656420746FC3
:106050002064657465726D696E6520736F66742067
:1060600072657365742073657175656E63652E2046
:10607000496620796F75722064657669636520686A
:1060800061732061206C65676163792053464450D9
:10609000207461626C652C20706C65617365206D85
:1060A000616E75616C6C792073657420656E6162D8
:1060B0006C652D616E642D7265736574206F72203E
:1060C0006469726563742D72657365742E0044652E
:1060D00076696365206E6F742072656164792C2027
:1060E0007265736574206661696C656400526561F0
:1060F00064696E67205374617475732052656769B3
:10610000737465722032206661696C656400577231
:1061100069746520456E61626C65206661696C65B5
:10612000640057726974696E672053746174757383
:1061300020526567697374657273206661696C6566
:1061400064002E2F6D6265642D6F732F73746F72F0
:106150006167652F626C6F636B6465766963652F39
:10616000434F4D504F4E454E545F51535049462F6B
:10617000736F757263652F5153504946426C6F635C
:106180006B4465766963652E637070005F6E756D34
:106190005F7374617475735F726567697374657238
:1061A00073203D3D20320057726974696E67205339
:1061B00074617475732052656769737465722031F8
:1061C000206661696C65640057726974696E672046
:1061D00053746174757320526567697374657220B6
:1061E00032206661696C656400556E737570706FFE
:1061F000727465642051455220636F6E66696775DD
:10620000726174696F6E0053746174757320726586
:10621000676973746572206E6F7420736574206390
:106220006F72726563746C7900446576696365208A
:106230006E6F742072656164792C20636C65617285
:10624000696E6720626C6F636B2070726F74656338
:1062500074696F6E206661696C656400476C6F627B
:10626000616C20626C6F636B2070726F7465637415
:10627000696F6E20756E6C6F636B206661696C650B
:1062800064005F636C6561725F626C6F636B5F700B
:10629000726F74656374696F6E202D20537461741E
:1062A00075732072656769737465722072656164C5
:1062B000206661696C6564005F5F636C6561725F35
:1062C000626C6F636B5F70726F74656374696F6E1D
:1062D000202D20537461747573207265676973741F
:1062E0006572207772697465206661696C65640007
:1062F0005F6E756D5F7374617475735F72656769E6
:106300007374657273203D3D20330052656164698A
:106310006E6720436F6E66696720526567697374A4
:106320006572206661696C65640066617374206DD6
:106330006F646520656E61626C65202D20577269FF
:1063400074696E6720436F6E66696720526567697E
:1063500073746572206661696C6564005665726964
:106360006679696E6720436F6E666967205265675C
:106370006973746572206661696C6564005153507D
:106380004946426C6F636B44657669636520776943
:106390007468207468652073616D65206373656C33
:1063A0002825642920616C726561647920657869AB
:1063B00073747300546F6F206D616E792064696629
:1063C000666572656E74205153504946426C6F6326
:1063D0006B446576696365206465766963657320DF
:1063E0002D206D617820616C6C6F7765643A202593
:1063F000640057726974652044697361626C65203A
:106400006661696C656400496E6974202D2052656F
:10641000616420534644502046697273742054616D
:10642000626C65204661696C6564005665726966D8
:10643000792034627974652061646472657373696C
:106440006E67206661696C65640044657465637499
:10645000696E67206465766963652064656E73693B
:106460007479206661696C656400496E6974202DD9
:1064700020446574656374696E6720726573657422
:106480002070726F746F636F6C2F726573657474B4
:10649000696E67206661696C656400496E69742085
:1064A0002D20446574656374696E6720657261733D
:1064B0006520747970657320696E73747275637486
:1064C000696F6E732F73697A6573206661696C6595
:1064D000640044657669636520737570706F7274CB
:1064E000732051756164206275732C20627574206D
:1064F0005175616420456E61626C65204661696C0E
:10650000656400496E6974202D2044657465637468
:10651000696E672F656E61626C696E6720342D62EB
:106520007974652061646472657373696E6720664F
:1065300061696C656400496E6974202D205F697320
:106540005F6D656D5F7265616479204661696C6538
:10655000640051535049205365742046726571752B
:10656000656E6379204661696C656400496E697483
:10657000202D20436F756C64206E6F7420726561EE
:10658000642076656E646F7220696400496E697478
:10659000202D205061727365205346445020486579
:1065A0006164657273204661696C656400496E6957
:1065B00074202D20506172736520426173696320DD
:1065C000506172616D205461626C65204661696C36
:1065D000656400496E6974202D20506172736520D6
:1065E000536563746F72204D6170205461626C65F5
:1065F000204661696C656400496E6974202D2063D2
:106600006C656172696E6720626C6F636B2070727B
:106610006F74656374696F6E206661696C65640090
:1066200007EE0408D11D0408CF1D04080000000077
:106630000000000000000000691D04088D1D040812
:1066400021EC0408D9E804088919040865DA04086B
:106650005DDB040859DC04088D19040805D504081D
:1066600005D504080BD5040835D6040823D504083D
:106670001DD50408D11A04080B1A04086B1A040863
:1066800015D504082E2F6D6265642D6F732F7374FA
:106690006F726167652F626C6F636B6465766963A7
:1066A000652F736F757263652F534644502E637068
:1066B00070006E756C6C70747220213D206465737F
:1066C00063726970746F720053464450005665726D
:1066D0006966792053464450207369676E6174750A
:1066E000726520616E642076657273696F6E2046F4
:1066F00061696C656400506172616D6574657220DA
:106700006865616465723A204D616A6F72205665F2
:106710007273696F6E206D7573742062652031210C
:1067200000506172616D65746572206865616465B1
:10673000723A20536563746F72204D61700050612E
:1067400072616D65746572206865616465723A2076
:10675000342D6279746520416464726573732049D5
:106760006E737472756374696F6E00554E53555035
:10677000504F525445443A506172616D6574657270
:10678000206865616465723A205265706C61792099
:1067900050726F746563746564204D6F6E6F746FB3
:1067A0006E696320436F756E7465727300554E5346
:1067B0005550504F525445443A506172616D657462
:1067C0006572206865616465723A20655874656E0B
:1067D0006465642053657269616C205065726970EC
:1067E000686572616C20496E7465726661636520CC
:1067F0002878535049292050726F66696C652031A2
:106800002E3000554E535550504F525445443A5037
:106810006172616D65746572206865616465723A64
:1068200020655874656E6465642053657269616C97
:10683000205065726970686572616C20496E74657C
:106840007266616365202878535049292050726F21
:1068500066696C6520322E300041646573746F2068
:1068600068656164657200554E535550504F5254DF
:1068700045443A506172616D657465722068656166
:106880006465723A2053434352204D617020666F15
:106890007220535049204D656D6F727920446576A2
:1068A0006963657300554E535550504F52544544DB
:1068B0003A506172616D65746572206865616465E6
:1068C000723A2053434352204D6170204F666673E5
:1068D00065747320666F72204D756C74692D436802
:1068E000697020535049204D656D6F727920446561
:1068F000766963657300554E535550504F52544559
:10690000443A506172616D657465722068656164B6
:1069100065723A2053434352204D617020666F7276
:1069200020785350492050726F66696C6520322E72
:1069300030204D656D6F72792044657669636573AB
:1069400000554E535550504F525445443A50617281
:10695000616D65746572206865616465723A204393
:106960006F6D6D616E642053657175656E636573DF
:1069700020746F204368616E676520746F204F63D9
:1069800074616C20444452202838442D38442D38FA
:106990004429206D6F646500554E535550504F5239
:1069A0005445443A506172616D6574657220686542
:1069B000616465723A207834205175616420494FD2
:1069C000207769746820445300554E535550504FFA
:1069D000525445443A506172616D65746572206825
:1069E00065616465723A20436F6D6D616E6420531A
:1069F000657175656E63657320746F204368616EA1
:106A0000676520746F2051756164204444522028CA
:106A100034532D34442D344429206D6F6465005067
:106A20006172616D65746572206865616465723A52
:106A30002076656E646F7220737065636966696342
:106A4000206865616465722E20506172616D6574A5
:106A50006572204944204C53423A203078256868BA
:106A6000583B204D53423A20307825686858004CF6
:106A7000656761637920346B206572617365206995
:106A80006E737472756374696F6E206E6F742073A9
:106A90007570706F72746564004E6F2065726173FB
:106AA0006520747970652077617320666F756E64F8
:106AB00020666F722063757272656E7420726567EE
:106AC000696F6E20616464720044656E73697479E5
:106AD00020626974733A20256C75202C20646576D9
:106AE0006963652073697A653A20256C6C7520624C
:106AF000797465730052657472696576696E672092
:106B00005346445020486561646572206661696C33
:106B100065640052657472696576696E67206120EC
:106B2000706172616D65746572206865616465721B
:106B3000202564206661696C6564004661696C6546
:106B40006420746F20616C6C6F63617465206D6587
:106B50006D6F727900536563746F72204D61703A86
:106B6000205461626C652072657472696576616C2F
:106B7000206661696C656400536563746F72204DB3
:106B800061703A20496E636F6D706C657465206347
:106B90006F6E66696775726174696F6E2064657483
:106BA000656374696F6E20636F6D6D616E642064E0
:106BB000657363726970746F727300536563746F89
:106BC00072204D61703A20436F6E6669677572611D
:106BD00074696F6E20646574656374696F6E206399
:106BE0006F6D6D616E64206661696C6564004661FD
:106BF000696C656420746F206465746563742073C8
:106C00006563746F72206D617020636F6E66696773
:106C100075726174696F6E00536563746F72204D95
:106C200061703A20496E636F6D706C657465207396
:106C30006563746F72206D6170206465736372693F
:106C400070746F727300536563746F72204D61705E
:106C50003A20496E636F6D706C657465207365636F
:106C6000746F72206D6170206465736372697074F3
:106C70006F722061742074686520656E64206F6691
:106C800020746865207461626C6500536563746F7D
:106C900072204D61703A204661696C656420746FA2
:106CA0002066696E64206120736563746F72206D65
:106CB00061702074686174206D617463686573200D
:106CC0007468652063757272656E7420636F6E669A
:106CD000696775726174696F6E004661696C65649D
:106CE00020746F206C6F636174652061206D617426
:106CF0006368696E6720736563746F72206D61707D
:106D000000536563746F72204D61703A2053757043
:106D1000706F7274696E6720757020746F202564BF
:106D200020726567696F6E732C2063757272656E71
:106D30007420736574757020746F202564207265EB
:106D400067696F6E73202D206661696C0001808019
:106D50008080808080048080808080808008808027
:106D600080808080801080808080808080208080F3
:106D700080808080804000040810204002040810B9
:106D80002040010002000400060008000A000C0078
:106D900010002000400080000001000000000102FF
:106DA00003040102030406070809000001000E069F
:106DB00005000E0602000E0600000E0602000E067A
:106DC000000000000000000000200240C303040097
:106DD0000008000000200240C3030000000900007A
:106DE00000210240C3030000010000000020024017
:106DF000C34304000108000000200240C343000018
:106E00000109000000210240C3430000020000000D
:106E100000200240C3830300020100000021024061
:106E2000C38303000300000000200240C3C303002B
:106E30000301000000210240C3C30300040000005E
:106E400000200240C383040004010000002102402E
:106E5000C38304000500000000200240C3C30400F7
:106E60000501000000210240C3C304000600000029
:106E700000200240C3C300000601000000210240C0
:106E8000C3C300000700000000200240C3C301008C
:106E90000701000000210240C3C3010010000000F0
:106EA00000200240C3430200100100000021024004
:106EB000C34302001100000000200240C343010050
:106EC0001101000000210240C34301002000000026
:106ED00000200240C3830200200100000021024084
:106EE000C38302002002000000600258C383020036
:106EF0002100000000200240C3C302002101000065
:106F000000210240C3C302002102000000600258B9
:106F1000C3C302002200000000200240C30303009C
:106F20002201000000210240C303030022020000EE
:106F300000600258C30303002208000000600258EA
:106F4000C30300002300000000200240C3430300ED
:106F50002301000000210240C34303002308000076
:106F600000600258C34300002400000000200240DB
:106F7000C30301002401000000210240C3030100FB
:106F80002500000000200240C3030200250100008C
:106F900000210240C30302005300000000600258B9
:106FA000C34301005400000000600258C3430200C4
:106FB0005500000000600258C303010056000000A5
:106FC00000600258C303020057000000006002582E
:106FD000C3C300005800000000600258C3C3010092
:106FE0005900000000600258C38300005A000000EE
:106FF00000600258C38301005B00000000200240D3
:10700000C38300005C00000000200240C383010035
:107010005D00000000210240C38300005E0000000C
:1070200000210240C383010072000000006002588A
:10703000C34303007300000000600258C3830300D1
:107040007400000000600258C3C303007500000014
:1070500000600258C3030400FFFF0000FFFFFFFFB2
:1070600000000000F000000000600258C38304002C
:10707000F100000000600258C3C30400F2000000E9
:1070800000600258C3430400FFFF0000FFFFFFFF42
:107090000000000008000000005C0040CA1300006F
:1070A0001600000000540040CA1300001601000042
:1070B000001C0058CA1B00001800000000540040CB
:1070C000CA13000018010000001C0058CA1B000071
:1070D0001A00000000580040CA1300003C000000E5
:1070E000001C0058CA130000510000000058004066
:1070F000CA1300005E000000001C0058CA13000004
:107100007400000000580040CA130000770000001F
:10711000005C0040CA1300007B000000001C005807
:10712000CA130000FFFF0000FFFFFFFF0000000088
:107130001700000000540040CA13000017010000AF
:10714000001C0058CA1B0000190000000054004039
:10715000CA13000019010000001C0058CA1B0000DF
:107160001B00000000580040CA1300002900000066
:10717000005C0040CA1300003D000000001C0058E5
:10718000CA1300005000000000580040CA1300005D
:107190005F000000001C0058CA13000075000000CA
:1071A00000580040CA13000078000000005C004056
:1071B000CA1300007C000000001C0058CA13000025
:1071C000FFFF0000FFFFFFFF00000000290000009C
:1071D00000500052D22700003B0000000050005237
:1071E000D22700005800000000500052D22B0000AF
:1071F000FFFF0000FFFFFFFF000000002A0000006B
:1072000000500052D22700003C0000000050005205
:10721000D22700005900000000500052D22B00007D
:10722000FFFF0000FFFFFFFF000000004200000022
:1072300000500052D22700005700000000500052BA
:10724000D2270000FFFF0000FFFFFFFF000000004B
:107250000100000000500052D22700003D00000055
:1072600000500052D227000056000000005000528B
:10727000D2270000FFFF0000FFFFFFFF000000001B
:107280001200000000500052D22700005A000000F7
:1072900000500052D2270000FFFF0000FFFFFFFF59
:1072A000000000001600000000500052D22B000029
:1072B0001A00000000500052D227000066000000B3
:1072C00000500052D22B0000FFFF0000FFFFFFFF25
:1072D000000000000000000000440040D21F000039
:1072E0000B00000000100140D21F00000B01000045
:1072F000000C0058D20F000010000000004C0040AD
:10730000D22300001D00000000480040D21F0000F2
:107310001F000000004C0040D223000029000000A4
:1073200000500040D2230000330000000044004021
:10733000D21F00003B00000000480040D21F0000A8
:107340003E000000007C0040D22300004A00000004
:1073500000780040D21F0000590000000078004073
:10736000D21F00006D00000000140140D21F000079
:107370006F00000000140140D21F0000FFFF00005A
:10738000FFFFFFFF0000000001000000004400407C
:10739000D21F00000C00000000100140D21F0000AE
:1073A0000C010000000C0058D20F00000F0000007C
:1073B000004C0040D22300001E00000000480040A6
:1073C000D21F00001E010000004C0040D22300002C
:1073D0002800000000500040D223000034000000CC
:1073E00000440040D21F00003C0000000048004064
:1073F000D21F00003F000000007C0040D2230000AC
:107400004900000000780040D21F00005800000032
:1074100000780040D21F0000680000000014014006
:10742000D21F00006C00000000140140D21F0000B9
:10743000FFFF0000FFFFFFFF000000000100000051
:10744000004C0040D2230000030000000044004034
:10745000D21F00000800000000780040D22F00007A
:107460000A00000000100140D21F00000A010000C5
:10747000000C0058D20F00000B000000004C004030
:10748000D21B00001300000000780040D22F000043
:107490001500000000500040D23B00001700000023
:1074A00000100140D21F000017010000000C00581E
:1074B000D223000018000000004C0040D22300003E
:1074C0001B00000000480040D21F00001C0000000C
:1074D00000500040D23B00001F000000001001409F
:1074E000D21300002700000000140140D21F00004A
:1074F0002B00000000480040D21F00002B010000BC
:10750000004C0040D223000030000000004C00403E
:10751000D22300003200000000500040D2230000BF
:107520003600000000440040D21F00003900000077
:1075300000480040D21F000040000000007C0040D6
:10754000D22300004700000000780040D21F000056
:107550005600000000780040D21F000069000000C3
:1075600000140140D21F00007E000000004C0040CB
:10757000D223000089000000004C0040D22300000C
:1075800099000000007C0040D2230000FFFF0000B3
:10759000FFFFFFFF0000000000000000004C004063
:1075A000D22300000200000000440040D21F00006F
:1075B0000900000000100140D21F00000901000076
:1075C000000C0058D20F00000C000000004C0040DE
:1075D000D21B00000F00000000780040D22F0000F6
:1075E0001400000000780040D22F000016000000B8
:1075F00000100140D21F00001601000000500040A2
:10760000D23B000016020000000C0058D2230000FC
:1076100019000000004C0040D22300001A000000B6
:1076200000480040D21F00001D0000000050004034
:10763000D23B00001E00000000100140D2130000E9
:107640002600000000140140D21F00002A000000A4
:1076500000480040D21F00002A010000004C0040FA
:10766000D22300002C00000000500040D223000074
:1076700031000000004C0040D22300003500000023
:1076800000440040D21F00003800000000480040C5
:10769000D21F000041000000007C0040D223000007
:1076A0004800000000780040D21F00005700000092
:1076B00000780040D21F00006E000000001401405E
:1076C000D21F00007D000000004C0040D2230000CB
:1076D00098000000007C0040D2230000FFFF000063
:1076E000FFFFFFFF000000000B000000000008404B
:1076F000D22B00000C00000000000840D22B00003C
:10770000FFFF0000FFFFFFFF00000000030000007C
:1077100000000440D22B00000500000000000440DF
:10772000D22B00001000000000000440D22B00000B
:107730001100000000000440D22B000015000000E2
:1077400000000440D22B00001A000000000004409A
:10775000D22B00001B00000000000440D22B0000D0
:107760001C00000000000440D22B00001D0000009F
:1077700000000440D22B0000200000000000044064
:10778000D22B00007400000000000440D22B000047
:107790008B00000000000440D22B0000FFFF00001F
:1077A000FFFFFFFF00000000536574537973436CC3
:1077B0006F636B206661696C65640A00616E616C61
:1077C0006F67696E5F696E69742048414C5F524310
:1077D0004345785F506572697068434C4B436F6EE8
:1077E000666967002E2F6D6265642D6F732F74615B
:1077F00072676574732F5441524745545F53544D1B
:107800002F5441524745545F53544D333248372F1C
:10781000616E616C6F67696E5F6465766963652E22
:1078200063006F626A2D3E68616E646C652E496EFE
:107830007374616E636520213D20284144435F5489
:10784000797065446566202A294E430066756E632B
:1078500074696F6E20213D202875696E7433325F24
:1078600074294E4300616E616C6F67696E5F696E6B
:1078700069742048414C5F4144435F496E6974001C
:1078800048414C5F41444345785F4D756C74694D88
:107890006F6465436F6E6669674368616E6E656CA1
:1078A0002048414C5F4144435F496E697400484140
:1078B0004C5F4144435F436F6E6669674368616E26
:1078C0006E656C2069737375650048414C5F414477
:1078D000435F537461727420697373756500484126
:1078E0004C5F4144435F53746F70206973737565D7
:1078F000004932433132333A20496E76616C696413
:1079000020636C6F636B20736F757263650049321F
:1079100043343A20496E76616C696420636C6F630E
:107920006B20736F75726365004932433A20756E40
:107930006B6E6F776E20696E7374616E6365002E77
:107940002F6D6265642D6F732F7461726765747338
:107950002F5441524745545F53544D2F5441524781
:1079600045545F53544D333248372F736572696104
:107970006C5F6465766963652E6300756172745F20
:1079800072747320213D2028554152544E616D651B
:10799000294E4300756172745F63747320213D202A
:1079A00028554152544E616D65294E43002E2F6D6E
:1079B0006265642D6F732F746172676574732F54E1
:1079C00041524745545F53544D2F555342506879A7
:1079D0005F53544D33322E63707000687063642EB1
:1079E000494E5F65705B305D2E6D61787061636BD1
:1079F0006574203E3D2073697A6500726574203D90
:107A00003D2048414C5F4F4B0072657420213D2062
:107A100048414C5F42555359006C656E203E3D20F5
:107A20006D61785F7061636B657400000002000037
:107A3000000200000002000000020000000200003E
:107A4000FF0300000000000000000000537605085E
:107A50008B76050889790508457905085576050866
:107A60007D780508A978050851760508517605083E
:107A7000597605085F76050881770508517605086F
:107A8000657605086D7605089B760508A1770508DB
:107A9000BF7605081177050871760508C97B0508CA
:107AA00041770508FD77050821780508D97705088D
:107AB000CB7605084578050861770508DD78050867
:107AC00000100000310000003C0000003C000000FD
:107AD0003F0000003F0000003F0000003F000000AA
:107AE0000000000000000000000000000000000096
:107AF0000000000000000000000000000000000086
:107B00000000000050696E6D6170206572726F72C6
:107B10003A2077726F6E6720706F7274206E756D89
:107B20006265722E002E2F6D6265642D6F732F7447
:107B30006172676574732F5441524745545F5354C3
:107B40004D2F6770696F5F6170692E630070696E99
:107B500020213D202850696E4E616D65294E4300FD
:107B60002E2F6D6265642D6F732F7461726765745B
:107B7000732F5441524745545F53544D2F6932631C
:107B80005F6170692E630028687A203D3D203130A6
:107B90003030303029207C7C2028687A203D3D2000
:107BA00034303030303029207C7C2028687A203DE9
:107BB0003D2031303030303030290068616E646CE7
:107BC000652D3E496E69742E54696D696E6720217A
:107BD0003D2030006F626A5F732D3E693263202161
:107BE0003D20284932434E616D65294E4300000017
:107BF000A086010080380100C0D401000000000010
:107C00007A0D0000FA0000005C120000A00F0000D6
:107C1000800200001400000000000000801A06002E
:107C200000E204000053070000000000840300008D
:107C3000640000001405000058020000FA00000073
:107C4000640000000000000040420F0000350C00FE
:107C5000804F120000000000C2010000320000004E
:107C6000F4010000040100003C000000640000007A
:107C70000000000048414C5F5243435F4F73634331
:107C80006F6E666967204552524F520A0048414C58
:107C90005F52434345785F506572697068434C4B4F
:107CA000436F6E666967204552524F520A00484141
:107CB0004C5F4C5054494D5F496E69742045525297
:107CC0004F520A000080000010000000007D0000FC
:107CD000100000002E2F6D6265642D6F732F74618C
:107CE00072676574732F5441524745545F53544D26
:107CF0002F70696E6D61702E63000000000000003F
:107D0000000000010100000000000002220000004D
:107D1000000000042300000000000008FFFF000036
:107D2000000000000100000002000000040000004C
:107D300008000000100000002000000040000000CB
:107D400080000000000100000002000000040000AC
:107D500000080000001000000020000000400000AB
:107D600000800000436F6D6D616E64207061726110
:107D70006D206572726F723A2077726F6E67206144
:107D80006464726573732073697A650A00496E765C
:107D9000616C696420616C7420627974657320730E
:107DA000697A650043616E6E6F7420696E697469EB
:107DB000616C697A65205541525420776974682056
:107DC0006261756420726174652025750A005061D6
:107DD00072697479206973206E6F74207375707086
:107DE0006F72746564207769746820392D626974D4
:107DF000206461746120666F726D6174004F6E6CF7
:107E00007920372C2038206F7220392D6269742038
:107E10006461746120666F726D6174732061726554
:107E200020737570706F72746564004572726F7242
:107E30003A206E65772073657269616C206F626AA3
:107E4000656374206973207573696E672073616D53
:107E500065205541525420617320535444494F00CA
:107E60002E2F6D6265642D6F732F74617267657458
:107E7000732F5441524745545F53544D2F736572CD
:107E800069616C5F6170692E63006F626A5F732D58
:107E90003E7561727420213D2028554152544E6137
:107EA0006D65294E43006F626A5F732D3E696E6493
:107EB0006578203E3D203000466F7263654F7363E6
:107EC0004F75746F6644656570536C6565702063AB
:107ED0006C6F636B2069737375650D0A00466F7272
:107EE00063655065726970684F75746F6644656547
:107EF00070536C65657020636C6F636B206973737E
:107F000075650D0A00524E4720636C6F636B2063EA
:107F10006F6E66696775726174696F6E20657272E3
:107F20006F720A0074726E675F696E69743A2048F6
:107F3000414C5F524E475F496E69740A0000000071
:107F400040420F0020000000000000007374643AFB
:107F50003A6261645F657863657074696F6E000092
:107F6000B0800608847F0608B0800608A47F060853
:107F70003C800608C87F06087C7F0608B08006089B
:107F8000DC7F06084E31305F5F6378786162697626
:107F90003131355F5F666F726365645F756E7769F7
:107FA0006E6445004E31305F5F6378786162697658
:107FB0003131395F5F666F726569676E5F657863DF
:107FC000657074696F6E4500537431336261645F2C
:107FD000657863657074696F6E000000537439656D
:107FE0007863657074696F6E000000000000000027
:107FF000707F06080DB2050819B2050811B2050810
:108000003C8006080C800608788006084E31305FF8
:108010005F637878616269763132305F5F73695F80
:10802000636C6173735F747970655F696E666F45C9
:1080300000000000000000000080060895B305085D
:10804000A9B30508B1B40508B1B40508B1B5050870
:10805000E1B4050881B4050801B40508C5B30508F5
:10806000B080060868800608537439747970655FBB
:10807000696E666F000000003C8006088480060878
:10808000608006084E31305F5F63787861626976A0
:108090003131375F5F636C6173735F747970655FF3
:1080A000696E666F450000000000000078800608D9
:1080B00025B5050839B50508B1B40508B1B40508FA
:1080C000B1B50508E1B4050899B5050855B5050829
:1080D00019B5050800202020202020202020282855
:1080E0002828282020202020202020202020202078
:1080F00020202020208810101010101010101010B8
:1081000010101010100404040404040404040410E7
:108110001010101010104141414141410101010175
:10812000010101010101010101010101010101013F
:10813000101010101010424242424242020202024B
:10814000020202020202020202020202020202020F
:1081500010101010200000000000000000000000BF
:10816000000000000000000000000000000000000F
:1081700000000000000000000000000000000000FF
:1081800000000000000000000000000000000000EF
:1081900000000000000000000000000000000000DF
:1081A00000000000000000000000000000000000CF
:1081B00000000000000000000000000000000000BF
:1081C00000000000000000000000000000000000AF
:1081D0000000000000000000980E00244300000092
:1081E000504F5349580000002E0000000A000000C4
:1081F000494E4600696E66004E414E006E616E004B
:1082000030313233343536373839414243444546CC
:10821000000000003031323334353637383961628E
:108220006364656600000000286E756C6C290000B0
:10823000300000002020202020202020202020208E
:10824000202020203030303030303030303030306E
:1082500030303030202020202020202020202020DE
:10826000202020203030303030303030303030304E
:1082700030303030496E66696E69747900000000F4
:108280004E614E00000000000080E03779C341439A
:10829000176E05B5B5B89346F5F93FE9034F384D6C
:1082A000321D30F94877825A3CBF737FDD4F157518
:1082B000000000000000F03F00000000000024402B
:1082C00000000000000059400000000000408F4006
:1082D000000000000088C34000000000006AF84071
:1082E0000000000080842E4100000000D012634195
:1082F0000000000084D797410000000065CDCD410B
:10830000000000205FA00242000000E876483742EB
:10831000000000A2941A6D42000040E59C30A24289
:108320000000901EC4BCD64200003426F56B0C43FE
:108330000080E03779C3414300A0D88557347643A5
:1083400000C84E676DC1AB43003D9160E458E14306
:10835000408CB5781DAF154450EFE2D6E41A4B447B
:1083600092D54D06CFF08044F64AE1C7022DB544C0
:10837000B49DD9794378EA44050000001900000053
:088380007D0000000000000078
:10838800C9010181B0B0AC8300000000F923FF7F70
:10839800C950B201B0B0AD81FFFF015F121E0000ED
:1083A8003204E20800420400005614E208006E0499
:1083B800B40800840110E208009A0104C40800A26D
:1083C8000104B20100AC0104B60100BC0104BC0800
:1083D8000080021AE208009C0222E00800D6020E81
:1083E800DE0800E80204CE08008003AE05E20800BB
:1083F800CA08040000EE082EE20800008923FF7F67
:10840800B0A90600FFFF010932048A01004E4600A8
:108418000000000008B10181B0B000840000000035
:108428006523FF7FB0B0A800FFFF01005923FF7F3D
:10843800B0B0A800FFFF01004D23FF7F843F020179
:10844800B0B0B000FFFF010C0A04000022043200A3
:10845800380400003123FF7FA908B100FFFF0100A5
:108468002523FF7FB0B0A800FFFF010008B10181FC
:10847800B0B000840000000008B10181B0B00084F1
:10848800000000000123FF7FB0AA0500FFFF0116CE
:108498001614000036048C0100500400007404987F
:1084A80001007C1C0000000008B10181B0B000840C
:1084B8000000000008B10181B0B000840000000095
:1084C800C522FF7FB0B0A800FFFF0100B922FF7FDF
:1084D800B0A80300FFFF010C040C000014143600C0
:1084E8003C040000A122FF7F8408B101B0B0B000B5
:1084F800FFFF01081E0436003C0400008922FF7FAC
:10850800B0B0A800FFFF01007D22FF7FB0B0AC0033
:10851800FFFF01141E04000024045A002E04580012
:10852800360A4200540400005D22FF7FB0A809000B
:10853800FFFF010C060A00001C163C004204000064
:108548004522FF7FB0AA0D00FFFF010C0A0A0000B8
:108558002A164200480400002D22FF7FB0AD10000B
:10856800FFFF010C0E1A000042165A0060040000BA
:1085780008B10181B0B00084000000000922FF7F2B
:10858800B0AB0A00FFFF0121060A0000280492018F
:1085980000320400005A049C0100640400008C01AD
:1085A800049E0100980120000000000008B101812C
:1085B800B0B000840000000008B10181B0B00084B0
:1085C80000000000C121FF7FB0AD0200FFFF0114D1
:1085D8000C2000003004C201009E0104A40100BE6A
:1085E8000104000008B10181B0B00084000000005F
:1085F8009521FF7FB0AC0700FFFF0129081000009C
:108608002E28E60100600400007C04D201008601E7
:1086180004D00100980104B20100AC0104EE01008D
:10862800CC0114000000000008B10181B0B0008442
:108638000000000008B10181B0B000840000000013
:1086480008B10181B0B000840000000008B10181C8
:10865800B0B000840000000008B10181B0B000840F
:10866800000000002121FF7FB0B0AA00FFFF010C2D
:108678000A040000101426002C04000008B101812F
:10868800B0B0008400000000FD20FF7FB0B0AA0059
:10869800FFFF010C0438000042047E006E1C00003D
:1086A800E520FF7FB0B0AC00FFFF010C08260000FA
:1086B8003C047E00503A0000CD20FF7FB0A908009E
:1086C800FFFF010C082800003E0400005A100000BB
:1086D800B520FF7FB0AC0100FFFF010C08240000AB
:1086E800400472007A04000008B10181B0B000842F
:1086F800000000009120FF7FB0AF1800FF101901A3
:108708001124A6070000EE0704D80901BA08A80139
:1087180000000100000000006D20FF7FB0AF0400E2
:10872800FF101D0112200436012A042E017646BCD2
:108738000100C40104000001000000000000000066
:108748004520FF7FA908B100FFFF01003920FF7F06
:108758008408B101B0B0B000FF1019010C0206087E
:10876800010C0410051C0A000001007F00007D00B8
:10877800000000000000000008B10181B0B00084D2
:108788000000000008B10181B0B0008400000000C2
:1087980008B10181B0B000840000000008B1018177
:0887A800B0B0008400000000E5
:1087B000287BFD7F01000000947BFD7FAD08B18028
:1087C000E07BFD7FA908B180F27BFD7F0100000006
:1087D0003884FD7FB0AC1180B084FD7F01000000C3
:1087E0004C86FD7FA908B1800887FD7F9CFBFF7F39
:1087F000B48AFD7FB0AF0280388CFD7F010000009D
:108800005C8CFD7FB0B0A880808CFD7F88FBFF7FF3
:108810007891FD7F010000009C91FD7FB0AE038048
:10882000EA91FD7FB0FD84804292FD7FB0B0AC80C4
:10883000A092FD7FB0FD8480F892FD7F01000000D2
:108840000093FD7FC0FBFF7FB093FD7FB0B0A88099
:10885000D493FD7FC8FBFF7F0094FD7FCCFBFF7F9F
:108860000494FD7FD0FBFF7F1C94FD7FD4FBFF7F32
:108870005094FD7FB0B0AA80DC94FD7F0100000021
:10888000E894FD7FD8FBFF7F0495FD7F0100000089
:108890004E95FD7FD4FBFF7F5295FD7F01000000C8
:1088A0004E95FD7FB0B0AA809295FD7FB0B0A880B4
:1088B000A295FD7F01000000D095FD7FB0A801804A
:1088C0003496FD7FB0FBFF7F5896FD7FB0B0AA8045
:1088D0006C96FD7FB0B0B0806C96FD7FB0A8018033
:1088E000A896FD7FB0B0AC80DA96FD7FB0B0B080C6
:1088F000D896FD7FB0B0AA802097FD7FA93F028067
:108900009097FD7FA908B180A497FD7FB0B0B0809B
:10891000A497FD7FB0B0A880C497FD7FA908B1805F
:10892000EA97FD7FB0B0B080E897FD7FB0B0A88037
:108930001C98FD7FA908B1805898FD7FB0B0B08029
:108940005898FD7FB0B0A880A498FD7F010000007A
:10895000D498FD7F2CFBFF7FD898FD7F010000009D
:108960002099FD7F28FBFF7FBC99FD7F44FBFF7FA3
:10897000BC99FD7F48FBFF7FBC99FD7F0100000093
:108980008C9AFD7FB0B0A8809A9AFD7FA908B1802B
:10899000AC9AFD7F01000000AC9AFD7F2CFBFF7FAD
:1089A000C09AFD7F01000000CE9AFD7FB0AB02802F
:1089B000069BFD7FB0B0AA805A9BFD7FAB08B180BB
:1089C0007C9BFD7FB0AA0580049CFD7F0100000018
:1089D000289CFD7FA908B1805C9CFD7F0100000000
:1089E000809CFD7FB0B0A8809C9CFD7FB0AC0380D4
:1089F000149DFD7FB0AA0180389DFD7FB0B0A88096
:108A00006E9DFD7FD0FAFF7FA69DFD7FB0B0A88050
:108A1000B09DFD7FD8FAFF7FF89DFD7FB0B0A880A4
:108A2000209EFD7F01000000A89FFD7FD8FAFF7FF8
:108A3000D09FFD7F010000005CA0FD7FA908B180F0
:108A4000DCA0FD7FB0AC01805EA1FD7FB0B0A8804E
:108A500098A1FD7FB0B0AA80E8A1FD7F01000000D1
:108A6000E8A1FD7FACFAFF7F48A2FD7FB0B0AA80ED
:108A7000E8A2FD7FB0B0A880F4A2FD7FA908B18074
:108A800008A3FD7FAB08B18070A3FD7FA4FAFF7F30
:108A9000B8A3FD7FB4FAFF7F14A4FD7FB0B0A88017
:108AA0003CA4FD7FAD08B18096A4FD7FB0AB0480EF
:108AB000DCA4FD7FACFAFF7F54A5FD7FB0B0A88099
:108AC00076A5FD7F01000000BEA5FD7FB0A9028054
:108AD00014A6FD7F0100000042A6FD7F9CFAFF7FE7
:108AE00048A6FD7F0100000090A6FD7F98FAFF7F59
:108AF00054A7FD7FC0FAFF7F54A7FD7FC4FAFF7F14
:108B000054A7FD7F010000007EA7FD7FB0B0B080BC
:108B10007CA7FD7F010000007CA7FD7FB0B0A8808E
:108B200084A7FD7FB0B0B08084A7FD7FA908B18085
:108B3000BCA7FD7F00840280D4A7FD7FB0B0B080C9
:108B4000D4A7FD7F00840280EEA7FD7FB0B0B08087
:108B5000EEA7FD7FAD08B18020A8FD7F01000000D9
:108B60004CA8FD7FA908B1806EA8FD7F0100000020
:108B7000F0A8FD7F58FAFF7FB8A9FD7FA908B18052
:108B8000CAA9FD7F01000000D4A9FD7FB0B0A88074
:108B9000FCA9FD7FAB08B18024AAFD7F0100000085
:108BA0006AAAFD7F48FAFF7F70AAFD7F01000000DE
:108BB000B8AAFD7F44FAFF7FB4ABFD7FB0B0B080B0
:108BC000B4ABFD7F01000000B0ABFD7F64FAFF7F16
:108BD000B0ABFD7F68FAFF7FB0ABFD7F6CFAFF7F23
:108BE000B0ABFD7F0100000010ACFD7FB0A8078096
:108BF00060ACFD7F60FAFF7F5EACFD7FB0AF0480AC
:108C0000C0ADFD7F0100000050AEFD7F54FAFF7F34
:108C100050AEFD7F010000005CAEFD7FA908B18071
:108C20007CAEFD7FB0AA0980AEAEFD7FB0B0AC8057
:108C3000EAAEFD7FA908B180F6AEFD7F010000001D
:108C400010AFFD7FAA82C98028B0FD7F010000001F
:108C500024B0FD7FB0B0A88048B0FD7F10FAFF7F40
:108C600078B0FD7F0100000004B3FD7FB0B0A880A4
:108C700034B3FD7FB0B0AA8054B3FD7FB0B0A880FC
:108C800068B3FD7F0100000078B3FD7F008402809F
:108C9000ACB3FD7F01000000A8B3FD7FE8F9FF7FC2
:108CA000BCB3FD7F01000000F4B3FD7FE4F9FF7F5A
:108CB00088B4FD7FB0B0AA80A0B4FD7FECF9FF7F3F
:108CC0002CB5FD7FFCF9FF7F98B5FD7F0CFAFF7F87
:108CD0001CB6FD7FB0A9088070B6FD7F01000000C2
:108CE0002019FF7FAB08B180D819FF7F04FAFF7FFE
:108CF000081AFF7FAB08B180941AFF7F00FAFF7F4C
:108D0000701FFF7F01000000C41FFF7F14FAFF7F68
:108D10009820FF7F34FAFF7F1021FF7F01000000C1
:108D2000A021FF7F30FAFF7FC021FF7F01000000FC
:108D3000CC21FF7F4CFAFF7FCC21FF7F50FAFF7FD1
:108D4000D821FF7F01000000FC21FF7FB0AB028033
:108D5000A422FF7F010000007023FF7FB0B0A88035
:108D6000AC23FF7F01000000FC23FF7FAB08B18034
:108D70002C24FF7FB0B0A8809424FF7F0100000066
:108D80000027FF7FB0B0AC802427FF7F01000000E8
:108D90005027FF7FB0AA03808027FF7F01000000DB
:108DA000742CFF7FB0A90280102DFF7FB0B0A88087
:108DB000602DFF7F010000006C2DFF7FB0B0AA8006
:108DC000A42DFF7FAE71B280642EFF7F01000000F2
:108DD000602EFF7FAB3F3880B82EFF7F0100000080
:108DE000C42EFF7FB0B0AA80002FFF7F01000000DB
:108DF000A42FFF7FAB0EB2800C30FF7FB0AF088096
:108E0000D832FF7F01000000DC32FF7FAC3F0380DF
:108E10005435FF7F010000003037FF7F008404805D
:108E20004437FF7F010000004037FF7FB0AD048072
:108E3000FC39FF7FB0A803801C3AFF7F5CF9FF7FFD
:108E4000203AFF7F60F9FF7F2C3AFF7F010000008E
:108E50000000000000F00108000800000000000011
:108E600001080000000000002208000000000000CF
:108E700023080000000000002201000000000000A4
:108E800023010000000000000400000000000000BA
:108E900006000000000000007F000000000000004D
:108EA0000000000000000000A10000000000000021
:108EB00000000000000000009B0000000000000017
:108EC000000000000000000067000000000000003B
:108ED000000000000000000027000000000000006B
:108EE000000000000000000026000000000000005C
:108EF000000000000000000008000000000000006A
:108F000000000000000000008000000000000000E1
:108F1000000000000000000023000000000000002E
:108F200000000000000000008100000000000000C0
:108F3000000000000000000022000000000000000F
:108F400000000000000000007800000000000000A9
:108F5000000000000000000077000000000000009A
:108F600000000000000000000A00000000000000F7
:108F700000000000000000000900000000000000E8
:108F800000000000000000000008000000000000D9
:108F900000000000000000000108000000000000C8
:108FA0000000000000000000220800000000000097
:108FB0000000000000000000230800000000000086
:108FC000000000000000000022010000000000007E
:108FD000000000000000000023010000000000006D
:108FE000000000000000000004000000000000007D
:108FF000000000000000000006000000000000006B
:109000000000000000000000A500000000000000BB
:109010000000000000000000A600000000000000AA
:109020000000000000000000A70000000000000099
:109030000000000000000000000000000000000030
:10904000000000000000000001000000000000001F
:10905000000000000000000002000000000000000E
:1090600000000000000000000300000000000000FD
:1090700000000000000000000400000000000000EC
:1090800000000000000000000500000000000000DB
:1090900000000000000000000600000000000000CA
:1090A00000000000000000000700000000000000B9
:1090B00000000000000000000800000000000000A8
:1090C0000000000000000000090000000000000097
:1090D00000000000000000000A0000000000000086
:1090E00000000000000000000B0000000000000075
:1090F00000000000000000000C0000000000000064
:1091000000000000000000000D0000000000000052
:1091100000000000000000000E0000000000000041
:1091200000000000000000000F0000000000000030
:10913000000000000000000010000000000000001F
:10914000000000000000000011000000000000000E
:1091500000000000000000001200000000000000FD
:1091600000000000000000001300000000000000EC
:1091700000000000000000001400000000000000DB
:1091800000000000000000001500000000000000CA
:1091900000000000000000001600000000000000B9
:1091A00000000000000000001700000000000000A8
:1091B0000000000000000000180000000000000097
:1091C0000000000000000000190000000000000086
:1091D00000000000000000001A0000000000000075
:1091E00000000000000000001B0000000000000064
:1091F00000000000000000001C0000000000000053
:1092000000000000000000001D0000000000000041
:1092100000000000000000001E0000000000000030
:1092200000000000000000001F000000000000001F
:10923000000000000000000020000000000000000E
:1092400000000000000000002100000000000000FD
:1092500000000000000000002200000000000000EC
:1092600000000000000000002300000000000000DB
:1092700000000000000000002400000000000000CA
:1092800000000000000000002500000000000000B9
:1092900000000000000000002600000000000000A8
:1092A0000000000000000000270000000000000097
:1092B0000000000000000000280000000000000086
:1092C0000000000000000000290000000000000075
:1092D00000000000000000002A0000000000000064
:1092E00000000000000000002B0000000000000053
:1092F00000000000000000002C0000000000000042
:1093000000000000000000002D0000000000000030
:1093100000000000000000002E000000000000001F
:1093200000000000000000002F000000000000000E
:1093300000000000000000003000000000000000FD
:1093400000000000000000003100000000000000EC
:1093500000000000000000003200000000000000DB
:1093600000000000000000003300000000000000CA
:1093700000000000000000003400000000000000B9
:1093800000000000000000003500000000000000A8
:109390000000000000000000360000000000000097
:1093A0000000000000000000370000000000000086
:1093B0000000000000000000380000000000000075
:1093C0000000000000000000390000000000000064
:1093D00000000000000000003A0000000000000053
:1093E00000000000000000003B0000000000000042
:1093F00000000000000000003C0000000000000031
:1094000000000000000000003D000000000000001F
:1094100000000000000000003E000000000000000E
:1094200000000000000000003F00000000000000FD
:1094300000000000000000004000000000000000EC
:1094400000000000000000004100000000000000DB
:1094500000000000000000004200000000000000CA
:1094600000000000000000004300000000000000B9
:1094700000000000000000004400000000000000A8
:109480000000000000000000450000000000000097
:109490000000000000000000460000000000000086
:1094A0000000000000000000470000000000000075
:1094B0000000000000000000480000000000000064
:1094C0000000000000000000490000000000000053
:1094D00000000000000000004A0000000000000042
:1094E00000000000000000004B0000000000000031
:1094F00000000000000000004C0000000000000020
:1095000000000000000000004D000000000000000E
:1095100000000000000000004E00000000000000FD
:1095200000000000000000004F00000000000000EC
:1095300000000000000000005000000000000000DB
:1095400000000000000000005100000000000000CA
:1095500000000000000000005200000000000000B9
:1095600000000000000000005300000000000000A8
:109570000000000000000000540000000000000097
:109580000000000000000000550000000000000086
:109590000000000000000000560000000000000075
:1095A0000000000000000000570000000000000064
:1095B0000000000000000000580000000000000053
:1095C0000000000000000000590000000000000042
:1095D00000000000000000005A0000000000000031
:1095E00000000000000000005B0000000000000020
:1095F00000000000000000005C000000000000000F
:1096000000000000000000005D00000000000000FD
:1096100000000000000000005E00000000000000EC
:1096200000000000000000005F00000000000000DB
:1096300000000000000000006000000000000000CA
:1096400000000000000000006100000000000000B9
:1096500000000000000000006200000000000000A8
:109660000000000000000000630000000000000097
:109670000000000000000000640000000000000086
:109680000000000000000000650000000000000075
:109690000000000000000000660000000000000064
:1096A0000000000000000000670000000000000053
:1096B0000000000000000000680000000000000042
:1096C0000000000000000000690000000000000031
:1096D00000000000000000006A0000000000000020
:1096E00000000000000000006B000000000000000F
:1096F00000000000000000006C00000000000000FE
:1097000000000000000000006D00000000000000EC
:1097100000000000000000006E00000000000000DB
:1097200000000000000000006F00000000000000CA
:1097300000000000000000007000000000000000B9
:1097400000000000000000007100000000000000A8
:109750000000000000000000720000000000000097
:109760000000000000000000730000000000000086
:109770000000000000000000740000000000000075
:109780000000000000000000750000000000000064
:109790000000000000000000760000000000000053
:1097A0000000000000000000770000000000000042
:1097B0000000000000000000780000000000000031
:1097C0000000000000000000790000000000000020
:1097D00000000000000000007A000000000000000F
:1097E00000000000000000007B00000000000000FE
:1097F00000000000000000007C00000000000000ED
:1098000000000000000000007D00000000000000DB
:1098100000000000000000007E00000000000000CA
:1098200000000000000000007F00000000000000B9
:1098300000000000000000008000000000000000A8
:109840000000000000000000810000000000000097
:109850000000000000000000820000000000000086
:109860000000000000000000830000000000000075
:109870000000000000000000840000000000000064
:109880000000000000000000850000000000000053
:109890000000000000000000860000000000000042
:1098A0000000000000000000870000000000000031
:1098B0000000000000000000880000000000000020
:1098C000000000000000000089000000000000000F
:1098D00000000000000000008A00000000000000FE
:1098E00000000000000000008B00000000000000ED
:1098F00000000000000000008C00000000000000DC
:1099000000000000000000008D00000000000000CA
:1099100000000000000000008E00000000000000B9
:1099200000000000000000008F00000000000000A8
:109930000000000000000000900000000000000097
:109940000000000000000000910000000000000086
:109950000000000000000000920000000000000075
:109960000000000000000000930000000000000064
:109970000000000000000000940000000000000053
:109980000000000000000000950000000000000042
:109990000000000000000000960000000000000031
:1099A0000000000000000000970000000000000020
:1099B000000000000000000098000000000000000F
:1099C00000000000000000009900000000000000FE
:1099D00000000000000000009A00000000000000ED
:1099E00000000000000000009B00000000000000DC
:1099F00000000000000000009C00000000000000CB
:109A000000000000000000009D00000000000000B9
:109A100000000000000000009E00000000000000A8
:109A200000000000000000009F0000000000000097
:109A30000000000000000000A00000000000000086
:109A40000000000000000000A10000000000000075
:109A50000000000000000000A20000000000000064
:109A60000000000000000000A30000000000000053
:109A70000000000000000000A40000000000000042
:109A80000000000000000000A50000000000000031
:109A90000000000000000000A60000000000000020
:109AA0000000000000000000A7000000000000000F
:109AB0000000000000000000010000000A0000009B
:109AC0006C400608D3B3FB02000000000000000059
:109AD0000000000000000000000000000000000086
:109AE0000000000000000000000000000000000076
:109AF0000000000000000000000000000000000066
:109B00000000000000000000000000000000000055
:109B10000000000000000000000000000000000045
:109B20000000000000000000000000000000000035
:109B30000000000000000000000000000000000025
:109B40000000000000000000000000000000000015
:109B50000000000000000000000000000000000005
:109B600000000000656904080D750408B170040860
:109B7000E9740408C5740408B570040887B00408C3
:109B800087B004087F000000000000000000000013
:109B900018000000000000000004000000000000A9
:109BA0008000000000000000000000000000000035
:109BB0001DB20408000000000000000000000000CA
:109BC00000000000FFFFFFFFFFFFFFFFFFFFFFFFA1
:109BD0000000000000000000000000000000000085
:109BE0000000000000000000000000000000000075
:109BF0000000000000000000000000000000000065
:109C00000000000000000000000000000000000054
:109C10000000000000000000000000000000000044
:109C20000000000000000000000000000000000034
:109C30000000000000000000000000000000000024
:109C40000000000000000000000000000000000014
:109C50000000000000000000000000000000000004
:109C600000000000000000000000000000000000F4
:109C700000000000000000000000000000000000E4
:109C800000000000000000000000000000000000D4
:109C900000000000000000000000000000000000C4
:109CA00000000000000000000000000000000000B4
:109CB00000000000000000000000000000000000A4
:109CC0000000000018FB002401000000100000004C
:109CD0000090D0030090D003010000001DC80408CC
:109CE000E9AE0508980E002400000000841100244D
:109CF000EC110024541200240000000000000000B9
:109D00000000000000000000000000000000000053
:109D10000000000000000000000000000000000043
:109D20000000000000000000000000000000000033
:109D30000000000000000000000000000000000023
:109D40000000000000000000000000000000000013
:109D50000000000000000000000000000000000003
:109D600000000000000000000000000000000000F3
:109D700000000000000000000000000000000000E3
:109D800000000000000000000000000000000000D3
:109D900001000000000000000E33CDAB34126DE670
:109DA000ECDE05000B0000000000000000000000D9
:109DB00000000000000000000000000000000000A3
:109DC0000000000000000000000000000000000093
:109DD0000000000000000000000000000000000083
:109DE0000000000000000000000000000000000073
:109DF0000000000000000000000000000000000063
:109E00000000000000000000000000000000000052
:109E10000000000000000000000000000000000042
:109E20000000000000000000000000000000000032
:109E30000000000000000000000000000000000022
:109E40000000000000000000000000000000000012
:109E50000000000000000000000000000000000002
:109E600000000000000000000000000000000000F2
:109E700000000000000000000000000000000000E2
:109E800000000000000000000000000000000000D2
:109E900000000000000000000000000000000000C2
:109EA00000000000000000000000000000000000B2
:109EB00000000000000000000000000000000000A2
:109EC0000000000000000000000000000000000092
:109ED0000000000000000000000000000000000082
:109EE0000000000000000000000000000000000072
:109EF0000000000000000000000000000000000062
:109F00000000000000000000000000000000000051
:109F10000000000000000000000000000000000041
:109F20000000000000000000000000000000000031
:109F30000000000000000000000000000000000021
:109F40000000000000000000000000000000000011
:109F50000000000000000000000000000000000001
:109F600000000000000000000000000000000000F1
:109F700000000000000000000000000000000000E1
:109F800000000000000000000000000000000000D1
:109F900000000000000000000000000000000000C1
:109FA00000000000000000000000000000000000B1
:109FB00000000000000000000000000000000000A1
:109FC0000000000000000000000000000000000091
:109FD0000000000000000000000000000000000081
:109FE0000000000000000000000000000000000071
:109FF0000000000000000000000000000000000061
:10A000000000000000000000000000000000000050
:10A010000000000000000000000000000000000040
:10A020000000000000000000000000000000000030
:10A030000000000000000000000000000000000020
:10A040000000000000000000000000000000000010
:10A050000000000000000000000000000000000000
:10A0600000000000000000000000000000000000F0
:10A0700000000000000000000000000000000000E0
:10A0800000000000000000000000000000000000D0
:10A0900000000000000000000000000000000000C0
:10A0A00000000000000000000000000000000000B0
:10A0B00000000000000000000000000000000000A0
:10A0C0000000000000000000000000000000000090
:10A0D0000000000000000000000000000000000080
:10A0E0000000000000000000000000000000000070
:10A0F0000000000000000000000000000000000060
:10A10000000000000000000000000000000000004F
:10A1100043000000000000000000000000000000FC
:10A12000000000000000000000000000000000002F
:10A1300043000000000000000000000000000000DC
:10A14000000000000000000000000000000000000F
:10A1500043000000000000000000000000000000BC
:10A1600000000000000000000000000000000000EF
:10A17000430000000000000000000000000000009C
:10A1800000000000000000000000000000000000CF
:10A19000430000000000000000000000000000007C
:10A1A00000000000000000000000000000000000AF
:10A1B000430000000000000000000000000000005C
:10A1C000000000000000000000000000000000008F
:10A1D000430000000000000000000000000000003C
:10A1E000000000000000000000000000000000006F
:10A1F000751E06083DDE050800000000D480060834
:10A20000E8810608108206081082060810820608F7
:10A2100010820608108206081082060810820608BE
:10A220001082060810820608FFFFFFFFFFFFFFFFF6
:10A23000FFFFFFFFFFFF00000100415343494900BA
:10A24000000000000000000000000000000000000E
:10A250000000000000000000000041534349490095
:10A2600000000000000000000000000000000000EE
:10A2700000000000000000000000000000000000DE
:10A28000000000002C1400242C140024341400249A
:10A29000341400243C1400243C14002444140024EE
:10A2A000441400244C1400244C140024541400249E
:10A2B000541400245C1400245C140024641400244E
:10A2C000641400246C1400246C14002474140024FE
:10A2D000741400247C1400247C14002484140024AE
:10A2E000841400248C1400248C140024941400245E
:10A2F000941400249C1400249C140024A41400240E
:10A30000A4140024AC140024AC140024B4140024BD
:10A31000B4140024BC140024BC140024C41400246D
:10A32000C4140024CC140024CC140024D41400241D
:10A33000D4140024DC140024DC140024E4140024CD
:10A34000E4140024EC140024EC140024F41400247D
:10A35000F4140024FC140024FC140024041500242C
:10A36000041500240C1500240C15002414150024D9
:10A37000141500241C1500241C1500242415002489
:10A38000241500242C1500242C1500243415002439
:10A39000341500243C1500243C15002444150024E9
:10A3A000441500244C1500244C1500245415002499
:10A3B000541500245C1500245C1500246415002449
:10A3C000641500246C1500246C15002474150024F9
:10A3D000741500247C1500247C15002484150024A9
:10A3E000841500248C1500248C1500249415002459
:10A3F000941500249C1500249C150024A415002409
:10A40000A4150024AC150024AC150024B4150024B8
:10A41000B4150024BC150024BC150024C415002468
:10A42000C4150024CC150024CC150024D415002418
:10A43000D4150024DC150024DC150024E4150024C8
:10A44000E4150024EC150024EC150024F415002478
:10A45000F4150024FC150024FC1500240416002427
:10A46000041600240C1600240C16002414160024D4
:10A47000141600241C1600241C1600242416002484
:10A48000241600242C1600242C1600243416002434
:10A49000341600243C1600243C16002444160024E4
:10A4A000441600244C1600244C1600245416002494
:10A4B000541600245C1600245C1600246416002444
:10A4C000641600246C1600246C16002474160024F4
:10A4D000741600247C1600247C16002484160024A4
:10A4E000841600248C1600248C1600249416002454
:10A4F000941600249C1600249C160024A416002404
:10A50000A4160024AC160024AC160024B4160024B3
:10A51000B4160024BC160024BC160024C416002463
:10A52000C4160024CC160024CC160024D416002413
:10A53000D4160024DC160024DC160024E4160024C3
:10A54000E4160024EC160024EC160024F416002473
:10A55000F4160024FC160024FC1600240417002422
:10A56000041700240C1700240C17002414170024CF
:10A57000141700241C1700241C170024241700247F
:10A58000241700242C1700242C170024341700242F
:10A59000341700243C1700243C17002444170024DF
:10A5A000441700244C1700244C170024541700248F
:10A5B000541700245C1700245C170024641700243F
:10A5C000641700246C1700246C17002474170024EF
:10A5D000741700247C1700247C170024841700249F
:10A5E000841700248C1700248C170024941700244F
:10A5F000941700249C1700249C170024A4170024FF
:10A60000A4170024AC170024AC170024B4170024AE
:10A61000B4170024BC170024BC170024C41700245E
:10A62000C4170024CC170024CC170024D41700240E
:10A63000D4170024DC170024DC170024E4170024BE
:10A64000E4170024EC170024EC170024F41700246E
:10A65000F4170024FC170024FC170024041800241D
:10A66000041800240C1800240C18002414180024CA
:10A67000141800241C1800241C180024241800247A
:10A6800024180024FFFFFFFF00000200000000006C
:10A69000BD02040831140408352304089137040866
:10A6A000013A04085D400408816A0408B96A040894
:10A6B000816C040829EE04086DB305080000000051
:08A6C0009902040800000000EB
:0400000508056E1D5F
:00000001FF
